Station_ID,AGGECOREGION,ENSO_Phase,Season,RAW_DIS_NEAREST_MAJ_DAM_Binary,SFD_Count,Years_in_Phase,SFD_Frequency
10026500,WestXeric,El_Nino,Summer,Dam_Absent,1,24,0.041666666666666664
10026500,WestXeric,La_Nina,Summer,Dam_Absent,1,15,0.06666666666666667
10028500,WestXeric,El_Nino,Spring,Dam_Absent,3,24,0.125
10028500,WestXeric,El_Nino,Summer,Dam_Absent,1,24,0.041666666666666664
10028500,WestXeric,La_Nina,Summer,Dam_Absent,2,15,0.13333333333333333
10028500,WestXeric,Neutral,Spring,Dam_Absent,1,5,0.2
10028500,WestXeric,Neutral,Summer,Dam_Absent,1,5,0.2
10105900,WestMnts,El_Nino,Fall,Dam_Present,7,24,0.2916666666666667
10105900,WestMnts,El_Nino,Spring,Dam_Present,6,24,0.25
10105900,WestMnts,El_Nino,Summer,Dam_Present,3,24,0.125
10105900,WestMnts,El_Nino,Winter,Dam_Present,7,24,0.2916666666666667
10105900,WestMnts,La_Nina,Fall,Dam_Present,4,15,0.26666666666666666
10105900,WestMnts,La_Nina,Spring,Dam_Present,4,15,0.26666666666666666
10105900,WestMnts,La_Nina,Summer,Dam_Present,6,15,0.4
10105900,WestMnts,La_Nina,Winter,Dam_Present,1,15,0.06666666666666667
10105900,WestMnts,Neutral,Fall,Dam_Present,3,5,0.6
10105900,WestMnts,Neutral,Spring,Dam_Present,2,5,0.4
10105900,WestMnts,Neutral,Summer,Dam_Present,1,5,0.2
1011000,NorthEast,El_Nino,Fall,Dam_Absent,5,24,0.20833333333333334
1011000,NorthEast,El_Nino,Spring,Dam_Absent,8,24,0.3333333333333333
1011000,NorthEast,El_Nino,Summer,Dam_Absent,8,24,0.3333333333333333
1011000,NorthEast,La_Nina,Fall,Dam_Absent,6,15,0.4
1011000,NorthEast,La_Nina,Spring,Dam_Absent,4,15,0.26666666666666666
1011000,NorthEast,La_Nina,Summer,Dam_Absent,6,15,0.4
1011000,NorthEast,La_Nina,Winter,Dam_Absent,3,15,0.2
1011000,NorthEast,Neutral,Fall,Dam_Absent,2,5,0.4
1011000,NorthEast,Neutral,Spring,Dam_Absent,2,5,0.4
1011000,NorthEast,Neutral,Summer,Dam_Absent,1,5,0.2
10126000,WestXeric,El_Nino,Fall,Dam_Absent,9,24,0.375
10126000,WestXeric,El_Nino,Spring,Dam_Absent,7,24,0.2916666666666667
10126000,WestXeric,El_Nino,Summer,Dam_Absent,1,24,0.041666666666666664
10126000,WestXeric,El_Nino,Winter,Dam_Absent,7,24,0.2916666666666667
10126000,WestXeric,La_Nina,Fall,Dam_Absent,6,15,0.4
10126000,WestXeric,La_Nina,Spring,Dam_Absent,5,15,0.3333333333333333
10126000,WestXeric,La_Nina,Summer,Dam_Absent,3,15,0.2
10126000,WestXeric,La_Nina,Winter,Dam_Absent,3,15,0.2
10126000,WestXeric,Neutral,Fall,Dam_Absent,3,5,0.6
10126000,WestXeric,Neutral,Spring,Dam_Absent,1,5,0.2
10126000,WestXeric,Neutral,Winter,Dam_Absent,1,5,0.2
10155500,WestMnts,El_Nino,Fall,Dam_Present,3,24,0.125
10155500,WestMnts,El_Nino,Spring,Dam_Present,11,24,0.4583333333333333
10155500,WestMnts,El_Nino,Summer,Dam_Present,5,24,0.20833333333333334
10155500,WestMnts,El_Nino,Winter,Dam_Present,3,24,0.125
10155500,WestMnts,La_Nina,Spring,Dam_Present,5,15,0.3333333333333333
10155500,WestMnts,La_Nina,Summer,Dam_Present,2,15,0.13333333333333333
10155500,WestMnts,Neutral,Spring,Dam_Present,2,5,0.4
10155500,WestMnts,Neutral,Summer,Dam_Present,1,5,0.2
10155500,WestMnts,Neutral,Winter,Dam_Present,1,5,0.2
1017000,NorthEast,El_Nino,Fall,Dam_Absent,10,24,0.4166666666666667
1017000,NorthEast,El_Nino,Spring,Dam_Absent,9,24,0.375
1017000,NorthEast,El_Nino,Summer,Dam_Absent,5,24,0.20833333333333334
1017000,NorthEast,La_Nina,Fall,Dam_Absent,4,15,0.26666666666666666
1017000,NorthEast,La_Nina,Spring,Dam_Absent,4,15,0.26666666666666666
1017000,NorthEast,La_Nina,Summer,Dam_Absent,7,15,0.4666666666666667
1017000,NorthEast,La_Nina,Winter,Dam_Absent,3,15,0.2
1017000,NorthEast,Neutral,Spring,Dam_Absent,2,5,0.4
1017000,NorthEast,Neutral,Summer,Dam_Absent,1,5,0.2
10171000,WestMnts,El_Nino,Fall,Dam_Absent,8,24,0.3333333333333333
10171000,WestMnts,El_Nino,Spring,Dam_Absent,8,24,0.3333333333333333
10171000,WestMnts,El_Nino,Summer,Dam_Absent,10,24,0.4166666666666667
10171000,WestMnts,El_Nino,Winter,Dam_Absent,7,24,0.2916666666666667
10171000,WestMnts,La_Nina,Fall,Dam_Absent,4,15,0.26666666666666666
10171000,WestMnts,La_Nina,Spring,Dam_Absent,5,15,0.3333333333333333
10171000,WestMnts,La_Nina,Summer,Dam_Absent,4,15,0.26666666666666666
10171000,WestMnts,La_Nina,Winter,Dam_Absent,3,15,0.2
10171000,WestMnts,Neutral,Spring,Dam_Absent,2,5,0.4
10171000,WestMnts,Neutral,Winter,Dam_Absent,1,5,0.2
10180000,WestMnts,El_Nino,Fall,Dam_Absent,2,24,0.08333333333333333
10180000,WestMnts,El_Nino,Summer,Dam_Absent,3,24,0.125
10180000,WestMnts,La_Nina,Fall,Dam_Absent,1,15,0.06666666666666667
10180000,WestMnts,La_Nina,Spring,Dam_Absent,1,15,0.06666666666666667
10180000,WestMnts,Neutral,Winter,Dam_Absent,1,5,0.2
10183500,WestMnts,El_Nino,Fall,Dam_Absent,5,24,0.20833333333333334
10183500,WestMnts,El_Nino,Spring,Dam_Absent,5,24,0.20833333333333334
10183500,WestMnts,El_Nino,Summer,Dam_Absent,6,24,0.25
10183500,WestMnts,El_Nino,Winter,Dam_Absent,5,24,0.20833333333333334
10183500,WestMnts,La_Nina,Fall,Dam_Absent,6,15,0.4
10183500,WestMnts,La_Nina,Spring,Dam_Absent,1,15,0.06666666666666667
10183500,WestMnts,La_Nina,Summer,Dam_Absent,3,15,0.2
10183500,WestMnts,La_Nina,Winter,Dam_Absent,3,15,0.2
10183500,WestMnts,Neutral,Winter,Dam_Absent,1,5,0.2
10189000,WestMnts,El_Nino,Fall,Dam_Present,9,24,0.375
10189000,WestMnts,El_Nino,Spring,Dam_Present,12,24,0.5
10189000,WestMnts,El_Nino,Summer,Dam_Present,9,24,0.375
10189000,WestMnts,El_Nino,Winter,Dam_Present,5,24,0.20833333333333334
10189000,WestMnts,La_Nina,Fall,Dam_Present,4,15,0.26666666666666666
10189000,WestMnts,La_Nina,Spring,Dam_Present,5,15,0.3333333333333333
10189000,WestMnts,La_Nina,Summer,Dam_Present,4,15,0.26666666666666666
10189000,WestMnts,La_Nina,Winter,Dam_Present,3,15,0.2
10189000,WestMnts,Neutral,Fall,Dam_Present,3,5,0.6
10189000,WestMnts,Neutral,Spring,Dam_Present,1,5,0.2
10189000,WestMnts,Neutral,Summer,Dam_Present,1,5,0.2
1019000,NorthEast,El_Nino,Fall,Dam_Present,3,24,0.125
1019000,NorthEast,El_Nino,Spring,Dam_Present,8,24,0.3333333333333333
1019000,NorthEast,El_Nino,Summer,Dam_Present,6,24,0.25
1019000,NorthEast,El_Nino,Winter,Dam_Present,3,24,0.125
1019000,NorthEast,La_Nina,Fall,Dam_Present,8,15,0.5333333333333333
1019000,NorthEast,La_Nina,Spring,Dam_Present,2,15,0.13333333333333333
1019000,NorthEast,La_Nina,Summer,Dam_Present,5,15,0.3333333333333333
1019000,NorthEast,La_Nina,Winter,Dam_Present,1,15,0.06666666666666667
1019000,NorthEast,Neutral,Fall,Dam_Present,1,5,0.2
1019000,NorthEast,Neutral,Summer,Dam_Present,2,5,0.4
10191500,WestMnts,El_Nino,Fall,Dam_Present,3,24,0.125
10191500,WestMnts,El_Nino,Spring,Dam_Present,5,24,0.20833333333333334
10191500,WestMnts,El_Nino,Summer,Dam_Present,10,24,0.4166666666666667
10191500,WestMnts,El_Nino,Winter,Dam_Present,1,24,0.041666666666666664
10191500,WestMnts,La_Nina,Fall,Dam_Present,2,15,0.13333333333333333
10191500,WestMnts,La_Nina,Spring,Dam_Present,2,15,0.13333333333333333
10191500,WestMnts,La_Nina,Summer,Dam_Present,1,15,0.06666666666666667
10191500,WestMnts,Neutral,Spring,Dam_Present,1,5,0.2
10194000,WestMnts,El_Nino,Fall,Dam_Absent,1,24,0.041666666666666664
10194000,WestMnts,El_Nino,Spring,Dam_Absent,3,24,0.125
10194000,WestMnts,El_Nino,Summer,Dam_Absent,3,24,0.125
10194000,WestMnts,El_Nino,Winter,Dam_Absent,1,24,0.041666666666666664
10194000,WestMnts,Neutral,Spring,Dam_Absent,1,5,0.2
10205000,WestMnts,El_Nino,Fall,Dam_Present,3,24,0.125
10205000,WestMnts,El_Nino,Spring,Dam_Present,5,24,0.20833333333333334
10205000,WestMnts,El_Nino,Summer,Dam_Present,3,24,0.125
10205000,WestMnts,El_Nino,Winter,Dam_Present,1,24,0.041666666666666664
10205000,WestMnts,La_Nina,Fall,Dam_Present,2,15,0.13333333333333333
10205000,WestMnts,La_Nina,Spring,Dam_Present,2,15,0.13333333333333333
10205000,WestMnts,La_Nina,Summer,Dam_Present,4,15,0.26666666666666666
10205000,WestMnts,Neutral,Fall,Dam_Present,1,5,0.2
1021200,NorthEast,El_Nino,Fall,Dam_Absent,2,24,0.08333333333333333
1021200,NorthEast,El_Nino,Spring,Dam_Absent,2,24,0.08333333333333333
1021200,NorthEast,El_Nino,Summer,Dam_Absent,4,24,0.16666666666666666
1021200,NorthEast,La_Nina,Fall,Dam_Absent,1,15,0.06666666666666667
1021200,NorthEast,La_Nina,Spring,Dam_Absent,1,15,0.06666666666666667
1021200,NorthEast,La_Nina,Summer,Dam_Absent,4,15,0.26666666666666666
1021200,NorthEast,La_Nina,Winter,Dam_Absent,1,15,0.06666666666666667
1021200,NorthEast,Neutral,Spring,Dam_Absent,3,5,0.6
1021200,NorthEast,Neutral,Summer,Dam_Absent,2,5,0.4
1021500,NorthEast,El_Nino,Spring,Dam_Absent,2,24,0.08333333333333333
1021500,NorthEast,La_Nina,Fall,Dam_Absent,1,15,0.06666666666666667
1021500,NorthEast,La_Nina,Summer,Dam_Absent,3,15,0.2
10217000,WestMnts,El_Nino,Fall,Dam_Absent,4,24,0.16666666666666666
10217000,WestMnts,El_Nino,Spring,Dam_Absent,7,24,0.2916666666666667
10217000,WestMnts,El_Nino,Summer,Dam_Absent,10,24,0.4166666666666667
10217000,WestMnts,El_Nino,Winter,Dam_Absent,11,24,0.4583333333333333
10217000,WestMnts,La_Nina,Fall,Dam_Absent,4,15,0.26666666666666666
10217000,WestMnts,La_Nina,Spring,Dam_Absent,6,15,0.4
10217000,WestMnts,La_Nina,Summer,Dam_Absent,4,15,0.26666666666666666
10217000,WestMnts,La_Nina,Winter,Dam_Absent,1,15,0.06666666666666667
10217000,WestMnts,Neutral,Fall,Dam_Absent,1,5,0.2
10217000,WestMnts,Neutral,Winter,Dam_Absent,1,5,0.2
10219000,WestMnts,El_Nino,Fall,Dam_Present,8,24,0.3333333333333333
10219000,WestMnts,El_Nino,Spring,Dam_Present,8,24,0.3333333333333333
10219000,WestMnts,El_Nino,Summer,Dam_Present,15,24,0.625
10219000,WestMnts,La_Nina,Fall,Dam_Present,6,15,0.4
10219000,WestMnts,La_Nina,Spring,Dam_Present,1,15,0.06666666666666667
10219000,WestMnts,La_Nina,Summer,Dam_Present,7,15,0.4666666666666667
10219000,WestMnts,Neutral,Fall,Dam_Present,1,5,0.2
10219000,WestMnts,Neutral,Summer,Dam_Present,2,5,0.4
10224000,WestMnts,El_Nino,Fall,Dam_Absent,7,24,0.2916666666666667
10224000,WestMnts,El_Nino,Spring,Dam_Absent,9,24,0.375
10224000,WestMnts,El_Nino,Summer,Dam_Absent,12,24,0.5
10224000,WestMnts,El_Nino,Winter,Dam_Absent,6,24,0.25
10224000,WestMnts,La_Nina,Fall,Dam_Absent,6,15,0.4
10224000,WestMnts,La_Nina,Spring,Dam_Absent,4,15,0.26666666666666666
10224000,WestMnts,La_Nina,Summer,Dam_Absent,6,15,0.4
10224000,WestMnts,La_Nina,Winter,Dam_Absent,3,15,0.2
10224000,WestMnts,Neutral,Fall,Dam_Absent,1,5,0.2
10224000,WestMnts,Neutral,Summer,Dam_Absent,1,5,0.2
10234500,WestMnts,El_Nino,Fall,Dam_Present,5,24,0.20833333333333334
10234500,WestMnts,El_Nino,Spring,Dam_Present,8,24,0.3333333333333333
10234500,WestMnts,El_Nino,Winter,Dam_Present,7,24,0.2916666666666667
10234500,WestMnts,La_Nina,Fall,Dam_Present,6,15,0.4
10234500,WestMnts,La_Nina,Spring,Dam_Present,6,15,0.4
10234500,WestMnts,La_Nina,Summer,Dam_Present,2,15,0.13333333333333333
10234500,WestMnts,La_Nina,Winter,Dam_Present,1,15,0.06666666666666667
10234500,WestMnts,Neutral,Fall,Dam_Present,1,5,0.2
10234500,WestMnts,Neutral,Spring,Dam_Present,1,5,0.2
10234500,WestMnts,Neutral,Summer,Dam_Present,2,5,0.4
10237000,WestMnts,El_Nino,Fall,Dam_Absent,1,24,0.041666666666666664
10237000,WestMnts,El_Nino,Spring,Dam_Absent,5,24,0.20833333333333334
10237000,WestMnts,El_Nino,Summer,Dam_Absent,3,24,0.125
10237000,WestMnts,El_Nino,Winter,Dam_Absent,2,24,0.08333333333333333
10237000,WestMnts,La_Nina,Fall,Dam_Absent,2,15,0.13333333333333333
10237000,WestMnts,La_Nina,Spring,Dam_Absent,1,15,0.06666666666666667
10237000,WestMnts,La_Nina,Summer,Dam_Absent,1,15,0.06666666666666667
10239000,WestXeric,El_Nino,Fall,Dam_Present,2,24,0.08333333333333333
10239000,WestXeric,El_Nino,Spring,Dam_Present,4,24,0.16666666666666666
10239000,WestXeric,El_Nino,Summer,Dam_Present,1,24,0.041666666666666664
10239000,WestXeric,El_Nino,Winter,Dam_Present,1,24,0.041666666666666664
10239000,WestXeric,La_Nina,Fall,Dam_Present,2,15,0.13333333333333333
10239000,WestXeric,La_Nina,Summer,Dam_Present,1,15,0.06666666666666667
10251300,WestXeric,El_Nino,Fall,Dam_Absent,1,24,0.041666666666666664
10251300,WestXeric,El_Nino,Spring,Dam_Absent,5,24,0.20833333333333334
10251300,WestXeric,El_Nino,Summer,Dam_Absent,8,24,0.3333333333333333
10251300,WestXeric,El_Nino,Winter,Dam_Absent,2,24,0.08333333333333333
10251300,WestXeric,La_Nina,Fall,Dam_Absent,5,15,0.3333333333333333
10251300,WestXeric,La_Nina,Spring,Dam_Absent,3,15,0.2
10251300,WestXeric,La_Nina,Summer,Dam_Absent,1,15,0.06666666666666667
10251300,WestXeric,La_Nina,Winter,Dam_Absent,4,15,0.26666666666666666
10251300,WestXeric,Neutral,Fall,Dam_Absent,1,5,0.2
10251300,WestXeric,Neutral,Spring,Dam_Absent,1,5,0.2
10251300,WestXeric,Neutral,Winter,Dam_Absent,2,5,0.4
10260500,WestXeric,El_Nino,Fall,Dam_Present,6,24,0.25
10260500,WestXeric,El_Nino,Spring,Dam_Present,3,24,0.125
10260500,WestXeric,El_Nino,Summer,Dam_Present,2,24,0.08333333333333333
10260500,WestXeric,El_Nino,Winter,Dam_Present,5,24,0.20833333333333334
10260500,WestXeric,La_Nina,Fall,Dam_Present,6,15,0.4
10260500,WestXeric,La_Nina,Spring,Dam_Present,2,15,0.13333333333333333
10260500,WestXeric,La_Nina,Summer,Dam_Present,3,15,0.2
10260500,WestXeric,La_Nina,Winter,Dam_Present,4,15,0.26666666666666666
10293000,WestXeric,El_Nino,Fall,Dam_Present,6,24,0.25
10293000,WestXeric,El_Nino,Spring,Dam_Present,9,24,0.375
10293000,WestXeric,El_Nino,Summer,Dam_Present,2,24,0.08333333333333333
10293000,WestXeric,El_Nino,Winter,Dam_Present,7,24,0.2916666666666667
10293000,WestXeric,La_Nina,Fall,Dam_Present,3,15,0.2
10293000,WestXeric,La_Nina,Spring,Dam_Present,3,15,0.2
10293000,WestXeric,La_Nina,Summer,Dam_Present,1,15,0.06666666666666667
10293000,WestXeric,La_Nina,Winter,Dam_Present,6,15,0.4
10293000,WestXeric,Neutral,Spring,Dam_Present,2,5,0.4
10293500,WestXeric,El_Nino,Spring,Dam_Absent,1,24,0.041666666666666664
10293500,WestXeric,El_Nino,Summer,Dam_Absent,1,24,0.041666666666666664
10293500,WestXeric,El_Nino,Winter,Dam_Absent,5,24,0.20833333333333334
10293500,WestXeric,La_Nina,Fall,Dam_Absent,1,15,0.06666666666666667
10293500,WestXeric,La_Nina,Spring,Dam_Absent,3,15,0.2
10293500,WestXeric,La_Nina,Summer,Dam_Absent,1,15,0.06666666666666667
10293500,WestXeric,La_Nina,Winter,Dam_Absent,3,15,0.2
10293500,WestXeric,Neutral,Spring,Dam_Absent,1,5,0.2
10293500,WestXeric,Neutral,Winter,Dam_Absent,2,5,0.4
1029500,NorthEast,El_Nino,Fall,Dam_Absent,5,24,0.20833333333333334
1029500,NorthEast,El_Nino,Spring,Dam_Absent,6,24,0.25
1029500,NorthEast,El_Nino,Summer,Dam_Absent,5,24,0.20833333333333334
1029500,NorthEast,El_Nino,Winter,Dam_Absent,3,24,0.125
1029500,NorthEast,La_Nina,Fall,Dam_Absent,7,15,0.4666666666666667
1029500,NorthEast,La_Nina,Spring,Dam_Absent,5,15,0.3333333333333333
1029500,NorthEast,La_Nina,Summer,Dam_Absent,7,15,0.4666666666666667
1029500,NorthEast,La_Nina,Winter,Dam_Absent,3,15,0.2
1029500,NorthEast,Neutral,Spring,Dam_Absent,1,5,0.2
1030500,NorthEast,El_Nino,Fall,Dam_Absent,7,24,0.2916666666666667
1030500,NorthEast,El_Nino,Spring,Dam_Absent,8,24,0.3333333333333333
1030500,NorthEast,El_Nino,Summer,Dam_Absent,9,24,0.375
1030500,NorthEast,El_Nino,Winter,Dam_Absent,3,24,0.125
1030500,NorthEast,La_Nina,Fall,Dam_Absent,4,15,0.26666666666666666
1030500,NorthEast,La_Nina,Spring,Dam_Absent,6,15,0.4
1030500,NorthEast,La_Nina,Summer,Dam_Absent,6,15,0.4
1030500,NorthEast,La_Nina,Winter,Dam_Absent,3,15,0.2
1030500,NorthEast,Neutral,Fall,Dam_Absent,1,5,0.2
1030500,NorthEast,Neutral,Spring,Dam_Absent,2,5,0.4
1030500,NorthEast,Neutral,Summer,Dam_Absent,2,5,0.4
10321000,WestXeric,El_Nino,Fall,Dam_Absent,5,24,0.20833333333333334
10321000,WestXeric,El_Nino,Spring,Dam_Absent,1,24,0.041666666666666664
10321000,WestXeric,El_Nino,Summer,Dam_Absent,2,24,0.08333333333333333
10321000,WestXeric,El_Nino,Winter,Dam_Absent,4,24,0.16666666666666666
10321000,WestXeric,La_Nina,Fall,Dam_Absent,2,15,0.13333333333333333
10321000,WestXeric,La_Nina,Spring,Dam_Absent,1,15,0.06666666666666667
10321000,WestXeric,La_Nina,Summer,Dam_Absent,1,15,0.06666666666666667
10321000,WestXeric,Neutral,Fall,Dam_Absent,3,5,0.6
10321000,WestXeric,Neutral,Summer,Dam_Absent,1,5,0.2
10322000,WestXeric,El_Nino,Fall,Dam_Present,3,24,0.125
10322000,WestXeric,El_Nino,Spring,Dam_Present,1,24,0.041666666666666664
10322000,WestXeric,El_Nino,Summer,Dam_Present,4,24,0.16666666666666666
10322000,WestXeric,El_Nino,Winter,Dam_Present,2,24,0.08333333333333333
10322000,WestXeric,La_Nina,Fall,Dam_Present,3,15,0.2
10322000,WestXeric,La_Nina,Spring,Dam_Present,1,15,0.06666666666666667
10322000,WestXeric,La_Nina,Summer,Dam_Present,5,15,0.3333333333333333
10322000,WestXeric,La_Nina,Winter,Dam_Present,2,15,0.13333333333333333
10322000,WestXeric,Neutral,Spring,Dam_Present,1,5,0.2
10322000,WestXeric,Neutral,Summer,Dam_Present,1,5,0.2
10327500,WestXeric,El_Nino,Spring,Dam_Absent,2,24,0.08333333333333333
10327500,WestXeric,El_Nino,Winter,Dam_Absent,5,24,0.20833333333333334
10327500,WestXeric,La_Nina,Summer,Dam_Absent,2,15,0.13333333333333333
10327500,WestXeric,La_Nina,Winter,Dam_Absent,2,15,0.13333333333333333
10329000,WestXeric,El_Nino,Fall,Dam_Absent,1,24,0.041666666666666664
10329000,WestXeric,El_Nino,Spring,Dam_Absent,11,24,0.4583333333333333
10329000,WestXeric,El_Nino,Summer,Dam_Absent,5,24,0.20833333333333334
10329000,WestXeric,El_Nino,Winter,Dam_Absent,3,24,0.125
10329000,WestXeric,La_Nina,Fall,Dam_Absent,3,15,0.2
10329000,WestXeric,La_Nina,Spring,Dam_Absent,2,15,0.13333333333333333
10329000,WestXeric,La_Nina,Summer,Dam_Absent,3,15,0.2
10329000,WestXeric,La_Nina,Winter,Dam_Absent,3,15,0.2
10329000,WestXeric,Neutral,Spring,Dam_Absent,3,5,0.6
10329000,WestXeric,Neutral,Summer,Dam_Absent,1,5,0.2
10350400,WestMnts,El_Nino,Fall,Dam_Absent,3,24,0.125
10350400,WestMnts,El_Nino,Spring,Dam_Absent,2,24,0.08333333333333333
10350400,WestMnts,El_Nino,Summer,Dam_Absent,1,24,0.041666666666666664
10350400,WestMnts,El_Nino,Winter,Dam_Absent,2,24,0.08333333333333333
10350400,WestMnts,La_Nina,Fall,Dam_Absent,1,15,0.06666666666666667
10350400,WestMnts,Neutral,Spring,Dam_Absent,1,5,0.2
1042500,NorthEast,El_Nino,Fall,Dam_Present,7,24,0.2916666666666667
1042500,NorthEast,El_Nino,Spring,Dam_Present,11,24,0.4583333333333333
1042500,NorthEast,El_Nino,Summer,Dam_Present,6,24,0.25
1042500,NorthEast,El_Nino,Winter,Dam_Present,3,24,0.125
1042500,NorthEast,La_Nina,Fall,Dam_Present,6,15,0.4
1042500,NorthEast,La_Nina,Spring,Dam_Present,3,15,0.2
1042500,NorthEast,La_Nina,Summer,Dam_Present,7,15,0.4666666666666667
1042500,NorthEast,La_Nina,Winter,Dam_Present,3,15,0.2
1042500,NorthEast,Neutral,Spring,Dam_Present,3,5,0.6
1043500,NorthEast,El_Nino,Fall,Dam_Present,2,24,0.08333333333333333
1043500,NorthEast,El_Nino,Spring,Dam_Present,2,24,0.08333333333333333
1043500,NorthEast,El_Nino,Summer,Dam_Present,3,24,0.125
1043500,NorthEast,La_Nina,Fall,Dam_Present,1,15,0.06666666666666667
1043500,NorthEast,La_Nina,Spring,Dam_Present,2,15,0.13333333333333333
1043500,NorthEast,La_Nina,Summer,Dam_Present,2,15,0.13333333333333333
1043500,NorthEast,La_Nina,Winter,Dam_Present,2,15,0.13333333333333333
1044550,NorthEast,El_Nino,Fall,Dam_Present,3,24,0.125
1044550,NorthEast,El_Nino,Spring,Dam_Present,6,24,0.25
1044550,NorthEast,El_Nino,Summer,Dam_Present,5,24,0.20833333333333334
1044550,NorthEast,La_Nina,Fall,Dam_Present,6,15,0.4
1044550,NorthEast,La_Nina,Spring,Dam_Present,3,15,0.2
1044550,NorthEast,La_Nina,Summer,Dam_Present,6,15,0.4
1044550,NorthEast,La_Nina,Winter,Dam_Present,2,15,0.13333333333333333
1044550,NorthEast,Neutral,Fall,Dam_Present,1,5,0.2
1044550,NorthEast,Neutral,Spring,Dam_Present,1,5,0.2
1044550,NorthEast,Neutral,Summer,Dam_Present,1,5,0.2
1046500,NorthEast,El_Nino,Fall,Dam_Present,9,24,0.375
1046500,NorthEast,El_Nino,Spring,Dam_Present,10,24,0.4166666666666667
1046500,NorthEast,El_Nino,Summer,Dam_Present,10,24,0.4166666666666667
1046500,NorthEast,El_Nino,Winter,Dam_Present,5,24,0.20833333333333334
1046500,NorthEast,La_Nina,Fall,Dam_Present,5,15,0.3333333333333333
1046500,NorthEast,La_Nina,Spring,Dam_Present,4,15,0.26666666666666666
1046500,NorthEast,La_Nina,Summer,Dam_Present,5,15,0.3333333333333333
1046500,NorthEast,La_Nina,Winter,Dam_Present,3,15,0.2
1046500,NorthEast,Neutral,Spring,Dam_Present,2,5,0.4
1046500,NorthEast,Neutral,Winter,Dam_Present,3,5,0.6
1047150,NorthEast,El_Nino,Spring,Dam_Present,3,24,0.125
1047150,NorthEast,El_Nino,Summer,Dam_Present,2,24,0.08333333333333333
1047150,NorthEast,El_Nino,Winter,Dam_Present,2,24,0.08333333333333333
1047150,NorthEast,La_Nina,Fall,Dam_Present,4,15,0.26666666666666666
1047150,NorthEast,La_Nina,Spring,Dam_Present,2,15,0.13333333333333333
1047150,NorthEast,La_Nina,Summer,Dam_Present,3,15,0.2
1047150,NorthEast,La_Nina,Winter,Dam_Present,2,15,0.13333333333333333
1047150,NorthEast,Neutral,Fall,Dam_Present,1,5,0.2
1047150,NorthEast,Neutral,Spring,Dam_Present,1,5,0.2
1047150,NorthEast,Neutral,Winter,Dam_Present,1,5,0.2
1059000,NorthEast,El_Nino,Fall,Dam_Present,7,24,0.2916666666666667
1059000,NorthEast,El_Nino,Spring,Dam_Present,8,24,0.3333333333333333
1059000,NorthEast,El_Nino,Summer,Dam_Present,7,24,0.2916666666666667
1059000,NorthEast,El_Nino,Winter,Dam_Present,7,24,0.2916666666666667
1059000,NorthEast,La_Nina,Fall,Dam_Present,7,15,0.4666666666666667
1059000,NorthEast,La_Nina,Spring,Dam_Present,5,15,0.3333333333333333
1059000,NorthEast,La_Nina,Summer,Dam_Present,7,15,0.4666666666666667
1059000,NorthEast,La_Nina,Winter,Dam_Present,3,15,0.2
1059000,NorthEast,Neutral,Spring,Dam_Present,1,5,0.2
1059000,NorthEast,Neutral,Summer,Dam_Present,1,5,0.2
1059000,NorthEast,Neutral,Winter,Dam_Present,2,5,0.4
1065500,NorthEast,El_Nino,Spring,Dam_Absent,1,24,0.041666666666666664
1065500,NorthEast,La_Nina,Spring,Dam_Absent,1,15,0.06666666666666667
1065500,NorthEast,Neutral,Fall,Dam_Absent,1,5,0.2
1065500,NorthEast,Neutral,Summer,Dam_Absent,1,5,0.2
1068910,NorthEast,El_Nino,Fall,Dam_Present,2,24,0.08333333333333333
1068910,NorthEast,El_Nino,Spring,Dam_Present,3,24,0.125
1068910,NorthEast,El_Nino,Summer,Dam_Present,2,24,0.08333333333333333
1068910,NorthEast,El_Nino,Winter,Dam_Present,3,24,0.125
1068910,NorthEast,La_Nina,Fall,Dam_Present,4,15,0.26666666666666666
1068910,NorthEast,La_Nina,Spring,Dam_Present,3,15,0.2
1068910,NorthEast,La_Nina,Summer,Dam_Present,6,15,0.4
1068910,NorthEast,La_Nina,Winter,Dam_Present,3,15,0.2
1068910,NorthEast,Neutral,Fall,Dam_Present,1,5,0.2
1068910,NorthEast,Neutral,Spring,Dam_Present,1,5,0.2
1068910,NorthEast,Neutral,Winter,Dam_Present,3,5,0.6
1069500,NorthEast,El_Nino,Spring,Dam_Present,4,24,0.16666666666666666
1069500,NorthEast,El_Nino,Summer,Dam_Present,2,24,0.08333333333333333
1069500,NorthEast,El_Nino,Winter,Dam_Present,5,24,0.20833333333333334
1069500,NorthEast,La_Nina,Fall,Dam_Present,2,15,0.13333333333333333
1069500,NorthEast,La_Nina,Spring,Dam_Present,1,15,0.06666666666666667
1069500,NorthEast,La_Nina,Summer,Dam_Present,3,15,0.2
1069500,NorthEast,La_Nina,Winter,Dam_Present,2,15,0.13333333333333333
1069500,NorthEast,Neutral,Fall,Dam_Present,1,5,0.2
1069500,NorthEast,Neutral,Spring,Dam_Present,2,5,0.4
1069500,NorthEast,Neutral,Winter,Dam_Present,1,5,0.2
1073500,NorthEast,El_Nino,Fall,Dam_Absent,8,24,0.3333333333333333
1073500,NorthEast,El_Nino,Spring,Dam_Absent,8,24,0.3333333333333333
1073500,NorthEast,El_Nino,Summer,Dam_Absent,8,24,0.3333333333333333
1073500,NorthEast,El_Nino,Winter,Dam_Absent,8,24,0.3333333333333333
1073500,NorthEast,La_Nina,Fall,Dam_Absent,3,15,0.2
1073500,NorthEast,La_Nina,Spring,Dam_Absent,6,15,0.4
1073500,NorthEast,La_Nina,Summer,Dam_Absent,5,15,0.3333333333333333
1073500,NorthEast,La_Nina,Winter,Dam_Absent,3,15,0.2
1073500,NorthEast,Neutral,Fall,Dam_Absent,1,5,0.2
1073500,NorthEast,Neutral,Spring,Dam_Absent,2,5,0.4
1076000,NorthEast,El_Nino,Fall,Dam_Present,1,24,0.041666666666666664
1076000,NorthEast,El_Nino,Spring,Dam_Present,3,24,0.125
1076000,NorthEast,El_Nino,Summer,Dam_Present,4,24,0.16666666666666666
1076000,NorthEast,El_Nino,Winter,Dam_Present,6,24,0.25
1076000,NorthEast,La_Nina,Fall,Dam_Present,3,15,0.2
1076000,NorthEast,La_Nina,Spring,Dam_Present,5,15,0.3333333333333333
1076000,NorthEast,La_Nina,Summer,Dam_Present,6,15,0.4
1076000,NorthEast,La_Nina,Winter,Dam_Present,3,15,0.2
1076000,NorthEast,Neutral,Spring,Dam_Present,1,5,0.2
1076500,NorthEast,El_Nino,Fall,Dam_Present,3,24,0.125
1076500,NorthEast,El_Nino,Spring,Dam_Present,7,24,0.2916666666666667
1076500,NorthEast,El_Nino,Summer,Dam_Present,4,24,0.16666666666666666
1076500,NorthEast,El_Nino,Winter,Dam_Present,1,24,0.041666666666666664
1076500,NorthEast,La_Nina,Fall,Dam_Present,5,15,0.3333333333333333
1076500,NorthEast,La_Nina,Spring,Dam_Present,5,15,0.3333333333333333
1076500,NorthEast,La_Nina,Summer,Dam_Present,9,15,0.6
1076500,NorthEast,La_Nina,Winter,Dam_Present,4,15,0.26666666666666666
1076500,NorthEast,Neutral,Fall,Dam_Present,1,5,0.2
1076500,NorthEast,Neutral,Spring,Dam_Present,2,5,0.4
1081000,NorthEast,El_Nino,Fall,Dam_Present,10,24,0.4166666666666667
1081000,NorthEast,El_Nino,Spring,Dam_Present,7,24,0.2916666666666667
1081000,NorthEast,El_Nino,Summer,Dam_Present,7,24,0.2916666666666667
1081000,NorthEast,El_Nino,Winter,Dam_Present,5,24,0.20833333333333334
1081000,NorthEast,La_Nina,Fall,Dam_Present,5,15,0.3333333333333333
1081000,NorthEast,La_Nina,Spring,Dam_Present,5,15,0.3333333333333333
1081000,NorthEast,La_Nina,Summer,Dam_Present,7,15,0.4666666666666667
1081000,NorthEast,La_Nina,Winter,Dam_Present,5,15,0.3333333333333333
1081000,NorthEast,Neutral,Fall,Dam_Present,1,5,0.2
1081000,NorthEast,Neutral,Spring,Dam_Present,2,5,0.4
1081000,NorthEast,Neutral,Summer,Dam_Present,2,5,0.4
1081000,NorthEast,Neutral,Winter,Dam_Present,4,5,0.8
1081500,NorthEast,El_Nino,Fall,Dam_Present,3,24,0.125
1081500,NorthEast,El_Nino,Spring,Dam_Present,9,24,0.375
1081500,NorthEast,El_Nino,Summer,Dam_Present,7,24,0.2916666666666667
1081500,NorthEast,El_Nino,Winter,Dam_Present,3,24,0.125
1081500,NorthEast,La_Nina,Fall,Dam_Present,2,15,0.13333333333333333
1081500,NorthEast,La_Nina,Spring,Dam_Present,4,15,0.26666666666666666
1081500,NorthEast,La_Nina,Summer,Dam_Present,6,15,0.4
1081500,NorthEast,La_Nina,Winter,Dam_Present,3,15,0.2
1081500,NorthEast,Neutral,Fall,Dam_Present,1,5,0.2
1081500,NorthEast,Neutral,Spring,Dam_Present,2,5,0.4
1081500,NorthEast,Neutral,Summer,Dam_Present,1,5,0.2
1081500,NorthEast,Neutral,Winter,Dam_Present,1,5,0.2
1085000,NorthEast,El_Nino,Spring,Dam_Present,2,24,0.08333333333333333
1085000,NorthEast,El_Nino,Summer,Dam_Present,2,24,0.08333333333333333
1085000,NorthEast,El_Nino,Winter,Dam_Present,2,24,0.08333333333333333
1085000,NorthEast,La_Nina,Fall,Dam_Present,2,15,0.13333333333333333
1085000,NorthEast,La_Nina,Spring,Dam_Present,3,15,0.2
1085000,NorthEast,La_Nina,Summer,Dam_Present,2,15,0.13333333333333333
1085000,NorthEast,La_Nina,Winter,Dam_Present,5,15,0.3333333333333333
1085500,NorthEast,El_Nino,Fall,Dam_Present,3,24,0.125
1085500,NorthEast,El_Nino,Spring,Dam_Present,7,24,0.2916666666666667
1085500,NorthEast,El_Nino,Summer,Dam_Present,5,24,0.20833333333333334
1085500,NorthEast,El_Nino,Winter,Dam_Present,6,24,0.25
1085500,NorthEast,La_Nina,Fall,Dam_Present,3,15,0.2
1085500,NorthEast,La_Nina,Spring,Dam_Present,3,15,0.2
1085500,NorthEast,La_Nina,Summer,Dam_Present,4,15,0.26666666666666666
1085500,NorthEast,La_Nina,Winter,Dam_Present,3,15,0.2
1085500,NorthEast,Neutral,Fall,Dam_Present,2,5,0.4
1085500,NorthEast,Neutral,Spring,Dam_Present,1,5,0.2
1085500,NorthEast,Neutral,Summer,Dam_Present,2,5,0.4
1089500,NorthEast,El_Nino,Fall,Dam_Present,2,24,0.08333333333333333
1089500,NorthEast,El_Nino,Spring,Dam_Present,4,24,0.16666666666666666
1089500,NorthEast,El_Nino,Summer,Dam_Present,3,24,0.125
1089500,NorthEast,El_Nino,Winter,Dam_Present,2,24,0.08333333333333333
1089500,NorthEast,La_Nina,Fall,Dam_Present,3,15,0.2
1089500,NorthEast,La_Nina,Spring,Dam_Present,3,15,0.2
1089500,NorthEast,La_Nina,Summer,Dam_Present,4,15,0.26666666666666666
1089500,NorthEast,La_Nina,Winter,Dam_Present,3,15,0.2
1089500,NorthEast,Neutral,Fall,Dam_Present,2,5,0.4
1089500,NorthEast,Neutral,Spring,Dam_Present,2,5,0.4
1091500,NorthEast,El_Nino,Spring,Dam_Present,2,24,0.08333333333333333
1091500,NorthEast,El_Nino,Winter,Dam_Present,1,24,0.041666666666666664
1091500,NorthEast,La_Nina,Fall,Dam_Present,4,15,0.26666666666666666
1091500,NorthEast,La_Nina,Spring,Dam_Present,2,15,0.13333333333333333
1091500,NorthEast,La_Nina,Summer,Dam_Present,2,15,0.13333333333333333
1091500,NorthEast,La_Nina,Winter,Dam_Present,2,15,0.13333333333333333
1092000,NorthEast,El_Nino,Fall,Dam_Present,4,24,0.16666666666666666
1092000,NorthEast,El_Nino,Spring,Dam_Present,9,24,0.375
1092000,NorthEast,El_Nino,Summer,Dam_Present,9,24,0.375
1092000,NorthEast,El_Nino,Winter,Dam_Present,6,24,0.25
1092000,NorthEast,La_Nina,Fall,Dam_Present,5,15,0.3333333333333333
1092000,NorthEast,La_Nina,Spring,Dam_Present,7,15,0.4666666666666667
1092000,NorthEast,La_Nina,Summer,Dam_Present,9,15,0.6
1092000,NorthEast,La_Nina,Winter,Dam_Present,7,15,0.4666666666666667
1092000,NorthEast,Neutral,Fall,Dam_Present,2,5,0.4
1092000,NorthEast,Neutral,Spring,Dam_Present,3,5,0.6
1092000,NorthEast,Neutral,Summer,Dam_Present,2,5,0.4
1092000,NorthEast,Neutral,Winter,Dam_Present,2,5,0.4
1093852,NorthEast,El_Nino,Fall,Dam_Present,4,24,0.16666666666666666
1093852,NorthEast,El_Nino,Spring,Dam_Present,4,24,0.16666666666666666
1093852,NorthEast,El_Nino,Summer,Dam_Present,4,24,0.16666666666666666
1093852,NorthEast,El_Nino,Winter,Dam_Present,2,24,0.08333333333333333
1093852,NorthEast,La_Nina,Fall,Dam_Present,3,15,0.2
1093852,NorthEast,La_Nina,Spring,Dam_Present,3,15,0.2
1093852,NorthEast,La_Nina,Summer,Dam_Present,3,15,0.2
1093852,NorthEast,La_Nina,Winter,Dam_Present,4,15,0.26666666666666666
1093852,NorthEast,Neutral,Fall,Dam_Present,2,5,0.4
1093852,NorthEast,Neutral,Spring,Dam_Present,2,5,0.4
1093852,NorthEast,Neutral,Summer,Dam_Present,1,5,0.2
1093852,NorthEast,Neutral,Winter,Dam_Present,1,5,0.2
1094000,NorthEast,El_Nino,Fall,Dam_Absent,4,24,0.16666666666666666
1094000,NorthEast,El_Nino,Spring,Dam_Absent,8,24,0.3333333333333333
1094000,NorthEast,El_Nino,Summer,Dam_Absent,5,24,0.20833333333333334
1094000,NorthEast,El_Nino,Winter,Dam_Absent,5,24,0.20833333333333334
1094000,NorthEast,La_Nina,Fall,Dam_Absent,3,15,0.2
1094000,NorthEast,La_Nina,Spring,Dam_Absent,3,15,0.2
1094000,NorthEast,La_Nina,Summer,Dam_Absent,4,15,0.26666666666666666
1094000,NorthEast,La_Nina,Winter,Dam_Absent,2,15,0.13333333333333333
1094000,NorthEast,Neutral,Fall,Dam_Absent,2,5,0.4
1094000,NorthEast,Neutral,Spring,Dam_Absent,2,5,0.4
1094000,NorthEast,Neutral,Summer,Dam_Absent,1,5,0.2
1094000,NorthEast,Neutral,Winter,Dam_Absent,1,5,0.2
1096500,NorthEast,El_Nino,Fall,Dam_Present,12,24,0.5
1096500,NorthEast,El_Nino,Spring,Dam_Present,8,24,0.3333333333333333
1096500,NorthEast,El_Nino,Summer,Dam_Present,5,24,0.20833333333333334
1096500,NorthEast,El_Nino,Winter,Dam_Present,10,24,0.4166666666666667
1096500,NorthEast,La_Nina,Fall,Dam_Present,3,15,0.2
1096500,NorthEast,La_Nina,Spring,Dam_Present,7,15,0.4666666666666667
1096500,NorthEast,La_Nina,Summer,Dam_Present,4,15,0.26666666666666666
1096500,NorthEast,La_Nina,Winter,Dam_Present,5,15,0.3333333333333333
1096500,NorthEast,Neutral,Fall,Dam_Present,2,5,0.4
1096500,NorthEast,Neutral,Spring,Dam_Present,3,5,0.6
1096500,NorthEast,Neutral,Winter,Dam_Present,2,5,0.4
1098530,NorthEast,El_Nino,Fall,Dam_Present,8,24,0.3333333333333333
1098530,NorthEast,El_Nino,Spring,Dam_Present,9,24,0.375
1098530,NorthEast,El_Nino,Summer,Dam_Present,9,24,0.375
1098530,NorthEast,El_Nino,Winter,Dam_Present,8,24,0.3333333333333333
1098530,NorthEast,La_Nina,Fall,Dam_Present,8,15,0.5333333333333333
1098530,NorthEast,La_Nina,Spring,Dam_Present,5,15,0.3333333333333333
1098530,NorthEast,La_Nina,Summer,Dam_Present,6,15,0.4
1098530,NorthEast,La_Nina,Winter,Dam_Present,5,15,0.3333333333333333
1098530,NorthEast,Neutral,Fall,Dam_Present,2,5,0.4
1098530,NorthEast,Neutral,Spring,Dam_Present,3,5,0.6
1099500,NorthEast,El_Nino,Fall,Dam_Absent,9,24,0.375
1099500,NorthEast,El_Nino,Spring,Dam_Absent,8,24,0.3333333333333333
1099500,NorthEast,El_Nino,Summer,Dam_Absent,7,24,0.2916666666666667
1099500,NorthEast,El_Nino,Winter,Dam_Absent,8,24,0.3333333333333333
1099500,NorthEast,La_Nina,Fall,Dam_Absent,4,15,0.26666666666666666
1099500,NorthEast,La_Nina,Spring,Dam_Absent,7,15,0.4666666666666667
1099500,NorthEast,La_Nina,Summer,Dam_Absent,4,15,0.26666666666666666
1099500,NorthEast,La_Nina,Winter,Dam_Absent,4,15,0.26666666666666666
1099500,NorthEast,Neutral,Fall,Dam_Absent,1,5,0.2
1099500,NorthEast,Neutral,Spring,Dam_Absent,2,5,0.4
1099500,NorthEast,Neutral,Summer,Dam_Absent,1,5,0.2
1100000,NorthEast,El_Nino,Fall,Dam_Absent,8,24,0.3333333333333333
1100000,NorthEast,El_Nino,Spring,Dam_Absent,11,24,0.4583333333333333
1100000,NorthEast,El_Nino,Summer,Dam_Absent,9,24,0.375
1100000,NorthEast,El_Nino,Winter,Dam_Absent,7,24,0.2916666666666667
1100000,NorthEast,La_Nina,Fall,Dam_Absent,5,15,0.3333333333333333
1100000,NorthEast,La_Nina,Spring,Dam_Absent,7,15,0.4666666666666667
1100000,NorthEast,La_Nina,Summer,Dam_Absent,8,15,0.5333333333333333
1100000,NorthEast,La_Nina,Winter,Dam_Absent,7,15,0.4666666666666667
1100000,NorthEast,Neutral,Fall,Dam_Absent,3,5,0.6
1100000,NorthEast,Neutral,Spring,Dam_Absent,3,5,0.6
1100000,NorthEast,Neutral,Summer,Dam_Absent,2,5,0.4
1100000,NorthEast,Neutral,Winter,Dam_Absent,2,5,0.4
1100561,NorthEast,El_Nino,Fall,Dam_Present,4,24,0.16666666666666666
1100561,NorthEast,El_Nino,Spring,Dam_Present,5,24,0.20833333333333334
1100561,NorthEast,El_Nino,Summer,Dam_Present,4,24,0.16666666666666666
1100561,NorthEast,El_Nino,Winter,Dam_Present,7,24,0.2916666666666667
1100561,NorthEast,La_Nina,Fall,Dam_Present,3,15,0.2
1100561,NorthEast,La_Nina,Spring,Dam_Present,2,15,0.13333333333333333
1100561,NorthEast,La_Nina,Summer,Dam_Present,2,15,0.13333333333333333
1100561,NorthEast,La_Nina,Winter,Dam_Present,1,15,0.06666666666666667
1100561,NorthEast,Neutral,Fall,Dam_Present,2,5,0.4
1100561,NorthEast,Neutral,Spring,Dam_Present,2,5,0.4
1100561,NorthEast,Neutral,Winter,Dam_Present,2,5,0.4
1101500,NorthEast,El_Nino,Fall,Dam_Present,9,24,0.375
1101500,NorthEast,El_Nino,Spring,Dam_Present,9,24,0.375
1101500,NorthEast,El_Nino,Summer,Dam_Present,8,24,0.3333333333333333
1101500,NorthEast,El_Nino,Winter,Dam_Present,9,24,0.375
1101500,NorthEast,La_Nina,Fall,Dam_Present,6,15,0.4
1101500,NorthEast,La_Nina,Spring,Dam_Present,7,15,0.4666666666666667
1101500,NorthEast,La_Nina,Summer,Dam_Present,2,15,0.13333333333333333
1101500,NorthEast,La_Nina,Winter,Dam_Present,3,15,0.2
1101500,NorthEast,Neutral,Spring,Dam_Present,3,5,0.6
1101500,NorthEast,Neutral,Summer,Dam_Present,1,5,0.2
11046530,WestXeric,El_Nino,Winter,Dam_Present,1,24,0.041666666666666664
11046530,WestXeric,Neutral,Winter,Dam_Present,1,5,0.2
11047300,WestXeric,El_Nino,Fall,Dam_Present,6,24,0.25
11047300,WestXeric,El_Nino,Spring,Dam_Present,11,24,0.4583333333333333
11047300,WestXeric,El_Nino,Summer,Dam_Present,4,24,0.16666666666666666
11047300,WestXeric,El_Nino,Winter,Dam_Present,4,24,0.16666666666666666
11047300,WestXeric,La_Nina,Fall,Dam_Present,4,15,0.26666666666666666
11047300,WestXeric,La_Nina,Spring,Dam_Present,5,15,0.3333333333333333
11047300,WestXeric,La_Nina,Summer,Dam_Present,3,15,0.2
11047300,WestXeric,La_Nina,Winter,Dam_Present,5,15,0.3333333333333333
11047300,WestXeric,Neutral,Fall,Dam_Present,2,5,0.4
11047300,WestXeric,Neutral,Spring,Dam_Present,1,5,0.2
11047300,WestXeric,Neutral,Winter,Dam_Present,1,5,0.2
11048553,WestXeric,El_Nino,Fall,Dam_Present,2,24,0.08333333333333333
11048553,WestXeric,El_Nino,Spring,Dam_Present,5,24,0.20833333333333334
11048553,WestXeric,El_Nino,Summer,Dam_Present,5,24,0.20833333333333334
11048553,WestXeric,El_Nino,Winter,Dam_Present,4,24,0.16666666666666666
11048553,WestXeric,La_Nina,Fall,Dam_Present,1,15,0.06666666666666667
11048553,WestXeric,La_Nina,Summer,Dam_Present,1,15,0.06666666666666667
11048553,WestXeric,Neutral,Fall,Dam_Present,1,5,0.2
11048553,WestXeric,Neutral,Spring,Dam_Present,2,5,0.4
11048553,WestXeric,Neutral,Summer,Dam_Present,2,5,0.4
11048553,WestXeric,Neutral,Winter,Dam_Present,6,5,1.2
11048600,WestXeric,El_Nino,Fall,Dam_Present,5,24,0.20833333333333334
11048600,WestXeric,El_Nino,Spring,Dam_Present,13,24,0.5416666666666666
11048600,WestXeric,El_Nino,Summer,Dam_Present,6,24,0.25
11048600,WestXeric,El_Nino,Winter,Dam_Present,4,24,0.16666666666666666
11048600,WestXeric,La_Nina,Fall,Dam_Present,4,15,0.26666666666666666
11048600,WestXeric,La_Nina,Spring,Dam_Present,2,15,0.13333333333333333
11048600,WestXeric,La_Nina,Summer,Dam_Present,2,15,0.13333333333333333
11048600,WestXeric,La_Nina,Winter,Dam_Present,2,15,0.13333333333333333
11048600,WestXeric,Neutral,Summer,Dam_Present,2,5,0.4
11048600,WestXeric,Neutral,Winter,Dam_Present,1,5,0.2
11051499,WestXeric,El_Nino,Spring,Dam_Present,1,24,0.041666666666666664
11051499,WestXeric,La_Nina,Spring,Dam_Present,1,15,0.06666666666666667
11051499,WestXeric,Neutral,Spring,Dam_Present,1,5,0.2
11073300,WestXeric,El_Nino,Fall,Dam_Absent,2,24,0.08333333333333333
11073300,WestXeric,El_Nino,Spring,Dam_Absent,7,24,0.2916666666666667
11073300,WestXeric,El_Nino,Summer,Dam_Absent,5,24,0.20833333333333334
11073300,WestXeric,El_Nino,Winter,Dam_Absent,5,24,0.20833333333333334
11073300,WestXeric,La_Nina,Fall,Dam_Absent,7,15,0.4666666666666667
11073300,WestXeric,La_Nina,Spring,Dam_Absent,7,15,0.4666666666666667
11073300,WestXeric,La_Nina,Summer,Dam_Absent,4,15,0.26666666666666666
11073300,WestXeric,La_Nina,Winter,Dam_Absent,6,15,0.4
1108000,NorthEast,El_Nino,Fall,Dam_Present,4,24,0.16666666666666666
1108000,NorthEast,El_Nino,Spring,Dam_Present,4,24,0.16666666666666666
1108000,NorthEast,El_Nino,Summer,Dam_Present,7,24,0.2916666666666667
1108000,NorthEast,El_Nino,Winter,Dam_Present,6,24,0.25
1108000,NorthEast,La_Nina,Fall,Dam_Present,3,15,0.2
1108000,NorthEast,La_Nina,Spring,Dam_Present,6,15,0.4
1108000,NorthEast,La_Nina,Summer,Dam_Present,5,15,0.3333333333333333
1108000,NorthEast,La_Nina,Winter,Dam_Present,3,15,0.2
1108000,NorthEast,Neutral,Fall,Dam_Present,1,5,0.2
1108000,NorthEast,Neutral,Spring,Dam_Present,2,5,0.4
1108000,NorthEast,Neutral,Winter,Dam_Present,1,5,0.2
1109060,NorthEast,El_Nino,Fall,Dam_Present,9,24,0.375
1109060,NorthEast,El_Nino,Spring,Dam_Present,6,24,0.25
1109060,NorthEast,El_Nino,Summer,Dam_Present,8,24,0.3333333333333333
1109060,NorthEast,El_Nino,Winter,Dam_Present,9,24,0.375
1109060,NorthEast,La_Nina,Fall,Dam_Present,1,15,0.06666666666666667
1109060,NorthEast,La_Nina,Spring,Dam_Present,7,15,0.4666666666666667
1109060,NorthEast,La_Nina,Summer,Dam_Present,4,15,0.26666666666666666
1109060,NorthEast,La_Nina,Winter,Dam_Present,2,15,0.13333333333333333
1109060,NorthEast,Neutral,Fall,Dam_Present,2,5,0.4
1109060,NorthEast,Neutral,Spring,Dam_Present,2,5,0.4
1109060,NorthEast,Neutral,Summer,Dam_Present,1,5,0.2
1109060,NorthEast,Neutral,Winter,Dam_Present,1,5,0.2
11092450,WestXeric,El_Nino,Fall,Dam_Present,6,24,0.25
11092450,WestXeric,El_Nino,Spring,Dam_Present,3,24,0.125
11092450,WestXeric,El_Nino,Summer,Dam_Present,3,24,0.125
11092450,WestXeric,El_Nino,Winter,Dam_Present,2,24,0.08333333333333333
11092450,WestXeric,La_Nina,Fall,Dam_Present,4,15,0.26666666666666666
11092450,WestXeric,La_Nina,Spring,Dam_Present,4,15,0.26666666666666666
11092450,WestXeric,La_Nina,Summer,Dam_Present,2,15,0.13333333333333333
11092450,WestXeric,La_Nina,Winter,Dam_Present,5,15,0.3333333333333333
11092450,WestXeric,Neutral,Fall,Dam_Present,1,5,0.2
11092450,WestXeric,Neutral,Winter,Dam_Present,1,5,0.2
1109730,NorthEast,El_Nino,Fall,Dam_Present,4,24,0.16666666666666666
1109730,NorthEast,El_Nino,Spring,Dam_Present,7,24,0.2916666666666667
1109730,NorthEast,El_Nino,Summer,Dam_Present,2,24,0.08333333333333333
1109730,NorthEast,El_Nino,Winter,Dam_Present,11,24,0.4583333333333333
1109730,NorthEast,La_Nina,Fall,Dam_Present,3,15,0.2
1109730,NorthEast,La_Nina,Spring,Dam_Present,2,15,0.13333333333333333
1109730,NorthEast,La_Nina,Summer,Dam_Present,1,15,0.06666666666666667
1109730,NorthEast,La_Nina,Winter,Dam_Present,1,15,0.06666666666666667
1109730,NorthEast,Neutral,Fall,Dam_Present,2,5,0.4
1109730,NorthEast,Neutral,Spring,Dam_Present,1,5,0.2
1109730,NorthEast,Neutral,Summer,Dam_Present,1,5,0.2
11105510,WestXeric,Neutral,Winter,Dam_Absent,2,5,0.4
11109000,WestXeric,El_Nino,Fall,Dam_Absent,6,24,0.25
11109000,WestXeric,El_Nino,Spring,Dam_Absent,6,24,0.25
11109000,WestXeric,El_Nino,Summer,Dam_Absent,5,24,0.20833333333333334
11109000,WestXeric,El_Nino,Winter,Dam_Absent,5,24,0.20833333333333334
11109000,WestXeric,La_Nina,Fall,Dam_Absent,2,15,0.13333333333333333
11109000,WestXeric,La_Nina,Spring,Dam_Absent,2,15,0.13333333333333333
11109000,WestXeric,La_Nina,Summer,Dam_Absent,1,15,0.06666666666666667
11109000,WestXeric,La_Nina,Winter,Dam_Absent,6,15,0.4
11109000,WestXeric,Neutral,Spring,Dam_Absent,2,5,0.4
11109000,WestXeric,Neutral,Winter,Dam_Absent,2,5,0.4
1111212,NorthEast,El_Nino,Fall,Dam_Present,4,24,0.16666666666666666
1111212,NorthEast,El_Nino,Spring,Dam_Present,4,24,0.16666666666666666
1111212,NorthEast,El_Nino,Summer,Dam_Present,7,24,0.2916666666666667
1111212,NorthEast,El_Nino,Winter,Dam_Present,6,24,0.25
1111212,NorthEast,La_Nina,Fall,Dam_Present,4,15,0.26666666666666666
1111212,NorthEast,La_Nina,Spring,Dam_Present,4,15,0.26666666666666666
1111212,NorthEast,La_Nina,Summer,Dam_Present,1,15,0.06666666666666667
1111212,NorthEast,La_Nina,Winter,Dam_Present,1,15,0.06666666666666667
1111212,NorthEast,Neutral,Fall,Dam_Present,2,5,0.4
1111212,NorthEast,Neutral,Spring,Dam_Present,2,5,0.4
1111212,NorthEast,Neutral,Summer,Dam_Present,1,5,0.2
1111212,NorthEast,Neutral,Winter,Dam_Present,3,5,0.6
1111500,NorthEast,El_Nino,Fall,Dam_Present,11,24,0.4583333333333333
1111500,NorthEast,El_Nino,Spring,Dam_Present,8,24,0.3333333333333333
1111500,NorthEast,El_Nino,Summer,Dam_Present,13,24,0.5416666666666666
1111500,NorthEast,El_Nino,Winter,Dam_Present,8,24,0.3333333333333333
1111500,NorthEast,La_Nina,Fall,Dam_Present,2,15,0.13333333333333333
1111500,NorthEast,La_Nina,Spring,Dam_Present,7,15,0.4666666666666667
1111500,NorthEast,La_Nina,Summer,Dam_Present,4,15,0.26666666666666666
1111500,NorthEast,La_Nina,Winter,Dam_Present,3,15,0.2
1111500,NorthEast,Neutral,Fall,Dam_Present,2,5,0.4
1111500,NorthEast,Neutral,Spring,Dam_Present,3,5,0.6
1111500,NorthEast,Neutral,Summer,Dam_Present,3,5,0.6
1111500,NorthEast,Neutral,Winter,Dam_Present,2,5,0.4
11162620,WestMnts,El_Nino,Fall,Dam_Present,1,24,0.041666666666666664
11162620,WestMnts,El_Nino,Spring,Dam_Present,3,24,0.125
11162620,WestMnts,El_Nino,Summer,Dam_Present,2,24,0.08333333333333333
11162620,WestMnts,El_Nino,Winter,Dam_Present,9,24,0.375
11162620,WestMnts,La_Nina,Spring,Dam_Present,3,15,0.2
11162620,WestMnts,La_Nina,Winter,Dam_Present,3,15,0.2
11162620,WestMnts,Neutral,Winter,Dam_Present,1,5,0.2
11169025,WestXeric,El_Nino,Fall,Dam_Absent,7,24,0.2916666666666667
11169025,WestXeric,El_Nino,Spring,Dam_Absent,5,24,0.20833333333333334
11169025,WestXeric,El_Nino,Winter,Dam_Absent,4,24,0.16666666666666666
11169025,WestXeric,La_Nina,Fall,Dam_Absent,4,15,0.26666666666666666
11169025,WestXeric,La_Nina,Spring,Dam_Absent,2,15,0.13333333333333333
11169025,WestXeric,La_Nina,Winter,Dam_Absent,5,15,0.3333333333333333
11169025,WestXeric,Neutral,Winter,Dam_Absent,1,5,0.2
11172175,WestXeric,El_Nino,Fall,Dam_Absent,3,24,0.125
11172175,WestXeric,El_Nino,Spring,Dam_Absent,8,24,0.3333333333333333
11172175,WestXeric,El_Nino,Winter,Dam_Absent,5,24,0.20833333333333334
11172175,WestXeric,La_Nina,Fall,Dam_Absent,3,15,0.2
11172175,WestXeric,La_Nina,Spring,Dam_Absent,3,15,0.2
11172175,WestXeric,La_Nina,Winter,Dam_Absent,3,15,0.2
11172175,WestXeric,Neutral,Spring,Dam_Absent,1,5,0.2
11172175,WestXeric,Neutral,Winter,Dam_Absent,1,5,0.2
11173500,WestXeric,El_Nino,Fall,Dam_Present,5,24,0.20833333333333334
11173500,WestXeric,El_Nino,Spring,Dam_Present,5,24,0.20833333333333334
11173500,WestXeric,El_Nino,Summer,Dam_Present,2,24,0.08333333333333333
11173500,WestXeric,El_Nino,Winter,Dam_Present,4,24,0.16666666666666666
11173500,WestXeric,La_Nina,Spring,Dam_Present,1,15,0.06666666666666667
11173500,WestXeric,La_Nina,Summer,Dam_Present,1,15,0.06666666666666667
11173500,WestXeric,Neutral,Winter,Dam_Present,1,5,0.2
11173510,WestXeric,El_Nino,Fall,Dam_Present,2,24,0.08333333333333333
11173510,WestXeric,El_Nino,Spring,Dam_Present,4,24,0.16666666666666666
11173510,WestXeric,El_Nino,Summer,Dam_Present,1,24,0.041666666666666664
11173510,WestXeric,El_Nino,Winter,Dam_Present,5,24,0.20833333333333334
11173510,WestXeric,La_Nina,Fall,Dam_Present,3,15,0.2
11173510,WestXeric,La_Nina,Spring,Dam_Present,1,15,0.06666666666666667
11173510,WestXeric,La_Nina,Summer,Dam_Present,1,15,0.06666666666666667
11173510,WestXeric,La_Nina,Winter,Dam_Present,1,15,0.06666666666666667
11173510,WestXeric,Neutral,Winter,Dam_Present,2,5,0.4
11173575,WestXeric,El_Nino,Fall,Dam_Present,5,24,0.20833333333333334
11173575,WestXeric,El_Nino,Spring,Dam_Present,3,24,0.125
11173575,WestXeric,El_Nino,Summer,Dam_Present,1,24,0.041666666666666664
11173575,WestXeric,El_Nino,Winter,Dam_Present,6,24,0.25
11173575,WestXeric,La_Nina,Fall,Dam_Present,3,15,0.2
11173575,WestXeric,La_Nina,Spring,Dam_Present,1,15,0.06666666666666667
11173575,WestXeric,La_Nina,Summer,Dam_Present,1,15,0.06666666666666667
11173575,WestXeric,La_Nina,Winter,Dam_Present,3,15,0.2
11173575,WestXeric,Neutral,Winter,Dam_Present,2,5,0.4
11174000,WestXeric,El_Nino,Winter,Dam_Present,5,24,0.20833333333333334
11174000,WestXeric,La_Nina,Fall,Dam_Present,1,15,0.06666666666666667
11174000,WestXeric,La_Nina,Winter,Dam_Present,3,15,0.2
11174000,WestXeric,Neutral,Winter,Dam_Present,1,5,0.2
11176900,WestXeric,El_Nino,Fall,Dam_Present,1,24,0.041666666666666664
11176900,WestXeric,El_Nino,Spring,Dam_Present,6,24,0.25
11176900,WestXeric,El_Nino,Summer,Dam_Present,1,24,0.041666666666666664
11176900,WestXeric,El_Nino,Winter,Dam_Present,3,24,0.125
11176900,WestXeric,La_Nina,Fall,Dam_Present,4,15,0.26666666666666666
11176900,WestXeric,La_Nina,Spring,Dam_Present,3,15,0.2
11176900,WestXeric,La_Nina,Winter,Dam_Present,5,15,0.3333333333333333
11176900,WestXeric,Neutral,Spring,Dam_Present,1,5,0.2
11176900,WestXeric,Neutral,Winter,Dam_Present,1,5,0.2
1119500,NorthEast,El_Nino,Fall,Dam_Absent,8,24,0.3333333333333333
1119500,NorthEast,El_Nino,Spring,Dam_Absent,6,24,0.25
1119500,NorthEast,El_Nino,Summer,Dam_Absent,13,24,0.5416666666666666
1119500,NorthEast,El_Nino,Winter,Dam_Absent,4,24,0.16666666666666666
1119500,NorthEast,La_Nina,Fall,Dam_Absent,5,15,0.3333333333333333
1119500,NorthEast,La_Nina,Spring,Dam_Absent,3,15,0.2
1119500,NorthEast,La_Nina,Summer,Dam_Absent,2,15,0.13333333333333333
1119500,NorthEast,La_Nina,Winter,Dam_Absent,3,15,0.2
1119500,NorthEast,Neutral,Fall,Dam_Absent,2,5,0.4
1119500,NorthEast,Neutral,Spring,Dam_Absent,3,5,0.6
1119500,NorthEast,Neutral,Summer,Dam_Absent,2,5,0.4
1119500,NorthEast,Neutral,Winter,Dam_Absent,2,5,0.4
1122000,NorthEast,El_Nino,Fall,Dam_Present,5,24,0.20833333333333334
1122000,NorthEast,El_Nino,Spring,Dam_Present,6,24,0.25
1122000,NorthEast,El_Nino,Summer,Dam_Present,10,24,0.4166666666666667
1122000,NorthEast,El_Nino,Winter,Dam_Present,10,24,0.4166666666666667
1122000,NorthEast,La_Nina,Fall,Dam_Present,4,15,0.26666666666666666
1122000,NorthEast,La_Nina,Spring,Dam_Present,5,15,0.3333333333333333
1122000,NorthEast,La_Nina,Summer,Dam_Present,4,15,0.26666666666666666
1122000,NorthEast,La_Nina,Winter,Dam_Present,3,15,0.2
1122000,NorthEast,Neutral,Spring,Dam_Present,2,5,0.4
1122000,NorthEast,Neutral,Summer,Dam_Present,1,5,0.2
1122500,NorthEast,El_Nino,Fall,Dam_Present,8,24,0.3333333333333333
1122500,NorthEast,El_Nino,Spring,Dam_Present,7,24,0.2916666666666667
1122500,NorthEast,El_Nino,Summer,Dam_Present,15,24,0.625
1122500,NorthEast,El_Nino,Winter,Dam_Present,8,24,0.3333333333333333
1122500,NorthEast,La_Nina,Fall,Dam_Present,3,15,0.2
1122500,NorthEast,La_Nina,Spring,Dam_Present,4,15,0.26666666666666666
1122500,NorthEast,La_Nina,Summer,Dam_Present,4,15,0.26666666666666666
1122500,NorthEast,La_Nina,Winter,Dam_Present,4,15,0.26666666666666666
1122500,NorthEast,Neutral,Fall,Dam_Present,2,5,0.4
1122500,NorthEast,Neutral,Spring,Dam_Present,4,5,0.8
1122500,NorthEast,Neutral,Summer,Dam_Present,3,5,0.6
1125000,NorthEast,El_Nino,Fall,Dam_Present,2,24,0.08333333333333333
1125000,NorthEast,El_Nino,Spring,Dam_Present,8,24,0.3333333333333333
1125000,NorthEast,El_Nino,Summer,Dam_Present,6,24,0.25
1125000,NorthEast,El_Nino,Winter,Dam_Present,3,24,0.125
1125000,NorthEast,La_Nina,Fall,Dam_Present,2,15,0.13333333333333333
1125000,NorthEast,La_Nina,Spring,Dam_Present,4,15,0.26666666666666666
1125000,NorthEast,La_Nina,Summer,Dam_Present,3,15,0.2
1125000,NorthEast,La_Nina,Winter,Dam_Present,1,15,0.06666666666666667
1125000,NorthEast,Neutral,Fall,Dam_Present,1,5,0.2
1125000,NorthEast,Neutral,Spring,Dam_Present,2,5,0.4
1125000,NorthEast,Neutral,Summer,Dam_Present,1,5,0.2
1125000,NorthEast,Neutral,Winter,Dam_Present,1,5,0.2
1125100,NorthEast,El_Nino,Fall,Dam_Present,4,24,0.16666666666666666
1125100,NorthEast,El_Nino,Spring,Dam_Present,8,24,0.3333333333333333
1125100,NorthEast,El_Nino,Summer,Dam_Present,9,24,0.375
1125100,NorthEast,El_Nino,Winter,Dam_Present,6,24,0.25
1125100,NorthEast,La_Nina,Fall,Dam_Present,1,15,0.06666666666666667
1125100,NorthEast,La_Nina,Spring,Dam_Present,6,15,0.4
1125100,NorthEast,La_Nina,Summer,Dam_Present,4,15,0.26666666666666666
1125100,NorthEast,La_Nina,Winter,Dam_Present,3,15,0.2
1125100,NorthEast,Neutral,Fall,Dam_Present,2,5,0.4
1125100,NorthEast,Neutral,Spring,Dam_Present,2,5,0.4
1125100,NorthEast,Neutral,Summer,Dam_Present,1,5,0.2
1125100,NorthEast,Neutral,Winter,Dam_Present,2,5,0.4
1125500,NorthEast,El_Nino,Fall,Dam_Present,6,24,0.25
1125500,NorthEast,El_Nino,Spring,Dam_Present,9,24,0.375
1125500,NorthEast,El_Nino,Summer,Dam_Present,7,24,0.2916666666666667
1125500,NorthEast,El_Nino,Winter,Dam_Present,8,24,0.3333333333333333
1125500,NorthEast,La_Nina,Fall,Dam_Present,3,15,0.2
1125500,NorthEast,La_Nina,Spring,Dam_Present,6,15,0.4
1125500,NorthEast,La_Nina,Summer,Dam_Present,3,15,0.2
1125500,NorthEast,Neutral,Fall,Dam_Present,2,5,0.4
1125500,NorthEast,Neutral,Spring,Dam_Present,2,5,0.4
1125500,NorthEast,Neutral,Summer,Dam_Present,1,5,0.2
1125500,NorthEast,Neutral,Winter,Dam_Present,2,5,0.4
11261500,WestXeric,El_Nino,Fall,Dam_Absent,1,24,0.041666666666666664
11261500,WestXeric,El_Nino,Spring,Dam_Absent,3,24,0.125
11261500,WestXeric,El_Nino,Winter,Dam_Absent,5,24,0.20833333333333334
11261500,WestXeric,La_Nina,Spring,Dam_Absent,1,15,0.06666666666666667
11261500,WestXeric,La_Nina,Winter,Dam_Absent,2,15,0.13333333333333333
11261500,WestXeric,Neutral,Spring,Dam_Absent,1,5,0.2
11261500,WestXeric,Neutral,Winter,Dam_Absent,1,5,0.2
1127000,NorthEast,El_Nino,Fall,Dam_Present,11,24,0.4583333333333333
1127000,NorthEast,El_Nino,Spring,Dam_Present,12,24,0.5
1127000,NorthEast,El_Nino,Summer,Dam_Present,11,24,0.4583333333333333
1127000,NorthEast,El_Nino,Winter,Dam_Present,8,24,0.3333333333333333
1127000,NorthEast,La_Nina,Fall,Dam_Present,5,15,0.3333333333333333
1127000,NorthEast,La_Nina,Spring,Dam_Present,6,15,0.4
1127000,NorthEast,La_Nina,Summer,Dam_Present,4,15,0.26666666666666666
1127000,NorthEast,La_Nina,Winter,Dam_Present,3,15,0.2
1127000,NorthEast,Neutral,Fall,Dam_Present,2,5,0.4
1127000,NorthEast,Neutral,Spring,Dam_Present,3,5,0.6
1127000,NorthEast,Neutral,Summer,Dam_Present,3,5,0.6
1127000,NorthEast,Neutral,Winter,Dam_Present,1,5,0.2
1127500,NorthEast,El_Nino,Fall,Dam_Present,8,24,0.3333333333333333
1127500,NorthEast,El_Nino,Spring,Dam_Present,5,24,0.20833333333333334
1127500,NorthEast,El_Nino,Summer,Dam_Present,12,24,0.5
1127500,NorthEast,El_Nino,Winter,Dam_Present,4,24,0.16666666666666666
1127500,NorthEast,La_Nina,Fall,Dam_Present,4,15,0.26666666666666666
1127500,NorthEast,La_Nina,Spring,Dam_Present,4,15,0.26666666666666666
1127500,NorthEast,La_Nina,Summer,Dam_Present,3,15,0.2
1127500,NorthEast,La_Nina,Winter,Dam_Present,3,15,0.2
1127500,NorthEast,Neutral,Fall,Dam_Present,2,5,0.4
1127500,NorthEast,Neutral,Spring,Dam_Present,3,5,0.6
1127500,NorthEast,Neutral,Summer,Dam_Present,2,5,0.4
1127500,NorthEast,Neutral,Winter,Dam_Present,1,5,0.2
1129200,NorthEast,El_Nino,Fall,Dam_Present,8,24,0.3333333333333333
1129200,NorthEast,El_Nino,Spring,Dam_Present,7,24,0.2916666666666667
1129200,NorthEast,El_Nino,Summer,Dam_Present,6,24,0.25
1129200,NorthEast,El_Nino,Winter,Dam_Present,11,24,0.4583333333333333
1129200,NorthEast,La_Nina,Fall,Dam_Present,9,15,0.6
1129200,NorthEast,La_Nina,Spring,Dam_Present,7,15,0.4666666666666667
1129200,NorthEast,La_Nina,Summer,Dam_Present,4,15,0.26666666666666666
1129200,NorthEast,La_Nina,Winter,Dam_Present,8,15,0.5333333333333333
1129200,NorthEast,Neutral,Spring,Dam_Present,2,5,0.4
1129200,NorthEast,Neutral,Summer,Dam_Present,1,5,0.2
1129200,NorthEast,Neutral,Winter,Dam_Present,3,5,0.6
1139000,NorthEast,El_Nino,Fall,Dam_Absent,4,24,0.16666666666666666
1139000,NorthEast,El_Nino,Spring,Dam_Absent,3,24,0.125
1139000,NorthEast,El_Nino,Summer,Dam_Absent,6,24,0.25
1139000,NorthEast,El_Nino,Winter,Dam_Absent,2,24,0.08333333333333333
1139000,NorthEast,La_Nina,Fall,Dam_Absent,7,15,0.4666666666666667
1139000,NorthEast,La_Nina,Spring,Dam_Absent,4,15,0.26666666666666666
1139000,NorthEast,La_Nina,Summer,Dam_Absent,7,15,0.4666666666666667
1139000,NorthEast,La_Nina,Winter,Dam_Absent,3,15,0.2
1139000,NorthEast,Neutral,Fall,Dam_Absent,2,5,0.4
1139000,NorthEast,Neutral,Spring,Dam_Absent,3,5,0.6
1139000,NorthEast,Neutral,Summer,Dam_Absent,1,5,0.2
1139000,NorthEast,Neutral,Winter,Dam_Absent,1,5,0.2
11451000,WestXeric,El_Nino,Fall,Dam_Present,1,24,0.041666666666666664
11451000,WestXeric,El_Nino,Spring,Dam_Present,1,24,0.041666666666666664
11451000,WestXeric,El_Nino,Summer,Dam_Present,1,24,0.041666666666666664
11451000,WestXeric,El_Nino,Winter,Dam_Present,3,24,0.125
11451000,WestXeric,La_Nina,Spring,Dam_Present,2,15,0.13333333333333333
11451000,WestXeric,La_Nina,Winter,Dam_Present,1,15,0.06666666666666667
11451000,WestXeric,Neutral,Winter,Dam_Present,1,5,0.2
11465200,WestXeric,El_Nino,Fall,Dam_Present,3,24,0.125
11465200,WestXeric,El_Nino,Spring,Dam_Present,2,24,0.08333333333333333
11465200,WestXeric,El_Nino,Summer,Dam_Present,6,24,0.25
11465200,WestXeric,El_Nino,Winter,Dam_Present,3,24,0.125
11465200,WestXeric,La_Nina,Fall,Dam_Present,2,15,0.13333333333333333
11465200,WestXeric,La_Nina,Spring,Dam_Present,1,15,0.06666666666666667
11465200,WestXeric,La_Nina,Summer,Dam_Present,3,15,0.2
11465200,WestXeric,La_Nina,Winter,Dam_Present,3,15,0.2
11465200,WestXeric,Neutral,Winter,Dam_Present,1,5,0.2
11466170,WestXeric,El_Nino,Fall,Dam_Present,2,24,0.08333333333333333
11466170,WestXeric,El_Nino,Spring,Dam_Present,3,24,0.125
11466170,WestXeric,El_Nino,Winter,Dam_Present,2,24,0.08333333333333333
11466170,WestXeric,La_Nina,Fall,Dam_Present,2,15,0.13333333333333333
11466170,WestXeric,La_Nina,Spring,Dam_Present,4,15,0.26666666666666666
11466170,WestXeric,La_Nina,Winter,Dam_Present,6,15,0.4
11466170,WestXeric,Neutral,Spring,Dam_Present,1,5,0.2
11466170,WestXeric,Neutral,Winter,Dam_Present,1,5,0.2
11466200,WestXeric,El_Nino,Fall,Dam_Present,2,24,0.08333333333333333
11466200,WestXeric,El_Nino,Spring,Dam_Present,2,24,0.08333333333333333
11466200,WestXeric,El_Nino,Winter,Dam_Present,2,24,0.08333333333333333
11466200,WestXeric,La_Nina,Fall,Dam_Present,3,15,0.2
11466200,WestXeric,La_Nina,Spring,Dam_Present,5,15,0.3333333333333333
11466200,WestXeric,La_Nina,Winter,Dam_Present,6,15,0.4
11466200,WestXeric,Neutral,Fall,Dam_Present,1,5,0.2
11466200,WestXeric,Neutral,Spring,Dam_Present,1,5,0.2
11466200,WestXeric,Neutral,Winter,Dam_Present,3,5,0.6
11466320,WestXeric,El_Nino,Fall,Dam_Present,3,24,0.125
11466320,WestXeric,El_Nino,Spring,Dam_Present,4,24,0.16666666666666666
11466320,WestXeric,El_Nino,Winter,Dam_Present,2,24,0.08333333333333333
11466320,WestXeric,La_Nina,Fall,Dam_Present,4,15,0.26666666666666666
11466320,WestXeric,La_Nina,Spring,Dam_Present,4,15,0.26666666666666666
11466320,WestXeric,La_Nina,Summer,Dam_Present,2,15,0.13333333333333333
11466320,WestXeric,La_Nina,Winter,Dam_Present,9,15,0.6
11466320,WestXeric,Neutral,Fall,Dam_Present,1,5,0.2
11466320,WestXeric,Neutral,Winter,Dam_Present,3,5,0.6
11466800,WestXeric,El_Nino,Fall,Dam_Present,2,24,0.08333333333333333
11466800,WestXeric,El_Nino,Spring,Dam_Present,2,24,0.08333333333333333
11466800,WestXeric,El_Nino,Summer,Dam_Present,1,24,0.041666666666666664
11466800,WestXeric,El_Nino,Winter,Dam_Present,2,24,0.08333333333333333
11466800,WestXeric,La_Nina,Fall,Dam_Present,3,15,0.2
11466800,WestXeric,La_Nina,Spring,Dam_Present,2,15,0.13333333333333333
11466800,WestXeric,La_Nina,Summer,Dam_Present,2,15,0.13333333333333333
11466800,WestXeric,La_Nina,Winter,Dam_Present,4,15,0.26666666666666666
11466800,WestXeric,Neutral,Fall,Dam_Present,1,5,0.2
11466800,WestXeric,Neutral,Winter,Dam_Present,1,5,0.2
11473900,WestMnts,El_Nino,Fall,Dam_Absent,5,24,0.20833333333333334
11473900,WestMnts,El_Nino,Spring,Dam_Absent,8,24,0.3333333333333333
11473900,WestMnts,El_Nino,Summer,Dam_Absent,2,24,0.08333333333333333
11473900,WestMnts,El_Nino,Winter,Dam_Absent,7,24,0.2916666666666667
11473900,WestMnts,La_Nina,Fall,Dam_Absent,2,15,0.13333333333333333
11473900,WestMnts,La_Nina,Spring,Dam_Absent,3,15,0.2
11473900,WestMnts,La_Nina,Summer,Dam_Absent,1,15,0.06666666666666667
11473900,WestMnts,La_Nina,Winter,Dam_Absent,5,15,0.3333333333333333
11473900,WestMnts,Neutral,Fall,Dam_Absent,2,5,0.4
11473900,WestMnts,Neutral,Spring,Dam_Absent,1,5,0.2
11473900,WestMnts,Neutral,Winter,Dam_Absent,3,5,0.6
11481000,WestMnts,El_Nino,Fall,Dam_Absent,5,24,0.20833333333333334
11481000,WestMnts,El_Nino,Spring,Dam_Absent,6,24,0.25
11481000,WestMnts,El_Nino,Summer,Dam_Absent,4,24,0.16666666666666666
11481000,WestMnts,El_Nino,Winter,Dam_Absent,4,24,0.16666666666666666
11481000,WestMnts,La_Nina,Fall,Dam_Absent,2,15,0.13333333333333333
11481000,WestMnts,La_Nina,Spring,Dam_Absent,4,15,0.26666666666666666
11481000,WestMnts,La_Nina,Summer,Dam_Absent,2,15,0.13333333333333333
11481000,WestMnts,La_Nina,Winter,Dam_Absent,8,15,0.5333333333333333
11481000,WestMnts,Neutral,Fall,Dam_Absent,1,5,0.2
11481000,WestMnts,Neutral,Spring,Dam_Absent,2,5,0.4
11481000,WestMnts,Neutral,Summer,Dam_Absent,1,5,0.2
11481000,WestMnts,Neutral,Winter,Dam_Absent,1,5,0.2
1151500,NorthEast,El_Nino,Fall,Dam_Present,7,24,0.2916666666666667
1151500,NorthEast,El_Nino,Spring,Dam_Present,8,24,0.3333333333333333
1151500,NorthEast,El_Nino,Summer,Dam_Present,7,24,0.2916666666666667
1151500,NorthEast,El_Nino,Winter,Dam_Present,9,24,0.375
1151500,NorthEast,La_Nina,Fall,Dam_Present,4,15,0.26666666666666666
1151500,NorthEast,La_Nina,Spring,Dam_Present,1,15,0.06666666666666667
1151500,NorthEast,La_Nina,Summer,Dam_Present,5,15,0.3333333333333333
1151500,NorthEast,La_Nina,Winter,Dam_Present,7,15,0.4666666666666667
1151500,NorthEast,Neutral,Fall,Dam_Present,2,5,0.4
1151500,NorthEast,Neutral,Spring,Dam_Present,1,5,0.2
1151500,NorthEast,Neutral,Summer,Dam_Present,1,5,0.2
1151500,NorthEast,Neutral,Winter,Dam_Present,2,5,0.4
1152500,NorthEast,El_Nino,Fall,Dam_Present,4,24,0.16666666666666666
1152500,NorthEast,El_Nino,Spring,Dam_Present,6,24,0.25
1152500,NorthEast,El_Nino,Summer,Dam_Present,11,24,0.4583333333333333
1152500,NorthEast,El_Nino,Winter,Dam_Present,3,24,0.125
1152500,NorthEast,La_Nina,Fall,Dam_Present,5,15,0.3333333333333333
1152500,NorthEast,La_Nina,Spring,Dam_Present,4,15,0.26666666666666666
1152500,NorthEast,La_Nina,Summer,Dam_Present,6,15,0.4
1152500,NorthEast,La_Nina,Winter,Dam_Present,3,15,0.2
1152500,NorthEast,Neutral,Fall,Dam_Present,3,5,0.6
1152500,NorthEast,Neutral,Spring,Dam_Present,3,5,0.6
1152500,NorthEast,Neutral,Summer,Dam_Present,2,5,0.4
1152500,NorthEast,Neutral,Winter,Dam_Present,1,5,0.2
11525630,WestMnts,El_Nino,Fall,Dam_Present,5,24,0.20833333333333334
11525630,WestMnts,El_Nino,Spring,Dam_Present,4,24,0.16666666666666666
11525630,WestMnts,El_Nino,Summer,Dam_Present,1,24,0.041666666666666664
11525630,WestMnts,El_Nino,Winter,Dam_Present,1,24,0.041666666666666664
11525630,WestMnts,La_Nina,Winter,Dam_Present,2,15,0.13333333333333333
11525630,WestMnts,Neutral,Winter,Dam_Present,2,5,0.4
1153000,NorthEast,La_Nina,Fall,Dam_Present,1,15,0.06666666666666667
1153000,NorthEast,La_Nina,Spring,Dam_Present,2,15,0.13333333333333333
1153000,NorthEast,La_Nina,Summer,Dam_Present,4,15,0.26666666666666666
1153000,NorthEast,La_Nina,Winter,Dam_Present,2,15,0.13333333333333333
1154500,NorthEast,El_Nino,Fall,Dam_Present,10,24,0.4166666666666667
1154500,NorthEast,El_Nino,Spring,Dam_Present,8,24,0.3333333333333333
1154500,NorthEast,El_Nino,Summer,Dam_Present,6,24,0.25
1154500,NorthEast,El_Nino,Winter,Dam_Present,5,24,0.20833333333333334
1154500,NorthEast,La_Nina,Fall,Dam_Present,4,15,0.26666666666666666
1154500,NorthEast,La_Nina,Spring,Dam_Present,6,15,0.4
1154500,NorthEast,La_Nina,Summer,Dam_Present,7,15,0.4666666666666667
1154500,NorthEast,La_Nina,Winter,Dam_Present,6,15,0.4
1154500,NorthEast,Neutral,Fall,Dam_Present,1,5,0.2
1154500,NorthEast,Neutral,Spring,Dam_Present,3,5,0.6
1154500,NorthEast,Neutral,Summer,Dam_Present,2,5,0.4
1154500,NorthEast,Neutral,Winter,Dam_Present,4,5,0.8
1155500,NorthEast,El_Nino,Fall,Dam_Present,5,24,0.20833333333333334
1155500,NorthEast,El_Nino,Spring,Dam_Present,4,24,0.16666666666666666
1155500,NorthEast,El_Nino,Summer,Dam_Present,7,24,0.2916666666666667
1155500,NorthEast,El_Nino,Winter,Dam_Present,4,24,0.16666666666666666
1155500,NorthEast,La_Nina,Fall,Dam_Present,5,15,0.3333333333333333
1155500,NorthEast,La_Nina,Spring,Dam_Present,1,15,0.06666666666666667
1155500,NorthEast,La_Nina,Summer,Dam_Present,4,15,0.26666666666666666
1155500,NorthEast,La_Nina,Winter,Dam_Present,4,15,0.26666666666666666
1155500,NorthEast,Neutral,Fall,Dam_Present,1,5,0.2
1155500,NorthEast,Neutral,Spring,Dam_Present,1,5,0.2
1155500,NorthEast,Neutral,Winter,Dam_Present,2,5,0.4
1158000,NorthEast,El_Nino,Fall,Dam_Present,4,24,0.16666666666666666
1158000,NorthEast,El_Nino,Spring,Dam_Present,8,24,0.3333333333333333
1158000,NorthEast,El_Nino,Summer,Dam_Present,9,24,0.375
1158000,NorthEast,El_Nino,Winter,Dam_Present,9,24,0.375
1158000,NorthEast,La_Nina,Fall,Dam_Present,7,15,0.4666666666666667
1158000,NorthEast,La_Nina,Spring,Dam_Present,5,15,0.3333333333333333
1158000,NorthEast,La_Nina,Summer,Dam_Present,7,15,0.4666666666666667
1158000,NorthEast,La_Nina,Winter,Dam_Present,5,15,0.3333333333333333
1158000,NorthEast,Neutral,Fall,Dam_Present,2,5,0.4
1158000,NorthEast,Neutral,Spring,Dam_Present,1,5,0.2
1158000,NorthEast,Neutral,Summer,Dam_Present,1,5,0.2
1158000,NorthEast,Neutral,Winter,Dam_Present,1,5,0.2
1160350,NorthEast,El_Nino,Fall,Dam_Present,4,24,0.16666666666666666
1160350,NorthEast,El_Nino,Spring,Dam_Present,8,24,0.3333333333333333
1160350,NorthEast,El_Nino,Summer,Dam_Present,8,24,0.3333333333333333
1160350,NorthEast,El_Nino,Winter,Dam_Present,5,24,0.20833333333333334
1160350,NorthEast,La_Nina,Fall,Dam_Present,5,15,0.3333333333333333
1160350,NorthEast,La_Nina,Spring,Dam_Present,4,15,0.26666666666666666
1160350,NorthEast,La_Nina,Summer,Dam_Present,7,15,0.4666666666666667
1160350,NorthEast,La_Nina,Winter,Dam_Present,4,15,0.26666666666666666
1160350,NorthEast,Neutral,Fall,Dam_Present,2,5,0.4
1160350,NorthEast,Neutral,Spring,Dam_Present,1,5,0.2
1160350,NorthEast,Neutral,Summer,Dam_Present,1,5,0.2
1161000,NorthEast,El_Nino,Fall,Dam_Absent,8,24,0.3333333333333333
1161000,NorthEast,El_Nino,Spring,Dam_Absent,8,24,0.3333333333333333
1161000,NorthEast,El_Nino,Summer,Dam_Absent,8,24,0.3333333333333333
1161000,NorthEast,El_Nino,Winter,Dam_Absent,5,24,0.20833333333333334
1161000,NorthEast,La_Nina,Fall,Dam_Absent,4,15,0.26666666666666666
1161000,NorthEast,La_Nina,Spring,Dam_Absent,4,15,0.26666666666666666
1161000,NorthEast,La_Nina,Summer,Dam_Absent,8,15,0.5333333333333333
1161000,NorthEast,La_Nina,Winter,Dam_Absent,5,15,0.3333333333333333
1161000,NorthEast,Neutral,Fall,Dam_Absent,3,5,0.6
1161000,NorthEast,Neutral,Spring,Dam_Absent,2,5,0.4
1161000,NorthEast,Neutral,Summer,Dam_Absent,1,5,0.2
1161000,NorthEast,Neutral,Winter,Dam_Absent,2,5,0.4
1162000,NorthEast,El_Nino,Fall,Dam_Present,6,24,0.25
1162000,NorthEast,El_Nino,Spring,Dam_Present,6,24,0.25
1162000,NorthEast,El_Nino,Summer,Dam_Present,9,24,0.375
1162000,NorthEast,El_Nino,Winter,Dam_Present,8,24,0.3333333333333333
1162000,NorthEast,La_Nina,Fall,Dam_Present,3,15,0.2
1162000,NorthEast,La_Nina,Spring,Dam_Present,3,15,0.2
1162000,NorthEast,La_Nina,Summer,Dam_Present,4,15,0.26666666666666666
1162000,NorthEast,La_Nina,Winter,Dam_Present,2,15,0.13333333333333333
1162000,NorthEast,Neutral,Fall,Dam_Present,3,5,0.6
1162000,NorthEast,Neutral,Spring,Dam_Present,2,5,0.4
1162000,NorthEast,Neutral,Summer,Dam_Present,1,5,0.2
1162000,NorthEast,Neutral,Winter,Dam_Present,1,5,0.2
1163200,NorthEast,El_Nino,Fall,Dam_Present,10,24,0.4166666666666667
1163200,NorthEast,El_Nino,Spring,Dam_Present,11,24,0.4583333333333333
1163200,NorthEast,El_Nino,Summer,Dam_Present,12,24,0.5
1163200,NorthEast,El_Nino,Winter,Dam_Present,12,24,0.5
1163200,NorthEast,La_Nina,Fall,Dam_Present,4,15,0.26666666666666666
1163200,NorthEast,La_Nina,Spring,Dam_Present,7,15,0.4666666666666667
1163200,NorthEast,La_Nina,Summer,Dam_Present,3,15,0.2
1163200,NorthEast,La_Nina,Winter,Dam_Present,3,15,0.2
1163200,NorthEast,Neutral,Fall,Dam_Present,2,5,0.4
1163200,NorthEast,Neutral,Spring,Dam_Present,2,5,0.4
1163200,NorthEast,Neutral,Summer,Dam_Present,3,5,0.6
1163200,NorthEast,Neutral,Winter,Dam_Present,3,5,0.6
1166500,NorthEast,El_Nino,Fall,Dam_Absent,9,24,0.375
1166500,NorthEast,El_Nino,Spring,Dam_Absent,11,24,0.4583333333333333
1166500,NorthEast,El_Nino,Summer,Dam_Absent,11,24,0.4583333333333333
1166500,NorthEast,El_Nino,Winter,Dam_Absent,4,24,0.16666666666666666
1166500,NorthEast,La_Nina,Fall,Dam_Absent,3,15,0.2
1166500,NorthEast,La_Nina,Spring,Dam_Absent,5,15,0.3333333333333333
1166500,NorthEast,La_Nina,Summer,Dam_Absent,6,15,0.4
1166500,NorthEast,La_Nina,Winter,Dam_Absent,5,15,0.3333333333333333
1166500,NorthEast,Neutral,Fall,Dam_Absent,2,5,0.4
1166500,NorthEast,Neutral,Spring,Dam_Absent,3,5,0.6
1166500,NorthEast,Neutral,Summer,Dam_Absent,2,5,0.4
1166500,NorthEast,Neutral,Winter,Dam_Absent,1,5,0.2
1168151,NorthEast,El_Nino,Fall,Dam_Present,1,24,0.041666666666666664
1168151,NorthEast,El_Nino,Spring,Dam_Present,1,24,0.041666666666666664
1168151,NorthEast,El_Nino,Summer,Dam_Present,1,24,0.041666666666666664
1168151,NorthEast,El_Nino,Winter,Dam_Present,4,24,0.16666666666666666
1168500,NorthEast,El_Nino,Fall,Dam_Present,8,24,0.3333333333333333
1168500,NorthEast,El_Nino,Spring,Dam_Present,10,24,0.4166666666666667
1168500,NorthEast,El_Nino,Summer,Dam_Present,6,24,0.25
1168500,NorthEast,El_Nino,Winter,Dam_Present,9,24,0.375
1168500,NorthEast,La_Nina,Fall,Dam_Present,4,15,0.26666666666666666
1168500,NorthEast,La_Nina,Spring,Dam_Present,7,15,0.4666666666666667
1168500,NorthEast,La_Nina,Summer,Dam_Present,7,15,0.4666666666666667
1168500,NorthEast,La_Nina,Winter,Dam_Present,1,15,0.06666666666666667
1168500,NorthEast,Neutral,Fall,Dam_Present,1,5,0.2
1168500,NorthEast,Neutral,Spring,Dam_Present,4,5,0.8
1168500,NorthEast,Neutral,Summer,Dam_Present,2,5,0.4
1168500,NorthEast,Neutral,Winter,Dam_Present,1,5,0.2
1170000,NorthEast,El_Nino,Fall,Dam_Present,8,24,0.3333333333333333
1170000,NorthEast,El_Nino,Spring,Dam_Present,12,24,0.5
1170000,NorthEast,El_Nino,Summer,Dam_Present,4,24,0.16666666666666666
1170000,NorthEast,El_Nino,Winter,Dam_Present,5,24,0.20833333333333334
1170000,NorthEast,La_Nina,Fall,Dam_Present,4,15,0.26666666666666666
1170000,NorthEast,La_Nina,Spring,Dam_Present,3,15,0.2
1170000,NorthEast,La_Nina,Summer,Dam_Present,6,15,0.4
1170000,NorthEast,La_Nina,Winter,Dam_Present,4,15,0.26666666666666666
1170000,NorthEast,Neutral,Fall,Dam_Present,1,5,0.2
1170000,NorthEast,Neutral,Spring,Dam_Present,1,5,0.2
1170000,NorthEast,Neutral,Summer,Dam_Present,2,5,0.4
1170000,NorthEast,Neutral,Winter,Dam_Present,1,5,0.2
1170500,NorthEast,El_Nino,Fall,Dam_Present,4,24,0.16666666666666666
1170500,NorthEast,El_Nino,Spring,Dam_Present,9,24,0.375
1170500,NorthEast,El_Nino,Summer,Dam_Present,4,24,0.16666666666666666
1170500,NorthEast,El_Nino,Winter,Dam_Present,8,24,0.3333333333333333
1170500,NorthEast,La_Nina,Fall,Dam_Present,5,15,0.3333333333333333
1170500,NorthEast,La_Nina,Spring,Dam_Present,7,15,0.4666666666666667
1170500,NorthEast,La_Nina,Summer,Dam_Present,6,15,0.4
1170500,NorthEast,La_Nina,Winter,Dam_Present,4,15,0.26666666666666666
1170500,NorthEast,Neutral,Fall,Dam_Present,1,5,0.2
1170500,NorthEast,Neutral,Spring,Dam_Present,4,5,0.8
1170500,NorthEast,Neutral,Summer,Dam_Present,3,5,0.6
1172500,NorthEast,El_Nino,Fall,Dam_Present,5,24,0.20833333333333334
1172500,NorthEast,El_Nino,Spring,Dam_Present,10,24,0.4166666666666667
1172500,NorthEast,El_Nino,Summer,Dam_Present,10,24,0.4166666666666667
1172500,NorthEast,El_Nino,Winter,Dam_Present,9,24,0.375
1172500,NorthEast,La_Nina,Fall,Dam_Present,3,15,0.2
1172500,NorthEast,La_Nina,Spring,Dam_Present,5,15,0.3333333333333333
1172500,NorthEast,La_Nina,Summer,Dam_Present,3,15,0.2
1172500,NorthEast,La_Nina,Winter,Dam_Present,5,15,0.3333333333333333
1172500,NorthEast,Neutral,Fall,Dam_Present,2,5,0.4
1172500,NorthEast,Neutral,Spring,Dam_Present,2,5,0.4
1172500,NorthEast,Neutral,Summer,Dam_Present,4,5,0.8
1172500,NorthEast,Neutral,Winter,Dam_Present,1,5,0.2
1173000,NorthEast,El_Nino,Fall,Dam_Present,1,24,0.041666666666666664
1173000,NorthEast,El_Nino,Spring,Dam_Present,4,24,0.16666666666666666
1173000,NorthEast,El_Nino,Summer,Dam_Present,3,24,0.125
1173000,NorthEast,El_Nino,Winter,Dam_Present,4,24,0.16666666666666666
1173000,NorthEast,La_Nina,Fall,Dam_Present,2,15,0.13333333333333333
1173000,NorthEast,La_Nina,Spring,Dam_Present,2,15,0.13333333333333333
1173000,NorthEast,La_Nina,Summer,Dam_Present,3,15,0.2
1173000,NorthEast,La_Nina,Winter,Dam_Present,1,15,0.06666666666666667
1173000,NorthEast,Neutral,Winter,Dam_Present,1,5,0.2
1173500,NorthEast,El_Nino,Fall,Dam_Absent,8,24,0.3333333333333333
1173500,NorthEast,El_Nino,Spring,Dam_Absent,11,24,0.4583333333333333
1173500,NorthEast,El_Nino,Summer,Dam_Absent,9,24,0.375
1173500,NorthEast,El_Nino,Winter,Dam_Absent,5,24,0.20833333333333334
1173500,NorthEast,La_Nina,Fall,Dam_Absent,5,15,0.3333333333333333
1173500,NorthEast,La_Nina,Spring,Dam_Absent,7,15,0.4666666666666667
1173500,NorthEast,La_Nina,Summer,Dam_Absent,2,15,0.13333333333333333
1173500,NorthEast,La_Nina,Winter,Dam_Absent,3,15,0.2
1173500,NorthEast,Neutral,Fall,Dam_Absent,2,5,0.4
1173500,NorthEast,Neutral,Spring,Dam_Absent,2,5,0.4
1173500,NorthEast,Neutral,Summer,Dam_Absent,3,5,0.6
1173500,NorthEast,Neutral,Winter,Dam_Absent,2,5,0.4
1183500,NorthEast,El_Nino,Fall,Dam_Present,10,24,0.4166666666666667
1183500,NorthEast,El_Nino,Spring,Dam_Present,12,24,0.5
1183500,NorthEast,El_Nino,Summer,Dam_Present,10,24,0.4166666666666667
1183500,NorthEast,El_Nino,Winter,Dam_Present,8,24,0.3333333333333333
1183500,NorthEast,La_Nina,Fall,Dam_Present,6,15,0.4
1183500,NorthEast,La_Nina,Spring,Dam_Present,3,15,0.2
1183500,NorthEast,La_Nina,Summer,Dam_Present,7,15,0.4666666666666667
1183500,NorthEast,La_Nina,Winter,Dam_Present,5,15,0.3333333333333333
1183500,NorthEast,Neutral,Fall,Dam_Present,2,5,0.4
1183500,NorthEast,Neutral,Spring,Dam_Present,1,5,0.2
1183500,NorthEast,Neutral,Summer,Dam_Present,3,5,0.6
1184000,NorthEast,El_Nino,Fall,Dam_Present,7,24,0.2916666666666667
1184000,NorthEast,El_Nino,Spring,Dam_Present,9,24,0.375
1184000,NorthEast,El_Nino,Summer,Dam_Present,6,24,0.25
1184000,NorthEast,El_Nino,Winter,Dam_Present,8,24,0.3333333333333333
1184000,NorthEast,La_Nina,Fall,Dam_Present,7,15,0.4666666666666667
1184000,NorthEast,La_Nina,Spring,Dam_Present,6,15,0.4
1184000,NorthEast,La_Nina,Summer,Dam_Present,6,15,0.4
1184000,NorthEast,La_Nina,Winter,Dam_Present,7,15,0.4666666666666667
1184000,NorthEast,Neutral,Fall,Dam_Present,2,5,0.4
1184000,NorthEast,Neutral,Spring,Dam_Present,3,5,0.6
1184000,NorthEast,Neutral,Summer,Dam_Present,3,5,0.6
1184000,NorthEast,Neutral,Winter,Dam_Present,2,5,0.4
1185500,NorthEast,El_Nino,Fall,Dam_Present,5,24,0.20833333333333334
1185500,NorthEast,El_Nino,Spring,Dam_Present,9,24,0.375
1185500,NorthEast,El_Nino,Summer,Dam_Present,11,24,0.4583333333333333
1185500,NorthEast,El_Nino,Winter,Dam_Present,9,24,0.375
1185500,NorthEast,La_Nina,Fall,Dam_Present,4,15,0.26666666666666666
1185500,NorthEast,La_Nina,Spring,Dam_Present,3,15,0.2
1185500,NorthEast,La_Nina,Summer,Dam_Present,8,15,0.5333333333333333
1185500,NorthEast,La_Nina,Winter,Dam_Present,7,15,0.4666666666666667
1185500,NorthEast,Neutral,Fall,Dam_Present,1,5,0.2
1185500,NorthEast,Neutral,Spring,Dam_Present,2,5,0.4
1185500,NorthEast,Neutral,Summer,Dam_Present,2,5,0.4
1185500,NorthEast,Neutral,Winter,Dam_Present,1,5,0.2
1186000,NorthEast,El_Nino,Fall,Dam_Present,7,24,0.2916666666666667
1186000,NorthEast,El_Nino,Spring,Dam_Present,7,24,0.2916666666666667
1186000,NorthEast,El_Nino,Summer,Dam_Present,9,24,0.375
1186000,NorthEast,El_Nino,Winter,Dam_Present,8,24,0.3333333333333333
1186000,NorthEast,La_Nina,Fall,Dam_Present,5,15,0.3333333333333333
1186000,NorthEast,La_Nina,Spring,Dam_Present,9,15,0.6
1186000,NorthEast,La_Nina,Summer,Dam_Present,3,15,0.2
1186000,NorthEast,La_Nina,Winter,Dam_Present,2,15,0.13333333333333333
1186000,NorthEast,Neutral,Fall,Dam_Present,2,5,0.4
1186000,NorthEast,Neutral,Spring,Dam_Present,2,5,0.4
1186000,NorthEast,Neutral,Summer,Dam_Present,1,5,0.2
1186500,NorthEast,El_Nino,Fall,Dam_Present,7,24,0.2916666666666667
1186500,NorthEast,El_Nino,Spring,Dam_Present,9,24,0.375
1186500,NorthEast,El_Nino,Summer,Dam_Present,9,24,0.375
1186500,NorthEast,El_Nino,Winter,Dam_Present,4,24,0.16666666666666666
1186500,NorthEast,La_Nina,Fall,Dam_Present,6,15,0.4
1186500,NorthEast,La_Nina,Spring,Dam_Present,4,15,0.26666666666666666
1186500,NorthEast,La_Nina,Summer,Dam_Present,6,15,0.4
1186500,NorthEast,La_Nina,Winter,Dam_Present,2,15,0.13333333333333333
1186500,NorthEast,Neutral,Fall,Dam_Present,1,5,0.2
1186500,NorthEast,Neutral,Spring,Dam_Present,3,5,0.6
1186500,NorthEast,Neutral,Summer,Dam_Present,2,5,0.4
1188090,NorthEast,El_Nino,Fall,Dam_Present,5,24,0.20833333333333334
1188090,NorthEast,El_Nino,Spring,Dam_Present,9,24,0.375
1188090,NorthEast,El_Nino,Summer,Dam_Present,8,24,0.3333333333333333
1188090,NorthEast,El_Nino,Winter,Dam_Present,5,24,0.20833333333333334
1188090,NorthEast,La_Nina,Fall,Dam_Present,6,15,0.4
1188090,NorthEast,La_Nina,Spring,Dam_Present,5,15,0.3333333333333333
1188090,NorthEast,La_Nina,Summer,Dam_Present,5,15,0.3333333333333333
1188090,NorthEast,La_Nina,Winter,Dam_Present,3,15,0.2
1188090,NorthEast,Neutral,Fall,Dam_Present,1,5,0.2
1188090,NorthEast,Neutral,Spring,Dam_Present,2,5,0.4
1188090,NorthEast,Neutral,Summer,Dam_Present,2,5,0.4
1189000,NorthEast,El_Nino,Fall,Dam_Present,6,24,0.25
1189000,NorthEast,El_Nino,Spring,Dam_Present,5,24,0.20833333333333334
1189000,NorthEast,El_Nino,Summer,Dam_Present,5,24,0.20833333333333334
1189000,NorthEast,El_Nino,Winter,Dam_Present,3,24,0.125
1189000,NorthEast,La_Nina,Fall,Dam_Present,5,15,0.3333333333333333
1189000,NorthEast,La_Nina,Spring,Dam_Present,4,15,0.26666666666666666
1189000,NorthEast,La_Nina,Summer,Dam_Present,2,15,0.13333333333333333
1189000,NorthEast,La_Nina,Winter,Dam_Present,2,15,0.13333333333333333
1189000,NorthEast,Neutral,Summer,Dam_Present,1,5,0.2
1189000,NorthEast,Neutral,Winter,Dam_Present,1,5,0.2
1189995,NorthEast,El_Nino,Fall,Dam_Absent,5,24,0.20833333333333334
1189995,NorthEast,El_Nino,Spring,Dam_Absent,9,24,0.375
1189995,NorthEast,El_Nino,Summer,Dam_Absent,10,24,0.4166666666666667
1189995,NorthEast,El_Nino,Winter,Dam_Absent,5,24,0.20833333333333334
1189995,NorthEast,La_Nina,Fall,Dam_Absent,6,15,0.4
1189995,NorthEast,La_Nina,Spring,Dam_Absent,5,15,0.3333333333333333
1189995,NorthEast,La_Nina,Summer,Dam_Absent,5,15,0.3333333333333333
1189995,NorthEast,La_Nina,Winter,Dam_Absent,2,15,0.13333333333333333
1189995,NorthEast,Neutral,Fall,Dam_Absent,2,5,0.4
1189995,NorthEast,Neutral,Spring,Dam_Absent,2,5,0.4
1189995,NorthEast,Neutral,Summer,Dam_Absent,3,5,0.6
1192500,NorthEast,El_Nino,Fall,Dam_Present,5,24,0.20833333333333334
1192500,NorthEast,El_Nino,Spring,Dam_Present,6,24,0.25
1192500,NorthEast,El_Nino,Summer,Dam_Present,9,24,0.375
1192500,NorthEast,El_Nino,Winter,Dam_Present,7,24,0.2916666666666667
1192500,NorthEast,La_Nina,Fall,Dam_Present,4,15,0.26666666666666666
1192500,NorthEast,La_Nina,Spring,Dam_Present,4,15,0.26666666666666666
1192500,NorthEast,La_Nina,Summer,Dam_Present,9,15,0.6
1192500,NorthEast,La_Nina,Winter,Dam_Present,5,15,0.3333333333333333
1192500,NorthEast,Neutral,Fall,Dam_Present,2,5,0.4
1192500,NorthEast,Neutral,Spring,Dam_Present,1,5,0.2
1197000,NorthEast,El_Nino,Fall,Dam_Present,11,24,0.4583333333333333
1197000,NorthEast,El_Nino,Spring,Dam_Present,12,24,0.5
1197000,NorthEast,El_Nino,Summer,Dam_Present,10,24,0.4166666666666667
1197000,NorthEast,El_Nino,Winter,Dam_Present,6,24,0.25
1197000,NorthEast,La_Nina,Fall,Dam_Present,6,15,0.4
1197000,NorthEast,La_Nina,Spring,Dam_Present,4,15,0.26666666666666666
1197000,NorthEast,La_Nina,Summer,Dam_Present,6,15,0.4
1197000,NorthEast,La_Nina,Winter,Dam_Present,6,15,0.4
1197000,NorthEast,Neutral,Fall,Dam_Present,2,5,0.4
1197000,NorthEast,Neutral,Spring,Dam_Present,1,5,0.2
1197000,NorthEast,Neutral,Summer,Dam_Present,2,5,0.4
1197000,NorthEast,Neutral,Winter,Dam_Present,2,5,0.4
1197500,NorthEast,El_Nino,Fall,Dam_Present,11,24,0.4583333333333333
1197500,NorthEast,El_Nino,Spring,Dam_Present,10,24,0.4166666666666667
1197500,NorthEast,El_Nino,Summer,Dam_Present,10,24,0.4166666666666667
1197500,NorthEast,El_Nino,Winter,Dam_Present,5,24,0.20833333333333334
1197500,NorthEast,La_Nina,Fall,Dam_Present,6,15,0.4
1197500,NorthEast,La_Nina,Spring,Dam_Present,4,15,0.26666666666666666
1197500,NorthEast,La_Nina,Summer,Dam_Present,7,15,0.4666666666666667
1197500,NorthEast,La_Nina,Winter,Dam_Present,3,15,0.2
1197500,NorthEast,Neutral,Fall,Dam_Present,2,5,0.4
1197500,NorthEast,Neutral,Spring,Dam_Present,1,5,0.2
1197500,NorthEast,Neutral,Summer,Dam_Present,3,5,0.6
1197500,NorthEast,Neutral,Winter,Dam_Present,1,5,0.2
1198125,NorthEast,El_Nino,Fall,Dam_Absent,3,24,0.125
1198125,NorthEast,El_Nino,Spring,Dam_Absent,8,24,0.3333333333333333
1198125,NorthEast,El_Nino,Summer,Dam_Absent,7,24,0.2916666666666667
1198125,NorthEast,El_Nino,Winter,Dam_Absent,4,24,0.16666666666666666
1198125,NorthEast,La_Nina,Fall,Dam_Absent,3,15,0.2
1198125,NorthEast,La_Nina,Summer,Dam_Absent,5,15,0.3333333333333333
1198125,NorthEast,La_Nina,Winter,Dam_Absent,3,15,0.2
1198125,NorthEast,Neutral,Fall,Dam_Absent,1,5,0.2
1198125,NorthEast,Neutral,Spring,Dam_Absent,2,5,0.4
1198125,NorthEast,Neutral,Summer,Dam_Absent,1,5,0.2
1198125,NorthEast,Neutral,Winter,Dam_Absent,3,5,0.6
12035002,WestMnts,El_Nino,Spring,Dam_Absent,1,24,0.041666666666666664
12058790,WestMnts,El_Nino,Fall,Dam_Present,5,24,0.20833333333333334
12058790,WestMnts,El_Nino,Spring,Dam_Present,3,24,0.125
12058790,WestMnts,El_Nino,Summer,Dam_Present,2,24,0.08333333333333333
12058790,WestMnts,El_Nino,Winter,Dam_Present,2,24,0.08333333333333333
12058790,WestMnts,La_Nina,Fall,Dam_Present,4,15,0.26666666666666666
12058790,WestMnts,La_Nina,Spring,Dam_Present,1,15,0.06666666666666667
12058790,WestMnts,La_Nina,Winter,Dam_Present,2,15,0.13333333333333333
12058790,WestMnts,Neutral,Fall,Dam_Present,2,5,0.4
12058790,WestMnts,Neutral,Spring,Dam_Present,4,5,0.8
12058790,WestMnts,Neutral,Summer,Dam_Present,1,5,0.2
12058790,WestMnts,Neutral,Winter,Dam_Present,1,5,0.2
12080010,WestMnts,El_Nino,Fall,Dam_Absent,7,24,0.2916666666666667
12080010,WestMnts,El_Nino,Spring,Dam_Absent,8,24,0.3333333333333333
12080010,WestMnts,El_Nino,Summer,Dam_Absent,7,24,0.2916666666666667
12080010,WestMnts,El_Nino,Winter,Dam_Absent,12,24,0.5
12080010,WestMnts,La_Nina,Fall,Dam_Absent,5,15,0.3333333333333333
12080010,WestMnts,La_Nina,Spring,Dam_Absent,6,15,0.4
12080010,WestMnts,La_Nina,Summer,Dam_Absent,1,15,0.06666666666666667
12080010,WestMnts,La_Nina,Winter,Dam_Absent,4,15,0.26666666666666666
12080010,WestMnts,Neutral,Winter,Dam_Absent,2,5,0.4
12105900,WestMnts,El_Nino,Fall,Dam_Present,4,24,0.16666666666666666
12105900,WestMnts,El_Nino,Spring,Dam_Present,6,24,0.25
12105900,WestMnts,El_Nino,Summer,Dam_Present,2,24,0.08333333333333333
12105900,WestMnts,El_Nino,Winter,Dam_Present,6,24,0.25
12105900,WestMnts,La_Nina,Fall,Dam_Present,5,15,0.3333333333333333
12105900,WestMnts,La_Nina,Spring,Dam_Present,2,15,0.13333333333333333
12105900,WestMnts,La_Nina,Winter,Dam_Present,4,15,0.26666666666666666
12116400,WestMnts,El_Nino,Fall,Dam_Present,4,24,0.16666666666666666
12116400,WestMnts,El_Nino,Spring,Dam_Present,3,24,0.125
12116400,WestMnts,El_Nino,Summer,Dam_Present,6,24,0.25
12116400,WestMnts,El_Nino,Winter,Dam_Present,5,24,0.20833333333333334
12116400,WestMnts,La_Nina,Fall,Dam_Present,6,15,0.4
12116400,WestMnts,La_Nina,Spring,Dam_Present,3,15,0.2
12116400,WestMnts,La_Nina,Summer,Dam_Present,1,15,0.06666666666666667
12116400,WestMnts,La_Nina,Winter,Dam_Present,3,15,0.2
12116400,WestMnts,Neutral,Winter,Dam_Present,2,5,0.4
12344000,WestMnts,El_Nino,Fall,Dam_Absent,4,24,0.16666666666666666
12344000,WestMnts,El_Nino,Spring,Dam_Absent,10,24,0.4166666666666667
12344000,WestMnts,El_Nino,Summer,Dam_Absent,6,24,0.25
12344000,WestMnts,El_Nino,Winter,Dam_Absent,7,24,0.2916666666666667
12344000,WestMnts,La_Nina,Fall,Dam_Absent,8,15,0.5333333333333333
12344000,WestMnts,La_Nina,Spring,Dam_Absent,6,15,0.4
12344000,WestMnts,La_Nina,Summer,Dam_Absent,2,15,0.13333333333333333
12344000,WestMnts,La_Nina,Winter,Dam_Absent,1,15,0.06666666666666667
12344000,WestMnts,Neutral,Spring,Dam_Absent,2,5,0.4
12344000,WestMnts,Neutral,Winter,Dam_Absent,1,5,0.2
12350250,WestMnts,El_Nino,Fall,Dam_Absent,2,24,0.08333333333333333
12350250,WestMnts,El_Nino,Spring,Dam_Absent,1,24,0.041666666666666664
12350250,WestMnts,El_Nino,Summer,Dam_Absent,7,24,0.2916666666666667
12350250,WestMnts,La_Nina,Fall,Dam_Absent,2,15,0.13333333333333333
12350250,WestMnts,La_Nina,Spring,Dam_Absent,1,15,0.06666666666666667
12350250,WestMnts,La_Nina,Summer,Dam_Absent,3,15,0.2
12350250,WestMnts,Neutral,Fall,Dam_Absent,1,5,0.2
12350250,WestMnts,Neutral,Spring,Dam_Absent,1,5,0.2
12351200,WestMnts,El_Nino,Fall,Dam_Absent,2,24,0.08333333333333333
12351200,WestMnts,El_Nino,Spring,Dam_Absent,2,24,0.08333333333333333
12351200,WestMnts,El_Nino,Summer,Dam_Absent,1,24,0.041666666666666664
12352500,WestMnts,El_Nino,Fall,Dam_Absent,9,24,0.375
12352500,WestMnts,El_Nino,Spring,Dam_Absent,7,24,0.2916666666666667
12352500,WestMnts,El_Nino,Summer,Dam_Absent,5,24,0.20833333333333334
12352500,WestMnts,El_Nino,Winter,Dam_Absent,8,24,0.3333333333333333
12352500,WestMnts,La_Nina,Fall,Dam_Absent,5,15,0.3333333333333333
12352500,WestMnts,La_Nina,Spring,Dam_Absent,4,15,0.26666666666666666
12352500,WestMnts,La_Nina,Summer,Dam_Absent,4,15,0.26666666666666666
12352500,WestMnts,La_Nina,Winter,Dam_Absent,2,15,0.13333333333333333
12352500,WestMnts,Neutral,Fall,Dam_Absent,1,5,0.2
12352500,WestMnts,Neutral,Spring,Dam_Absent,2,5,0.4
12353000,WestMnts,El_Nino,Fall,Dam_Absent,7,24,0.2916666666666667
12353000,WestMnts,El_Nino,Spring,Dam_Absent,10,24,0.4166666666666667
12353000,WestMnts,El_Nino,Summer,Dam_Absent,5,24,0.20833333333333334
12353000,WestMnts,El_Nino,Winter,Dam_Absent,14,24,0.5833333333333334
12353000,WestMnts,La_Nina,Fall,Dam_Absent,2,15,0.13333333333333333
12353000,WestMnts,La_Nina,Spring,Dam_Absent,7,15,0.4666666666666667
12353000,WestMnts,Neutral,Spring,Dam_Absent,1,5,0.2
12353000,WestMnts,Neutral,Summer,Dam_Absent,2,5,0.4
12353000,WestMnts,Neutral,Winter,Dam_Absent,1,5,0.2
12409000,WestMnts,El_Nino,Fall,Dam_Absent,6,24,0.25
12409000,WestMnts,El_Nino,Spring,Dam_Absent,6,24,0.25
12409000,WestMnts,El_Nino,Summer,Dam_Absent,2,24,0.08333333333333333
12409000,WestMnts,El_Nino,Winter,Dam_Absent,14,24,0.5833333333333334
12409000,WestMnts,La_Nina,Fall,Dam_Absent,5,15,0.3333333333333333
12409000,WestMnts,La_Nina,Spring,Dam_Absent,1,15,0.06666666666666667
12409000,WestMnts,La_Nina,Winter,Dam_Absent,3,15,0.2
12409000,WestMnts,Neutral,Spring,Dam_Absent,1,5,0.2
12409000,WestMnts,Neutral,Winter,Dam_Absent,4,5,0.8
12434590,WestMnts,El_Nino,Fall,Dam_Absent,1,24,0.041666666666666664
12434590,WestMnts,El_Nino,Spring,Dam_Absent,3,24,0.125
12434590,WestMnts,El_Nino,Summer,Dam_Absent,2,24,0.08333333333333333
12434590,WestMnts,El_Nino,Winter,Dam_Absent,4,24,0.16666666666666666
12434590,WestMnts,La_Nina,Fall,Dam_Absent,1,15,0.06666666666666667
12434590,WestMnts,La_Nina,Spring,Dam_Absent,3,15,0.2
12434590,WestMnts,La_Nina,Summer,Dam_Absent,1,15,0.06666666666666667
12434590,WestMnts,La_Nina,Winter,Dam_Absent,2,15,0.13333333333333333
13181000,WestXeric,El_Nino,Fall,Dam_Absent,3,24,0.125
13181000,WestXeric,El_Nino,Spring,Dam_Absent,7,24,0.2916666666666667
13181000,WestXeric,El_Nino,Summer,Dam_Absent,2,24,0.08333333333333333
13181000,WestXeric,El_Nino,Winter,Dam_Absent,9,24,0.375
13181000,WestXeric,La_Nina,Fall,Dam_Absent,2,15,0.13333333333333333
13181000,WestXeric,La_Nina,Spring,Dam_Absent,1,15,0.06666666666666667
13181000,WestXeric,La_Nina,Summer,Dam_Absent,2,15,0.13333333333333333
13181000,WestXeric,La_Nina,Winter,Dam_Absent,3,15,0.2
13181000,WestXeric,Neutral,Fall,Dam_Absent,1,5,0.2
13181000,WestXeric,Neutral,Spring,Dam_Absent,2,5,0.4
13181000,WestXeric,Neutral,Winter,Dam_Absent,2,5,0.4
13183000,WestXeric,El_Nino,Fall,Dam_Present,5,24,0.20833333333333334
13183000,WestXeric,El_Nino,Summer,Dam_Present,1,24,0.041666666666666664
13183000,WestXeric,La_Nina,Fall,Dam_Present,1,15,0.06666666666666667
13183000,WestXeric,La_Nina,Spring,Dam_Present,2,15,0.13333333333333333
13183000,WestXeric,La_Nina,Winter,Dam_Present,1,15,0.06666666666666667
13183000,WestXeric,Neutral,Spring,Dam_Present,1,5,0.2
13215000,WestMnts,El_Nino,Fall,Dam_Present,2,24,0.08333333333333333
13215000,WestMnts,El_Nino,Spring,Dam_Present,1,24,0.041666666666666664
13215000,WestMnts,El_Nino,Summer,Dam_Present,3,24,0.125
13215000,WestMnts,El_Nino,Winter,Dam_Present,1,24,0.041666666666666664
13215000,WestMnts,La_Nina,Winter,Dam_Present,1,15,0.06666666666666667
13217500,WestMnts,El_Nino,Fall,Dam_Present,5,24,0.20833333333333334
13217500,WestMnts,El_Nino,Spring,Dam_Present,3,24,0.125
13217500,WestMnts,El_Nino,Summer,Dam_Present,3,24,0.125
13217500,WestMnts,El_Nino,Winter,Dam_Present,1,24,0.041666666666666664
13217500,WestMnts,La_Nina,Spring,Dam_Present,2,15,0.13333333333333333
13217500,WestMnts,Neutral,Summer,Dam_Present,1,5,0.2
13217500,WestMnts,Neutral,Winter,Dam_Present,1,5,0.2
13233300,WestXeric,El_Nino,Fall,Dam_Present,1,24,0.041666666666666664
13233300,WestXeric,El_Nino,Spring,Dam_Present,3,24,0.125
13233300,WestXeric,El_Nino,Summer,Dam_Present,2,24,0.08333333333333333
13233300,WestXeric,El_Nino,Winter,Dam_Present,3,24,0.125
13233300,WestXeric,La_Nina,Fall,Dam_Present,1,15,0.06666666666666667
13233300,WestXeric,La_Nina,Summer,Dam_Present,3,15,0.2
13233300,WestXeric,Neutral,Fall,Dam_Present,1,5,0.2
13233300,WestXeric,Neutral,Summer,Dam_Present,1,5,0.2
13236500,WestMnts,El_Nino,Fall,Dam_Present,4,24,0.16666666666666666
13236500,WestMnts,El_Nino,Spring,Dam_Present,4,24,0.16666666666666666
13236500,WestMnts,El_Nino,Summer,Dam_Present,13,24,0.5416666666666666
13236500,WestMnts,La_Nina,Fall,Dam_Present,3,15,0.2
13236500,WestMnts,La_Nina,Spring,Dam_Present,1,15,0.06666666666666667
13236500,WestMnts,La_Nina,Summer,Dam_Present,6,15,0.4
13236500,WestMnts,Neutral,Fall,Dam_Present,2,5,0.4
13265500,WestXeric,El_Nino,Fall,Dam_Absent,6,24,0.25
13265500,WestXeric,El_Nino,Spring,Dam_Absent,8,24,0.3333333333333333
13265500,WestXeric,El_Nino,Summer,Dam_Absent,6,24,0.25
13265500,WestXeric,El_Nino,Winter,Dam_Absent,10,24,0.4166666666666667
13265500,WestXeric,La_Nina,Fall,Dam_Absent,5,15,0.3333333333333333
13265500,WestXeric,La_Nina,Spring,Dam_Absent,6,15,0.4
13265500,WestXeric,La_Nina,Summer,Dam_Absent,6,15,0.4
13265500,WestXeric,La_Nina,Winter,Dam_Absent,4,15,0.26666666666666666
13265500,WestXeric,Neutral,Fall,Dam_Absent,1,5,0.2
13265500,WestXeric,Neutral,Spring,Dam_Absent,1,5,0.2
13265500,WestXeric,Neutral,Winter,Dam_Absent,1,5,0.2
13307000,WestMnts,El_Nino,Fall,Dam_Absent,4,24,0.16666666666666666
13307000,WestMnts,El_Nino,Spring,Dam_Absent,6,24,0.25
13307000,WestMnts,El_Nino,Summer,Dam_Absent,3,24,0.125
13307000,WestMnts,El_Nino,Winter,Dam_Absent,5,24,0.20833333333333334
13307000,WestMnts,La_Nina,Fall,Dam_Absent,1,15,0.06666666666666667
13307000,WestMnts,La_Nina,Spring,Dam_Absent,4,15,0.26666666666666666
13307000,WestMnts,La_Nina,Summer,Dam_Absent,2,15,0.13333333333333333
13307000,WestMnts,La_Nina,Winter,Dam_Absent,1,15,0.06666666666666667
13307000,WestMnts,Neutral,Spring,Dam_Absent,2,5,0.4
13316500,WestMnts,El_Nino,Fall,Dam_Absent,8,24,0.3333333333333333
13316500,WestMnts,El_Nino,Spring,Dam_Absent,5,24,0.20833333333333334
13316500,WestMnts,El_Nino,Summer,Dam_Absent,1,24,0.041666666666666664
13316500,WestMnts,El_Nino,Winter,Dam_Absent,12,24,0.5
13316500,WestMnts,La_Nina,Fall,Dam_Absent,4,15,0.26666666666666666
13316500,WestMnts,La_Nina,Spring,Dam_Absent,7,15,0.4666666666666667
13316500,WestMnts,La_Nina,Summer,Dam_Absent,2,15,0.13333333333333333
13316500,WestMnts,La_Nina,Winter,Dam_Absent,5,15,0.3333333333333333
13316500,WestMnts,Neutral,Spring,Dam_Absent,2,5,0.4
13316500,WestMnts,Neutral,Winter,Dam_Absent,3,5,0.6
13329770,WestMnts,El_Nino,Fall,Dam_Absent,2,24,0.08333333333333333
13329770,WestMnts,El_Nino,Spring,Dam_Absent,6,24,0.25
13329770,WestMnts,El_Nino,Summer,Dam_Absent,1,24,0.041666666666666664
13329770,WestMnts,El_Nino,Winter,Dam_Absent,4,24,0.16666666666666666
13329770,WestMnts,La_Nina,Fall,Dam_Absent,1,15,0.06666666666666667
13329770,WestMnts,La_Nina,Spring,Dam_Absent,2,15,0.13333333333333333
13329770,WestMnts,La_Nina,Summer,Dam_Absent,2,15,0.13333333333333333
13331450,WestMnts,El_Nino,Spring,Dam_Absent,1,24,0.041666666666666664
13331450,WestMnts,El_Nino,Winter,Dam_Absent,1,24,0.041666666666666664
13333000,WestMnts,El_Nino,Fall,Dam_Absent,11,24,0.4583333333333333
13333000,WestMnts,El_Nino,Spring,Dam_Absent,9,24,0.375
13333000,WestMnts,El_Nino,Summer,Dam_Absent,5,24,0.20833333333333334
13333000,WestMnts,El_Nino,Winter,Dam_Absent,8,24,0.3333333333333333
13333000,WestMnts,La_Nina,Fall,Dam_Absent,3,15,0.2
13333000,WestMnts,La_Nina,Spring,Dam_Absent,4,15,0.26666666666666666
13333000,WestMnts,La_Nina,Summer,Dam_Absent,4,15,0.26666666666666666
13333000,WestMnts,La_Nina,Winter,Dam_Absent,3,15,0.2
13333000,WestMnts,Neutral,Fall,Dam_Absent,1,5,0.2
13333000,WestMnts,Neutral,Spring,Dam_Absent,2,5,0.4
13333000,WestMnts,Neutral,Winter,Dam_Absent,1,5,0.2
1382170,NorthEast,El_Nino,Fall,Dam_Present,1,24,0.041666666666666664
1382170,NorthEast,El_Nino,Spring,Dam_Present,1,24,0.041666666666666664
1382170,NorthEast,El_Nino,Winter,Dam_Present,1,24,0.041666666666666664
1382170,NorthEast,Neutral,Spring,Dam_Present,1,5,0.2
1382170,NorthEast,Neutral,Winter,Dam_Present,1,5,0.2
1382500,NorthEast,El_Nino,Fall,Dam_Present,10,24,0.4166666666666667
1382500,NorthEast,El_Nino,Spring,Dam_Present,9,24,0.375
1382500,NorthEast,El_Nino,Summer,Dam_Present,10,24,0.4166666666666667
1382500,NorthEast,El_Nino,Winter,Dam_Present,4,24,0.16666666666666666
1382500,NorthEast,La_Nina,Fall,Dam_Present,4,15,0.26666666666666666
1382500,NorthEast,La_Nina,Spring,Dam_Present,3,15,0.2
1382500,NorthEast,La_Nina,Summer,Dam_Present,6,15,0.4
1382500,NorthEast,La_Nina,Winter,Dam_Present,7,15,0.4666666666666667
1382500,NorthEast,Neutral,Fall,Dam_Present,1,5,0.2
1382500,NorthEast,Neutral,Spring,Dam_Present,3,5,0.6
1382500,NorthEast,Neutral,Winter,Dam_Present,1,5,0.2
14018500,WestXeric,El_Nino,Fall,Dam_Absent,11,24,0.4583333333333333
14018500,WestXeric,El_Nino,Spring,Dam_Absent,8,24,0.3333333333333333
14018500,WestXeric,El_Nino,Summer,Dam_Absent,9,24,0.375
14018500,WestXeric,El_Nino,Winter,Dam_Absent,15,24,0.625
14018500,WestXeric,La_Nina,Fall,Dam_Absent,3,15,0.2
14018500,WestXeric,La_Nina,Spring,Dam_Absent,4,15,0.26666666666666666
14018500,WestXeric,La_Nina,Winter,Dam_Absent,4,15,0.26666666666666666
14018500,WestXeric,Neutral,Fall,Dam_Absent,2,5,0.4
14018500,WestXeric,Neutral,Spring,Dam_Absent,1,5,0.2
14018500,WestXeric,Neutral,Summer,Dam_Absent,1,5,0.2
14018500,WestXeric,Neutral,Winter,Dam_Absent,2,5,0.4
14138720,WestMnts,El_Nino,Fall,Dam_Present,5,24,0.20833333333333334
14138720,WestMnts,El_Nino,Spring,Dam_Present,3,24,0.125
14138720,WestMnts,El_Nino,Winter,Dam_Present,6,24,0.25
14138720,WestMnts,La_Nina,Fall,Dam_Present,2,15,0.13333333333333333
14138720,WestMnts,Neutral,Spring,Dam_Present,2,5,0.4
14138850,WestMnts,El_Nino,Fall,Dam_Present,8,24,0.3333333333333333
14138850,WestMnts,El_Nino,Spring,Dam_Present,12,24,0.5
14138850,WestMnts,El_Nino,Summer,Dam_Present,4,24,0.16666666666666666
14138850,WestMnts,El_Nino,Winter,Dam_Present,5,24,0.20833333333333334
14138850,WestMnts,La_Nina,Fall,Dam_Present,2,15,0.13333333333333333
14138850,WestMnts,La_Nina,Spring,Dam_Present,2,15,0.13333333333333333
14138850,WestMnts,La_Nina,Summer,Dam_Present,2,15,0.13333333333333333
14138850,WestMnts,La_Nina,Winter,Dam_Present,3,15,0.2
14138850,WestMnts,Neutral,Fall,Dam_Present,1,5,0.2
14138850,WestMnts,Neutral,Winter,Dam_Present,2,5,0.4
14140000,WestMnts,El_Nino,Fall,Dam_Present,2,24,0.08333333333333333
14140000,WestMnts,El_Nino,Spring,Dam_Present,13,24,0.5416666666666666
14140000,WestMnts,El_Nino,Summer,Dam_Present,8,24,0.3333333333333333
14140000,WestMnts,El_Nino,Winter,Dam_Present,7,24,0.2916666666666667
14140000,WestMnts,La_Nina,Fall,Dam_Present,1,15,0.06666666666666667
14140000,WestMnts,La_Nina,Spring,Dam_Present,1,15,0.06666666666666667
14140000,WestMnts,La_Nina,Summer,Dam_Present,4,15,0.26666666666666666
14140000,WestMnts,La_Nina,Winter,Dam_Present,4,15,0.26666666666666666
14140000,WestMnts,Neutral,Summer,Dam_Present,2,5,0.4
14140000,WestMnts,Neutral,Winter,Dam_Present,3,5,0.6
14142500,WestMnts,El_Nino,Fall,Dam_Present,12,24,0.5
14142500,WestMnts,El_Nino,Spring,Dam_Present,13,24,0.5416666666666666
14142500,WestMnts,El_Nino,Summer,Dam_Present,3,24,0.125
14142500,WestMnts,El_Nino,Winter,Dam_Present,8,24,0.3333333333333333
14142500,WestMnts,La_Nina,Fall,Dam_Present,4,15,0.26666666666666666
14142500,WestMnts,La_Nina,Spring,Dam_Present,2,15,0.13333333333333333
14142500,WestMnts,La_Nina,Summer,Dam_Present,1,15,0.06666666666666667
14142500,WestMnts,La_Nina,Winter,Dam_Present,3,15,0.2
14142500,WestMnts,Neutral,Winter,Dam_Present,2,5,0.4
14142800,WestMnts,El_Nino,Fall,Dam_Present,5,24,0.20833333333333334
14142800,WestMnts,El_Nino,Spring,Dam_Present,7,24,0.2916666666666667
14142800,WestMnts,El_Nino,Summer,Dam_Present,5,24,0.20833333333333334
14142800,WestMnts,El_Nino,Winter,Dam_Present,2,24,0.08333333333333333
14142800,WestMnts,La_Nina,Fall,Dam_Present,1,15,0.06666666666666667
14142800,WestMnts,La_Nina,Spring,Dam_Present,2,15,0.13333333333333333
14142800,WestMnts,La_Nina,Summer,Dam_Present,3,15,0.2
14142800,WestMnts,La_Nina,Winter,Dam_Present,6,15,0.4
14142800,WestMnts,Neutral,Fall,Dam_Present,1,5,0.2
14142800,WestMnts,Neutral,Summer,Dam_Present,1,5,0.2
14159000,WestMnts,El_Nino,Spring,Dam_Present,1,24,0.041666666666666664
14201340,WestMnts,El_Nino,Fall,Dam_Absent,8,24,0.3333333333333333
14201340,WestMnts,El_Nino,Spring,Dam_Absent,8,24,0.3333333333333333
14201340,WestMnts,El_Nino,Summer,Dam_Absent,6,24,0.25
14201340,WestMnts,El_Nino,Winter,Dam_Absent,7,24,0.2916666666666667
14201340,WestMnts,La_Nina,Fall,Dam_Absent,6,15,0.4
14201340,WestMnts,La_Nina,Spring,Dam_Absent,5,15,0.3333333333333333
14201340,WestMnts,La_Nina,Summer,Dam_Absent,2,15,0.13333333333333333
14201340,WestMnts,La_Nina,Winter,Dam_Absent,4,15,0.26666666666666666
14201340,WestMnts,Neutral,Spring,Dam_Absent,1,5,0.2
14201340,WestMnts,Neutral,Winter,Dam_Absent,1,5,0.2
14201500,WestMnts,El_Nino,Fall,Dam_Absent,5,24,0.20833333333333334
14201500,WestMnts,El_Nino,Spring,Dam_Absent,3,24,0.125
14201500,WestMnts,El_Nino,Summer,Dam_Absent,4,24,0.16666666666666666
14201500,WestMnts,El_Nino,Winter,Dam_Absent,2,24,0.08333333333333333
14201500,WestMnts,La_Nina,Fall,Dam_Absent,1,15,0.06666666666666667
14201500,WestMnts,La_Nina,Spring,Dam_Absent,2,15,0.13333333333333333
14201500,WestMnts,La_Nina,Winter,Dam_Absent,3,15,0.2
14202000,WestMnts,El_Nino,Fall,Dam_Absent,7,24,0.2916666666666667
14202000,WestMnts,El_Nino,Spring,Dam_Absent,6,24,0.25
14202000,WestMnts,El_Nino,Summer,Dam_Absent,4,24,0.16666666666666666
14202000,WestMnts,El_Nino,Winter,Dam_Absent,9,24,0.375
14202000,WestMnts,La_Nina,Fall,Dam_Absent,3,15,0.2
14202000,WestMnts,La_Nina,Spring,Dam_Absent,3,15,0.2
14202000,WestMnts,La_Nina,Summer,Dam_Absent,2,15,0.13333333333333333
14202000,WestMnts,La_Nina,Winter,Dam_Absent,3,15,0.2
14202000,WestMnts,Neutral,Fall,Dam_Absent,1,5,0.2
14202000,WestMnts,Neutral,Spring,Dam_Absent,1,5,0.2
14202000,WestMnts,Neutral,Winter,Dam_Absent,1,5,0.2
14203500,WestMnts,El_Nino,Fall,Dam_Present,10,24,0.4166666666666667
14203500,WestMnts,El_Nino,Spring,Dam_Present,6,24,0.25
14203500,WestMnts,El_Nino,Summer,Dam_Present,9,24,0.375
14203500,WestMnts,El_Nino,Winter,Dam_Present,10,24,0.4166666666666667
14203500,WestMnts,La_Nina,Fall,Dam_Present,5,15,0.3333333333333333
14203500,WestMnts,La_Nina,Spring,Dam_Present,7,15,0.4666666666666667
14203500,WestMnts,La_Nina,Summer,Dam_Present,5,15,0.3333333333333333
14203500,WestMnts,La_Nina,Winter,Dam_Present,3,15,0.2
14203500,WestMnts,Neutral,Fall,Dam_Present,1,5,0.2
14203500,WestMnts,Neutral,Spring,Dam_Present,1,5,0.2
14203500,WestMnts,Neutral,Summer,Dam_Present,3,5,0.6
14203500,WestMnts,Neutral,Winter,Dam_Present,3,5,0.6
14207500,WestMnts,El_Nino,Fall,Dam_Absent,9,24,0.375
14207500,WestMnts,El_Nino,Spring,Dam_Absent,10,24,0.4166666666666667
14207500,WestMnts,El_Nino,Summer,Dam_Absent,10,24,0.4166666666666667
14207500,WestMnts,El_Nino,Winter,Dam_Absent,7,24,0.2916666666666667
14207500,WestMnts,La_Nina,Fall,Dam_Absent,2,15,0.13333333333333333
14207500,WestMnts,La_Nina,Spring,Dam_Absent,7,15,0.4666666666666667
14207500,WestMnts,La_Nina,Summer,Dam_Absent,6,15,0.4
14207500,WestMnts,La_Nina,Winter,Dam_Absent,5,15,0.3333333333333333
14207500,WestMnts,Neutral,Fall,Dam_Absent,2,5,0.4
14207500,WestMnts,Neutral,Spring,Dam_Absent,1,5,0.2
14207500,WestMnts,Neutral,Summer,Dam_Absent,1,5,0.2
14207500,WestMnts,Neutral,Winter,Dam_Absent,4,5,0.8
14211010,WestMnts,El_Nino,Fall,Dam_Absent,10,24,0.4166666666666667
14211010,WestMnts,El_Nino,Spring,Dam_Absent,8,24,0.3333333333333333
14211010,WestMnts,El_Nino,Summer,Dam_Absent,3,24,0.125
14211010,WestMnts,El_Nino,Winter,Dam_Absent,7,24,0.2916666666666667
14211010,WestMnts,La_Nina,Fall,Dam_Absent,2,15,0.13333333333333333
14211010,WestMnts,La_Nina,Spring,Dam_Absent,3,15,0.2
14211010,WestMnts,La_Nina,Summer,Dam_Absent,2,15,0.13333333333333333
14211010,WestMnts,La_Nina,Winter,Dam_Absent,2,15,0.13333333333333333
14220500,WestMnts,El_Nino,Fall,Dam_Present,6,24,0.25
14220500,WestMnts,El_Nino,Spring,Dam_Present,10,24,0.4166666666666667
14220500,WestMnts,El_Nino,Summer,Dam_Present,7,24,0.2916666666666667
14220500,WestMnts,El_Nino,Winter,Dam_Present,5,24,0.20833333333333334
14220500,WestMnts,La_Nina,Fall,Dam_Present,4,15,0.26666666666666666
14220500,WestMnts,La_Nina,Spring,Dam_Present,3,15,0.2
14220500,WestMnts,La_Nina,Summer,Dam_Present,1,15,0.06666666666666667
14220500,WestMnts,La_Nina,Winter,Dam_Present,6,15,0.4
14220500,WestMnts,Neutral,Fall,Dam_Present,1,5,0.2
14220500,WestMnts,Neutral,Winter,Dam_Present,1,5,0.2
14242580,WestMnts,El_Nino,Fall,Dam_Present,7,24,0.2916666666666667
14242580,WestMnts,El_Nino,Spring,Dam_Present,9,24,0.375
14242580,WestMnts,El_Nino,Summer,Dam_Present,1,24,0.041666666666666664
14242580,WestMnts,El_Nino,Winter,Dam_Present,8,24,0.3333333333333333
14242580,WestMnts,La_Nina,Fall,Dam_Present,4,15,0.26666666666666666
14242580,WestMnts,La_Nina,Spring,Dam_Present,4,15,0.26666666666666666
14242580,WestMnts,La_Nina,Winter,Dam_Present,4,15,0.26666666666666666
14242580,WestMnts,Neutral,Fall,Dam_Present,1,5,0.2
14242580,WestMnts,Neutral,Winter,Dam_Present,1,5,0.2
14243000,WestMnts,El_Nino,Fall,Dam_Present,8,24,0.3333333333333333
14243000,WestMnts,El_Nino,Spring,Dam_Present,9,24,0.375
14243000,WestMnts,El_Nino,Summer,Dam_Present,4,24,0.16666666666666666
14243000,WestMnts,El_Nino,Winter,Dam_Present,13,24,0.5416666666666666
14243000,WestMnts,La_Nina,Fall,Dam_Present,4,15,0.26666666666666666
14243000,WestMnts,La_Nina,Spring,Dam_Present,1,15,0.06666666666666667
14243000,WestMnts,La_Nina,Summer,Dam_Present,3,15,0.2
14243000,WestMnts,La_Nina,Winter,Dam_Present,3,15,0.2
14243000,WestMnts,Neutral,Winter,Dam_Present,1,5,0.2
14302480,WestMnts,El_Nino,Fall,Dam_Absent,5,24,0.20833333333333334
14302480,WestMnts,El_Nino,Spring,Dam_Absent,10,24,0.4166666666666667
14302480,WestMnts,El_Nino,Summer,Dam_Absent,4,24,0.16666666666666666
14302480,WestMnts,El_Nino,Winter,Dam_Absent,7,24,0.2916666666666667
14302480,WestMnts,La_Nina,Fall,Dam_Absent,5,15,0.3333333333333333
14302480,WestMnts,La_Nina,Spring,Dam_Absent,3,15,0.2
14302480,WestMnts,La_Nina,Summer,Dam_Absent,1,15,0.06666666666666667
14302480,WestMnts,La_Nina,Winter,Dam_Absent,3,15,0.2
14302480,WestMnts,Neutral,Winter,Dam_Absent,1,5,0.2
1432110,NorthEast,El_Nino,Fall,Dam_Present,4,24,0.16666666666666666
1432110,NorthEast,El_Nino,Spring,Dam_Present,6,24,0.25
1432110,NorthEast,El_Nino,Summer,Dam_Present,6,24,0.25
1432110,NorthEast,El_Nino,Winter,Dam_Present,3,24,0.125
1432110,NorthEast,La_Nina,Fall,Dam_Present,3,15,0.2
1432110,NorthEast,La_Nina,Summer,Dam_Present,2,15,0.13333333333333333
1432110,NorthEast,La_Nina,Winter,Dam_Present,2,15,0.13333333333333333
1432110,NorthEast,Neutral,Fall,Dam_Present,1,5,0.2
1432110,NorthEast,Neutral,Spring,Dam_Present,3,5,0.6
1432110,NorthEast,Neutral,Summer,Dam_Present,1,5,0.2
1432110,NorthEast,Neutral,Winter,Dam_Present,1,5,0.2
14354200,WestMnts,El_Nino,Fall,Dam_Present,7,24,0.2916666666666667
14354200,WestMnts,El_Nino,Spring,Dam_Present,5,24,0.20833333333333334
14354200,WestMnts,El_Nino,Summer,Dam_Present,6,24,0.25
14354200,WestMnts,El_Nino,Winter,Dam_Present,5,24,0.20833333333333334
14354200,WestMnts,La_Nina,Fall,Dam_Present,5,15,0.3333333333333333
14354200,WestMnts,La_Nina,Spring,Dam_Present,3,15,0.2
14354200,WestMnts,La_Nina,Summer,Dam_Present,5,15,0.3333333333333333
14354200,WestMnts,La_Nina,Winter,Dam_Present,3,15,0.2
14354200,WestMnts,Neutral,Fall,Dam_Present,1,5,0.2
14354200,WestMnts,Neutral,Summer,Dam_Present,2,5,0.4
14354200,WestMnts,Neutral,Winter,Dam_Present,2,5,0.4
1449800,NorthEast,El_Nino,Fall,Dam_Present,11,24,0.4583333333333333
1449800,NorthEast,El_Nino,Spring,Dam_Present,10,24,0.4166666666666667
1449800,NorthEast,El_Nino,Summer,Dam_Present,7,24,0.2916666666666667
1449800,NorthEast,El_Nino,Winter,Dam_Present,3,24,0.125
1449800,NorthEast,La_Nina,Fall,Dam_Present,5,15,0.3333333333333333
1449800,NorthEast,La_Nina,Spring,Dam_Present,3,15,0.2
1449800,NorthEast,La_Nina,Summer,Dam_Present,2,15,0.13333333333333333
1449800,NorthEast,La_Nina,Winter,Dam_Present,4,15,0.26666666666666666
1449800,NorthEast,Neutral,Fall,Dam_Present,2,5,0.4
1449800,NorthEast,Neutral,Spring,Dam_Present,1,5,0.2
1449800,NorthEast,Neutral,Summer,Dam_Present,1,5,0.2
1451000,NorthEast,El_Nino,Fall,Dam_Present,8,24,0.3333333333333333
1451000,NorthEast,El_Nino,Spring,Dam_Present,15,24,0.625
1451000,NorthEast,El_Nino,Summer,Dam_Present,7,24,0.2916666666666667
1451000,NorthEast,El_Nino,Winter,Dam_Present,7,24,0.2916666666666667
1451000,NorthEast,La_Nina,Fall,Dam_Present,6,15,0.4
1451000,NorthEast,La_Nina,Spring,Dam_Present,4,15,0.26666666666666666
1451000,NorthEast,La_Nina,Summer,Dam_Present,1,15,0.06666666666666667
1451000,NorthEast,La_Nina,Winter,Dam_Present,4,15,0.26666666666666666
1451000,NorthEast,Neutral,Fall,Dam_Present,1,5,0.2
1451000,NorthEast,Neutral,Spring,Dam_Present,2,5,0.4
1451000,NorthEast,Neutral,Winter,Dam_Present,2,5,0.4
1455500,NorthEast,El_Nino,Fall,Dam_Present,4,24,0.16666666666666666
1455500,NorthEast,El_Nino,Spring,Dam_Present,6,24,0.25
1455500,NorthEast,El_Nino,Summer,Dam_Present,2,24,0.08333333333333333
1455500,NorthEast,El_Nino,Winter,Dam_Present,6,24,0.25
1455500,NorthEast,La_Nina,Fall,Dam_Present,2,15,0.13333333333333333
1455500,NorthEast,La_Nina,Summer,Dam_Present,1,15,0.06666666666666667
1455500,NorthEast,La_Nina,Winter,Dam_Present,2,15,0.13333333333333333
1455500,NorthEast,Neutral,Fall,Dam_Present,1,5,0.2
1455500,NorthEast,Neutral,Spring,Dam_Present,1,5,0.2
1455500,NorthEast,Neutral,Summer,Dam_Present,3,5,0.6
1455500,NorthEast,Neutral,Winter,Dam_Present,1,5,0.2
1468500,EastHghlnds,El_Nino,Fall,Dam_Present,6,24,0.25
1468500,EastHghlnds,El_Nino,Spring,Dam_Present,10,24,0.4166666666666667
1468500,EastHghlnds,El_Nino,Summer,Dam_Present,9,24,0.375
1468500,EastHghlnds,El_Nino,Winter,Dam_Present,8,24,0.3333333333333333
1468500,EastHghlnds,La_Nina,Fall,Dam_Present,5,15,0.3333333333333333
1468500,EastHghlnds,La_Nina,Spring,Dam_Present,3,15,0.2
1468500,EastHghlnds,La_Nina,Summer,Dam_Present,8,15,0.5333333333333333
1468500,EastHghlnds,La_Nina,Winter,Dam_Present,7,15,0.4666666666666667
1468500,EastHghlnds,Neutral,Fall,Dam_Present,1,5,0.2
1468500,EastHghlnds,Neutral,Spring,Dam_Present,1,5,0.2
1468500,EastHghlnds,Neutral,Summer,Dam_Present,1,5,0.2
1468500,EastHghlnds,Neutral,Winter,Dam_Present,1,5,0.2
1469500,EastHghlnds,El_Nino,Fall,Dam_Present,6,24,0.25
1469500,EastHghlnds,El_Nino,Spring,Dam_Present,12,24,0.5
1469500,EastHghlnds,El_Nino,Summer,Dam_Present,6,24,0.25
1469500,EastHghlnds,El_Nino,Winter,Dam_Present,14,24,0.5833333333333334
1469500,EastHghlnds,La_Nina,Fall,Dam_Present,7,15,0.4666666666666667
1469500,EastHghlnds,La_Nina,Spring,Dam_Present,4,15,0.26666666666666666
1469500,EastHghlnds,La_Nina,Summer,Dam_Present,6,15,0.4
1469500,EastHghlnds,La_Nina,Winter,Dam_Present,4,15,0.26666666666666666
1469500,EastHghlnds,Neutral,Fall,Dam_Present,1,5,0.2
1469500,EastHghlnds,Neutral,Spring,Dam_Present,2,5,0.4
1469500,EastHghlnds,Neutral,Summer,Dam_Present,2,5,0.4
1469500,EastHghlnds,Neutral,Winter,Dam_Present,2,5,0.4
1470500,EastHghlnds,El_Nino,Fall,Dam_Present,8,24,0.3333333333333333
1470500,EastHghlnds,El_Nino,Spring,Dam_Present,9,24,0.375
1470500,EastHghlnds,El_Nino,Summer,Dam_Present,12,24,0.5
1470500,EastHghlnds,El_Nino,Winter,Dam_Present,9,24,0.375
1470500,EastHghlnds,La_Nina,Fall,Dam_Present,6,15,0.4
1470500,EastHghlnds,La_Nina,Spring,Dam_Present,4,15,0.26666666666666666
1470500,EastHghlnds,La_Nina,Summer,Dam_Present,7,15,0.4666666666666667
1470500,EastHghlnds,La_Nina,Winter,Dam_Present,4,15,0.26666666666666666
1470500,EastHghlnds,Neutral,Fall,Dam_Present,1,5,0.2
1470500,EastHghlnds,Neutral,Spring,Dam_Present,1,5,0.2
1470500,EastHghlnds,Neutral,Summer,Dam_Present,3,5,0.6
1470500,EastHghlnds,Neutral,Winter,Dam_Present,1,5,0.2
1470960,EastHghlnds,El_Nino,Fall,Dam_Present,12,24,0.5
1470960,EastHghlnds,El_Nino,Spring,Dam_Present,15,24,0.625
1470960,EastHghlnds,El_Nino,Summer,Dam_Present,6,24,0.25
1470960,EastHghlnds,El_Nino,Winter,Dam_Present,7,24,0.2916666666666667
1470960,EastHghlnds,La_Nina,Fall,Dam_Present,6,15,0.4
1470960,EastHghlnds,La_Nina,Spring,Dam_Present,2,15,0.13333333333333333
1470960,EastHghlnds,La_Nina,Summer,Dam_Present,6,15,0.4
1470960,EastHghlnds,La_Nina,Winter,Dam_Present,5,15,0.3333333333333333
1470960,EastHghlnds,Neutral,Spring,Dam_Present,1,5,0.2
1470960,EastHghlnds,Neutral,Summer,Dam_Present,1,5,0.2
1471000,EastHghlnds,El_Nino,Fall,Dam_Present,12,24,0.5
1471000,EastHghlnds,El_Nino,Spring,Dam_Present,13,24,0.5416666666666666
1471000,EastHghlnds,El_Nino,Summer,Dam_Present,5,24,0.20833333333333334
1471000,EastHghlnds,El_Nino,Winter,Dam_Present,8,24,0.3333333333333333
1471000,EastHghlnds,La_Nina,Fall,Dam_Present,4,15,0.26666666666666666
1471000,EastHghlnds,La_Nina,Spring,Dam_Present,4,15,0.26666666666666666
1471000,EastHghlnds,La_Nina,Summer,Dam_Present,8,15,0.5333333333333333
1471000,EastHghlnds,La_Nina,Winter,Dam_Present,7,15,0.4666666666666667
1471000,EastHghlnds,Neutral,Spring,Dam_Present,1,5,0.2
1471000,EastHghlnds,Neutral,Summer,Dam_Present,2,5,0.4
1471510,EastHghlnds,El_Nino,Fall,Dam_Present,12,24,0.5
1471510,EastHghlnds,El_Nino,Spring,Dam_Present,10,24,0.4166666666666667
1471510,EastHghlnds,El_Nino,Summer,Dam_Present,10,24,0.4166666666666667
1471510,EastHghlnds,El_Nino,Winter,Dam_Present,10,24,0.4166666666666667
1471510,EastHghlnds,La_Nina,Fall,Dam_Present,6,15,0.4
1471510,EastHghlnds,La_Nina,Spring,Dam_Present,3,15,0.2
1471510,EastHghlnds,La_Nina,Summer,Dam_Present,5,15,0.3333333333333333
1471510,EastHghlnds,La_Nina,Winter,Dam_Present,6,15,0.4
1471510,EastHghlnds,Neutral,Fall,Dam_Present,1,5,0.2
1471510,EastHghlnds,Neutral,Spring,Dam_Present,1,5,0.2
1471510,EastHghlnds,Neutral,Summer,Dam_Present,2,5,0.4
1471510,EastHghlnds,Neutral,Winter,Dam_Present,2,5,0.4
1472000,EastHghlnds,El_Nino,Fall,Dam_Present,10,24,0.4166666666666667
1472000,EastHghlnds,El_Nino,Spring,Dam_Present,8,24,0.3333333333333333
1472000,EastHghlnds,El_Nino,Summer,Dam_Present,15,24,0.625
1472000,EastHghlnds,El_Nino,Winter,Dam_Present,8,24,0.3333333333333333
1472000,EastHghlnds,La_Nina,Fall,Dam_Present,7,15,0.4666666666666667
1472000,EastHghlnds,La_Nina,Spring,Dam_Present,3,15,0.2
1472000,EastHghlnds,La_Nina,Summer,Dam_Present,5,15,0.3333333333333333
1472000,EastHghlnds,La_Nina,Winter,Dam_Present,5,15,0.3333333333333333
1472000,EastHghlnds,Neutral,Fall,Dam_Present,1,5,0.2
1472000,EastHghlnds,Neutral,Spring,Dam_Present,1,5,0.2
1472000,EastHghlnds,Neutral,Summer,Dam_Present,1,5,0.2
1473500,EastHghlnds,El_Nino,Fall,Dam_Absent,3,24,0.125
1473500,EastHghlnds,El_Nino,Spring,Dam_Absent,5,24,0.20833333333333334
1473500,EastHghlnds,El_Nino,Summer,Dam_Absent,6,24,0.25
1473500,EastHghlnds,El_Nino,Winter,Dam_Absent,6,24,0.25
1473500,EastHghlnds,La_Nina,Fall,Dam_Absent,5,15,0.3333333333333333
1473500,EastHghlnds,La_Nina,Spring,Dam_Absent,1,15,0.06666666666666667
1473500,EastHghlnds,La_Nina,Summer,Dam_Absent,5,15,0.3333333333333333
1473500,EastHghlnds,La_Nina,Winter,Dam_Absent,4,15,0.26666666666666666
1473500,EastHghlnds,Neutral,Fall,Dam_Absent,1,5,0.2
1473500,EastHghlnds,Neutral,Spring,Dam_Absent,1,5,0.2
1473500,EastHghlnds,Neutral,Winter,Dam_Absent,1,5,0.2
1479000,SEPlains,El_Nino,Fall,Dam_Present,8,24,0.3333333333333333
1479000,SEPlains,El_Nino,Spring,Dam_Present,7,24,0.2916666666666667
1479000,SEPlains,El_Nino,Summer,Dam_Present,6,24,0.25
1479000,SEPlains,El_Nino,Winter,Dam_Present,6,24,0.25
1479000,SEPlains,La_Nina,Fall,Dam_Present,5,15,0.3333333333333333
1479000,SEPlains,La_Nina,Spring,Dam_Present,3,15,0.2
1479000,SEPlains,La_Nina,Summer,Dam_Present,4,15,0.26666666666666666
1479000,SEPlains,La_Nina,Winter,Dam_Present,4,15,0.26666666666666666
1479000,SEPlains,Neutral,Spring,Dam_Present,1,5,0.2
1480000,SEPlains,El_Nino,Fall,Dam_Present,11,24,0.4583333333333333
1480000,SEPlains,El_Nino,Spring,Dam_Present,13,24,0.5416666666666666
1480000,SEPlains,El_Nino,Summer,Dam_Present,7,24,0.2916666666666667
1480000,SEPlains,El_Nino,Winter,Dam_Present,6,24,0.25
1480000,SEPlains,La_Nina,Fall,Dam_Present,4,15,0.26666666666666666
1480000,SEPlains,La_Nina,Spring,Dam_Present,4,15,0.26666666666666666
1480000,SEPlains,La_Nina,Summer,Dam_Present,3,15,0.2
1480000,SEPlains,La_Nina,Winter,Dam_Present,5,15,0.3333333333333333
1480000,SEPlains,Neutral,Spring,Dam_Present,1,5,0.2
1480000,SEPlains,Neutral,Summer,Dam_Present,1,5,0.2
1480015,SEPlains,El_Nino,Fall,Dam_Present,13,24,0.5416666666666666
1480015,SEPlains,El_Nino,Spring,Dam_Present,13,24,0.5416666666666666
1480015,SEPlains,El_Nino,Summer,Dam_Present,6,24,0.25
1480015,SEPlains,El_Nino,Winter,Dam_Present,5,24,0.20833333333333334
1480015,SEPlains,La_Nina,Fall,Dam_Present,5,15,0.3333333333333333
1480015,SEPlains,La_Nina,Spring,Dam_Present,3,15,0.2
1480015,SEPlains,La_Nina,Summer,Dam_Present,3,15,0.2
1480015,SEPlains,La_Nina,Winter,Dam_Present,3,15,0.2
1480015,SEPlains,Neutral,Spring,Dam_Present,1,5,0.2
1480015,SEPlains,Neutral,Summer,Dam_Present,1,5,0.2
1480400,SEPlains,El_Nino,Fall,Dam_Present,3,24,0.125
1480400,SEPlains,El_Nino,Spring,Dam_Present,5,24,0.20833333333333334
1480400,SEPlains,El_Nino,Summer,Dam_Present,4,24,0.16666666666666666
1480400,SEPlains,El_Nino,Winter,Dam_Present,3,24,0.125
1480400,SEPlains,La_Nina,Fall,Dam_Present,5,15,0.3333333333333333
1480400,SEPlains,La_Nina,Summer,Dam_Present,6,15,0.4
1480400,SEPlains,Neutral,Fall,Dam_Present,1,5,0.2
1480400,SEPlains,Neutral,Spring,Dam_Present,1,5,0.2
1480400,SEPlains,Neutral,Summer,Dam_Present,1,5,0.2
1480500,SEPlains,El_Nino,Fall,Dam_Present,7,24,0.2916666666666667
1480500,SEPlains,El_Nino,Spring,Dam_Present,11,24,0.4583333333333333
1480500,SEPlains,El_Nino,Summer,Dam_Present,9,24,0.375
1480500,SEPlains,El_Nino,Winter,Dam_Present,8,24,0.3333333333333333
1480500,SEPlains,La_Nina,Fall,Dam_Present,5,15,0.3333333333333333
1480500,SEPlains,La_Nina,Spring,Dam_Present,2,15,0.13333333333333333
1480500,SEPlains,La_Nina,Summer,Dam_Present,3,15,0.2
1480500,SEPlains,La_Nina,Winter,Dam_Present,3,15,0.2
1480500,SEPlains,Neutral,Spring,Dam_Present,2,5,0.4
1480500,SEPlains,Neutral,Summer,Dam_Present,1,5,0.2
1480617,SEPlains,El_Nino,Fall,Dam_Present,11,24,0.4583333333333333
1480617,SEPlains,El_Nino,Spring,Dam_Present,12,24,0.5
1480617,SEPlains,El_Nino,Summer,Dam_Present,10,24,0.4166666666666667
1480617,SEPlains,El_Nino,Winter,Dam_Present,7,24,0.2916666666666667
1480617,SEPlains,La_Nina,Fall,Dam_Present,4,15,0.26666666666666666
1480617,SEPlains,La_Nina,Spring,Dam_Present,2,15,0.13333333333333333
1480617,SEPlains,La_Nina,Summer,Dam_Present,4,15,0.26666666666666666
1480617,SEPlains,La_Nina,Winter,Dam_Present,3,15,0.2
1480617,SEPlains,Neutral,Spring,Dam_Present,2,5,0.4
1480617,SEPlains,Neutral,Summer,Dam_Present,1,5,0.2
1480617,SEPlains,Neutral,Winter,Dam_Present,1,5,0.2
1480685,SEPlains,El_Nino,Fall,Dam_Present,9,24,0.375
1480685,SEPlains,El_Nino,Spring,Dam_Present,10,24,0.4166666666666667
1480685,SEPlains,El_Nino,Summer,Dam_Present,11,24,0.4583333333333333
1480685,SEPlains,El_Nino,Winter,Dam_Present,12,24,0.5
1480685,SEPlains,La_Nina,Fall,Dam_Present,5,15,0.3333333333333333
1480685,SEPlains,La_Nina,Spring,Dam_Present,5,15,0.3333333333333333
1480685,SEPlains,La_Nina,Summer,Dam_Present,5,15,0.3333333333333333
1480685,SEPlains,La_Nina,Winter,Dam_Present,2,15,0.13333333333333333
1480685,SEPlains,Neutral,Fall,Dam_Present,3,5,0.6
1480685,SEPlains,Neutral,Spring,Dam_Present,1,5,0.2
1480685,SEPlains,Neutral,Summer,Dam_Present,2,5,0.4
1480685,SEPlains,Neutral,Winter,Dam_Present,4,5,0.8
1480700,SEPlains,El_Nino,Fall,Dam_Present,10,24,0.4166666666666667
1480700,SEPlains,El_Nino,Spring,Dam_Present,13,24,0.5416666666666666
1480700,SEPlains,El_Nino,Summer,Dam_Present,14,24,0.5833333333333334
1480700,SEPlains,El_Nino,Winter,Dam_Present,9,24,0.375
1480700,SEPlains,La_Nina,Fall,Dam_Present,3,15,0.2
1480700,SEPlains,La_Nina,Spring,Dam_Present,3,15,0.2
1480700,SEPlains,La_Nina,Summer,Dam_Present,3,15,0.2
1480700,SEPlains,La_Nina,Winter,Dam_Present,3,15,0.2
1480700,SEPlains,Neutral,Spring,Dam_Present,2,5,0.4
1480700,SEPlains,Neutral,Summer,Dam_Present,1,5,0.2
1480870,SEPlains,El_Nino,Fall,Dam_Present,12,24,0.5
1480870,SEPlains,El_Nino,Spring,Dam_Present,9,24,0.375
1480870,SEPlains,El_Nino,Summer,Dam_Present,10,24,0.4166666666666667
1480870,SEPlains,El_Nino,Winter,Dam_Present,8,24,0.3333333333333333
1480870,SEPlains,La_Nina,Fall,Dam_Present,4,15,0.26666666666666666
1480870,SEPlains,La_Nina,Spring,Dam_Present,4,15,0.26666666666666666
1480870,SEPlains,La_Nina,Summer,Dam_Present,2,15,0.13333333333333333
1480870,SEPlains,La_Nina,Winter,Dam_Present,3,15,0.2
1480870,SEPlains,Neutral,Spring,Dam_Present,2,5,0.4
1480870,SEPlains,Neutral,Summer,Dam_Present,1,5,0.2
1481000,SEPlains,El_Nino,Fall,Dam_Absent,3,24,0.125
1481000,SEPlains,El_Nino,Spring,Dam_Absent,5,24,0.20833333333333334
1481000,SEPlains,El_Nino,Summer,Dam_Absent,4,24,0.16666666666666666
1481000,SEPlains,El_Nino,Winter,Dam_Absent,4,24,0.16666666666666666
1481000,SEPlains,La_Nina,Fall,Dam_Absent,4,15,0.26666666666666666
1481000,SEPlains,La_Nina,Summer,Dam_Absent,2,15,0.13333333333333333
1481000,SEPlains,La_Nina,Winter,Dam_Absent,4,15,0.26666666666666666
1481000,SEPlains,Neutral,Spring,Dam_Absent,4,5,0.8
1481000,SEPlains,Neutral,Summer,Dam_Absent,1,5,0.2
1518700,NorthEast,El_Nino,Fall,Dam_Present,4,24,0.16666666666666666
1518700,NorthEast,El_Nino,Spring,Dam_Present,14,24,0.5833333333333334
1518700,NorthEast,El_Nino,Summer,Dam_Present,7,24,0.2916666666666667
1518700,NorthEast,El_Nino,Winter,Dam_Present,10,24,0.4166666666666667
1518700,NorthEast,La_Nina,Fall,Dam_Present,2,15,0.13333333333333333
1518700,NorthEast,La_Nina,Spring,Dam_Present,3,15,0.2
1518700,NorthEast,La_Nina,Summer,Dam_Present,4,15,0.26666666666666666
1518700,NorthEast,La_Nina,Winter,Dam_Present,6,15,0.4
1518700,NorthEast,Neutral,Spring,Dam_Present,2,5,0.4
1518700,NorthEast,Neutral,Summer,Dam_Present,2,5,0.4
1518700,NorthEast,Neutral,Winter,Dam_Present,3,5,0.6
1518862,NorthEast,El_Nino,Fall,Dam_Present,10,24,0.4166666666666667
1518862,NorthEast,El_Nino,Spring,Dam_Present,12,24,0.5
1518862,NorthEast,El_Nino,Summer,Dam_Present,8,24,0.3333333333333333
1518862,NorthEast,El_Nino,Winter,Dam_Present,3,24,0.125
1518862,NorthEast,La_Nina,Fall,Dam_Present,9,15,0.6
1518862,NorthEast,La_Nina,Spring,Dam_Present,3,15,0.2
1518862,NorthEast,La_Nina,Summer,Dam_Present,7,15,0.4666666666666667
1518862,NorthEast,La_Nina,Winter,Dam_Present,5,15,0.3333333333333333
1518862,NorthEast,Neutral,Fall,Dam_Present,1,5,0.2
1518862,NorthEast,Neutral,Spring,Dam_Present,3,5,0.6
1518862,NorthEast,Neutral,Summer,Dam_Present,1,5,0.2
1518862,NorthEast,Neutral,Winter,Dam_Present,2,5,0.4
1520000,NorthEast,El_Nino,Fall,Dam_Present,7,24,0.2916666666666667
1520000,NorthEast,El_Nino,Spring,Dam_Present,14,24,0.5833333333333334
1520000,NorthEast,El_Nino,Summer,Dam_Present,5,24,0.20833333333333334
1520000,NorthEast,El_Nino,Winter,Dam_Present,11,24,0.4583333333333333
1520000,NorthEast,La_Nina,Fall,Dam_Present,4,15,0.26666666666666666
1520000,NorthEast,La_Nina,Spring,Dam_Present,3,15,0.2
1520000,NorthEast,La_Nina,Summer,Dam_Present,5,15,0.3333333333333333
1520000,NorthEast,La_Nina,Winter,Dam_Present,6,15,0.4
1520000,NorthEast,Neutral,Spring,Dam_Present,3,5,0.6
1520000,NorthEast,Neutral,Summer,Dam_Present,1,5,0.2
1520000,NorthEast,Neutral,Winter,Dam_Present,2,5,0.4
1534500,EastHghlnds,El_Nino,Fall,Dam_Present,9,24,0.375
1534500,EastHghlnds,El_Nino,Spring,Dam_Present,15,24,0.625
1534500,EastHghlnds,El_Nino,Summer,Dam_Present,7,24,0.2916666666666667
1534500,EastHghlnds,El_Nino,Winter,Dam_Present,8,24,0.3333333333333333
1534500,EastHghlnds,La_Nina,Fall,Dam_Present,6,15,0.4
1534500,EastHghlnds,La_Nina,Spring,Dam_Present,2,15,0.13333333333333333
1534500,EastHghlnds,La_Nina,Summer,Dam_Present,4,15,0.26666666666666666
1534500,EastHghlnds,La_Nina,Winter,Dam_Present,7,15,0.4666666666666667
1534500,EastHghlnds,Neutral,Fall,Dam_Present,1,5,0.2
1534500,EastHghlnds,Neutral,Spring,Dam_Present,3,5,0.6
1534860,EastHghlnds,El_Nino,Fall,Dam_Present,4,24,0.16666666666666666
1534860,EastHghlnds,El_Nino,Spring,Dam_Present,6,24,0.25
1534860,EastHghlnds,El_Nino,Summer,Dam_Present,5,24,0.20833333333333334
1534860,EastHghlnds,El_Nino,Winter,Dam_Present,5,24,0.20833333333333334
1534860,EastHghlnds,La_Nina,Fall,Dam_Present,2,15,0.13333333333333333
1534860,EastHghlnds,La_Nina,Summer,Dam_Present,2,15,0.13333333333333333
1534860,EastHghlnds,La_Nina,Winter,Dam_Present,1,15,0.06666666666666667
1534860,EastHghlnds,Neutral,Fall,Dam_Present,1,5,0.2
1534860,EastHghlnds,Neutral,Spring,Dam_Present,2,5,0.4
1534860,EastHghlnds,Neutral,Summer,Dam_Present,1,5,0.2
1548005,EastHghlnds,El_Nino,Fall,Dam_Present,1,24,0.041666666666666664
1548005,EastHghlnds,El_Nino,Spring,Dam_Present,2,24,0.08333333333333333
1548005,EastHghlnds,El_Nino,Summer,Dam_Present,1,24,0.041666666666666664
1548005,EastHghlnds,La_Nina,Fall,Dam_Present,5,15,0.3333333333333333
1548005,EastHghlnds,La_Nina,Summer,Dam_Present,2,15,0.13333333333333333
1548005,EastHghlnds,La_Nina,Winter,Dam_Present,5,15,0.3333333333333333
1553700,EastHghlnds,El_Nino,Fall,Dam_Present,5,24,0.20833333333333334
1553700,EastHghlnds,El_Nino,Spring,Dam_Present,13,24,0.5416666666666666
1553700,EastHghlnds,El_Nino,Summer,Dam_Present,6,24,0.25
1553700,EastHghlnds,El_Nino,Winter,Dam_Present,7,24,0.2916666666666667
1553700,EastHghlnds,La_Nina,Fall,Dam_Present,5,15,0.3333333333333333
1553700,EastHghlnds,La_Nina,Spring,Dam_Present,4,15,0.26666666666666666
1553700,EastHghlnds,La_Nina,Summer,Dam_Present,7,15,0.4666666666666667
1553700,EastHghlnds,La_Nina,Winter,Dam_Present,7,15,0.4666666666666667
1553700,EastHghlnds,Neutral,Fall,Dam_Present,2,5,0.4
1553700,EastHghlnds,Neutral,Spring,Dam_Present,2,5,0.4
1553700,EastHghlnds,Neutral,Summer,Dam_Present,1,5,0.2
1553700,EastHghlnds,Neutral,Winter,Dam_Present,2,5,0.4
1573825,SEPlains,El_Nino,Fall,Dam_Absent,5,24,0.20833333333333334
1573825,SEPlains,El_Nino,Spring,Dam_Absent,6,24,0.25
1573825,SEPlains,El_Nino,Summer,Dam_Absent,6,24,0.25
1573825,SEPlains,El_Nino,Winter,Dam_Absent,5,24,0.20833333333333334
1573825,SEPlains,La_Nina,Fall,Dam_Absent,3,15,0.2
1573825,SEPlains,La_Nina,Summer,Dam_Absent,3,15,0.2
1573825,SEPlains,La_Nina,Winter,Dam_Absent,3,15,0.2
1581757,SEPlains,El_Nino,Fall,Dam_Present,3,24,0.125
1581757,SEPlains,El_Nino,Spring,Dam_Present,3,24,0.125
1581757,SEPlains,El_Nino,Summer,Dam_Present,6,24,0.25
1581757,SEPlains,El_Nino,Winter,Dam_Present,4,24,0.16666666666666666
1581757,SEPlains,La_Nina,Fall,Dam_Present,5,15,0.3333333333333333
1581757,SEPlains,La_Nina,Spring,Dam_Present,2,15,0.13333333333333333
1581757,SEPlains,La_Nina,Summer,Dam_Present,3,15,0.2
1581757,SEPlains,La_Nina,Winter,Dam_Present,3,15,0.2
1581757,SEPlains,Neutral,Spring,Dam_Present,1,5,0.2
1581757,SEPlains,Neutral,Summer,Dam_Present,1,5,0.2
1581920,SEPlains,El_Nino,Fall,Dam_Present,7,24,0.2916666666666667
1581920,SEPlains,El_Nino,Spring,Dam_Present,3,24,0.125
1581920,SEPlains,El_Nino,Summer,Dam_Present,7,24,0.2916666666666667
1581920,SEPlains,La_Nina,Fall,Dam_Present,2,15,0.13333333333333333
1581920,SEPlains,La_Nina,Summer,Dam_Present,7,15,0.4666666666666667
1581920,SEPlains,La_Nina,Winter,Dam_Present,1,15,0.06666666666666667
1581920,SEPlains,Neutral,Summer,Dam_Present,1,5,0.2
1589000,SEPlains,El_Nino,Fall,Dam_Present,3,24,0.125
1589000,SEPlains,El_Nino,Spring,Dam_Present,10,24,0.4166666666666667
1589000,SEPlains,El_Nino,Summer,Dam_Present,8,24,0.3333333333333333
1589000,SEPlains,El_Nino,Winter,Dam_Present,3,24,0.125
1589000,SEPlains,La_Nina,Fall,Dam_Present,7,15,0.4666666666666667
1589000,SEPlains,La_Nina,Spring,Dam_Present,2,15,0.13333333333333333
1589000,SEPlains,La_Nina,Summer,Dam_Present,2,15,0.13333333333333333
1589000,SEPlains,La_Nina,Winter,Dam_Present,5,15,0.3333333333333333
1589352,SEPlains,El_Nino,Fall,Dam_Present,3,24,0.125
1589352,SEPlains,El_Nino,Spring,Dam_Present,3,24,0.125
1589352,SEPlains,El_Nino,Summer,Dam_Present,8,24,0.3333333333333333
1589352,SEPlains,El_Nino,Winter,Dam_Present,5,24,0.20833333333333334
1589352,SEPlains,La_Nina,Fall,Dam_Present,4,15,0.26666666666666666
1589352,SEPlains,La_Nina,Spring,Dam_Present,2,15,0.13333333333333333
1589352,SEPlains,La_Nina,Summer,Dam_Present,2,15,0.13333333333333333
1589352,SEPlains,La_Nina,Winter,Dam_Present,6,15,0.4
1589352,SEPlains,Neutral,Spring,Dam_Present,1,5,0.2
1600000,EastHghlnds,El_Nino,Fall,Dam_Absent,2,24,0.08333333333333333
1600000,EastHghlnds,El_Nino,Spring,Dam_Absent,1,24,0.041666666666666664
1600000,EastHghlnds,El_Nino,Summer,Dam_Absent,1,24,0.041666666666666664
1600000,EastHghlnds,El_Nino,Winter,Dam_Absent,2,24,0.08333333333333333
1603000,EastHghlnds,El_Nino,Fall,Dam_Absent,6,24,0.25
1603000,EastHghlnds,El_Nino,Spring,Dam_Absent,9,24,0.375
1603000,EastHghlnds,El_Nino,Summer,Dam_Absent,5,24,0.20833333333333334
1603000,EastHghlnds,El_Nino,Winter,Dam_Absent,8,24,0.3333333333333333
1603000,EastHghlnds,La_Nina,Fall,Dam_Absent,7,15,0.4666666666666667
1603000,EastHghlnds,La_Nina,Spring,Dam_Absent,6,15,0.4
1603000,EastHghlnds,La_Nina,Summer,Dam_Absent,4,15,0.26666666666666666
1603000,EastHghlnds,La_Nina,Winter,Dam_Absent,7,15,0.4666666666666667
1603000,EastHghlnds,Neutral,Fall,Dam_Absent,1,5,0.2
1603000,EastHghlnds,Neutral,Spring,Dam_Absent,1,5,0.2
1603000,EastHghlnds,Neutral,Summer,Dam_Absent,3,5,0.6
1603000,EastHghlnds,Neutral,Winter,Dam_Absent,1,5,0.2
1604500,EastHghlnds,El_Nino,Fall,Dam_Present,7,24,0.2916666666666667
1604500,EastHghlnds,El_Nino,Spring,Dam_Present,7,24,0.2916666666666667
1604500,EastHghlnds,El_Nino,Summer,Dam_Present,11,24,0.4583333333333333
1604500,EastHghlnds,El_Nino,Winter,Dam_Present,9,24,0.375
1604500,EastHghlnds,La_Nina,Fall,Dam_Present,6,15,0.4
1604500,EastHghlnds,La_Nina,Spring,Dam_Present,3,15,0.2
1604500,EastHghlnds,La_Nina,Summer,Dam_Present,3,15,0.2
1604500,EastHghlnds,La_Nina,Winter,Dam_Present,8,15,0.5333333333333333
1604500,EastHghlnds,Neutral,Fall,Dam_Present,1,5,0.2
1604500,EastHghlnds,Neutral,Spring,Dam_Present,2,5,0.4
1604500,EastHghlnds,Neutral,Summer,Dam_Present,1,5,0.2
1607500,EastHghlnds,El_Nino,Fall,Dam_Present,7,24,0.2916666666666667
1607500,EastHghlnds,El_Nino,Spring,Dam_Present,5,24,0.20833333333333334
1607500,EastHghlnds,El_Nino,Summer,Dam_Present,12,24,0.5
1607500,EastHghlnds,El_Nino,Winter,Dam_Present,9,24,0.375
1607500,EastHghlnds,La_Nina,Fall,Dam_Present,6,15,0.4
1607500,EastHghlnds,La_Nina,Spring,Dam_Present,4,15,0.26666666666666666
1607500,EastHghlnds,La_Nina,Summer,Dam_Present,4,15,0.26666666666666666
1607500,EastHghlnds,La_Nina,Winter,Dam_Present,4,15,0.26666666666666666
1607500,EastHghlnds,Neutral,Fall,Dam_Present,1,5,0.2
1607500,EastHghlnds,Neutral,Spring,Dam_Present,1,5,0.2
1607500,EastHghlnds,Neutral,Summer,Dam_Present,1,5,0.2
1607500,EastHghlnds,Neutral,Winter,Dam_Present,1,5,0.2
1608000,EastHghlnds,El_Nino,Fall,Dam_Present,6,24,0.25
1608000,EastHghlnds,El_Nino,Spring,Dam_Present,8,24,0.3333333333333333
1608000,EastHghlnds,El_Nino,Summer,Dam_Present,9,24,0.375
1608000,EastHghlnds,El_Nino,Winter,Dam_Present,9,24,0.375
1608000,EastHghlnds,La_Nina,Fall,Dam_Present,4,15,0.26666666666666666
1608000,EastHghlnds,La_Nina,Spring,Dam_Present,5,15,0.3333333333333333
1608000,EastHghlnds,La_Nina,Summer,Dam_Present,2,15,0.13333333333333333
1608000,EastHghlnds,La_Nina,Winter,Dam_Present,4,15,0.26666666666666666
1608000,EastHghlnds,Neutral,Fall,Dam_Present,1,5,0.2
1608000,EastHghlnds,Neutral,Spring,Dam_Present,1,5,0.2
1608000,EastHghlnds,Neutral,Summer,Dam_Present,2,5,0.4
1608500,EastHghlnds,El_Nino,Fall,Dam_Absent,5,24,0.20833333333333334
1608500,EastHghlnds,El_Nino,Spring,Dam_Absent,8,24,0.3333333333333333
1608500,EastHghlnds,El_Nino,Summer,Dam_Absent,7,24,0.2916666666666667
1608500,EastHghlnds,El_Nino,Winter,Dam_Absent,7,24,0.2916666666666667
1608500,EastHghlnds,La_Nina,Fall,Dam_Absent,5,15,0.3333333333333333
1608500,EastHghlnds,La_Nina,Spring,Dam_Absent,5,15,0.3333333333333333
1608500,EastHghlnds,La_Nina,Summer,Dam_Absent,3,15,0.2
1608500,EastHghlnds,La_Nina,Winter,Dam_Absent,5,15,0.3333333333333333
1608500,EastHghlnds,Neutral,Spring,Dam_Absent,1,5,0.2
1608500,EastHghlnds,Neutral,Summer,Dam_Absent,2,5,0.4
1608500,EastHghlnds,Neutral,Winter,Dam_Absent,1,5,0.2
1609000,EastHghlnds,El_Nino,Fall,Dam_Present,6,24,0.25
1609000,EastHghlnds,El_Nino,Spring,Dam_Present,6,24,0.25
1609000,EastHghlnds,El_Nino,Summer,Dam_Present,7,24,0.2916666666666667
1609000,EastHghlnds,El_Nino,Winter,Dam_Present,2,24,0.08333333333333333
1609000,EastHghlnds,La_Nina,Fall,Dam_Present,2,15,0.13333333333333333
1609000,EastHghlnds,La_Nina,Spring,Dam_Present,1,15,0.06666666666666667
1609000,EastHghlnds,La_Nina,Summer,Dam_Present,4,15,0.26666666666666666
1609000,EastHghlnds,La_Nina,Winter,Dam_Present,4,15,0.26666666666666666
1609000,EastHghlnds,Neutral,Fall,Dam_Present,1,5,0.2
1609000,EastHghlnds,Neutral,Spring,Dam_Present,1,5,0.2
1610000,EastHghlnds,El_Nino,Fall,Dam_Absent,9,24,0.375
1610000,EastHghlnds,El_Nino,Spring,Dam_Absent,10,24,0.4166666666666667
1610000,EastHghlnds,El_Nino,Summer,Dam_Absent,13,24,0.5416666666666666
1610000,EastHghlnds,El_Nino,Winter,Dam_Absent,7,24,0.2916666666666667
1610000,EastHghlnds,La_Nina,Fall,Dam_Absent,4,15,0.26666666666666666
1610000,EastHghlnds,La_Nina,Spring,Dam_Absent,5,15,0.3333333333333333
1610000,EastHghlnds,La_Nina,Summer,Dam_Absent,3,15,0.2
1610000,EastHghlnds,La_Nina,Winter,Dam_Absent,6,15,0.4
1610000,EastHghlnds,Neutral,Fall,Dam_Absent,2,5,0.4
1610000,EastHghlnds,Neutral,Spring,Dam_Absent,1,5,0.2
1610000,EastHghlnds,Neutral,Summer,Dam_Absent,1,5,0.2
1611500,EastHghlnds,El_Nino,Fall,Dam_Absent,8,24,0.3333333333333333
1611500,EastHghlnds,El_Nino,Spring,Dam_Absent,8,24,0.3333333333333333
1611500,EastHghlnds,El_Nino,Summer,Dam_Absent,10,24,0.4166666666666667
1611500,EastHghlnds,El_Nino,Winter,Dam_Absent,5,24,0.20833333333333334
1611500,EastHghlnds,La_Nina,Fall,Dam_Absent,4,15,0.26666666666666666
1611500,EastHghlnds,La_Nina,Spring,Dam_Absent,5,15,0.3333333333333333
1611500,EastHghlnds,La_Nina,Summer,Dam_Absent,2,15,0.13333333333333333
1611500,EastHghlnds,La_Nina,Winter,Dam_Absent,8,15,0.5333333333333333
1613000,EastHghlnds,El_Nino,Fall,Dam_Present,13,24,0.5416666666666666
1613000,EastHghlnds,El_Nino,Spring,Dam_Present,9,24,0.375
1613000,EastHghlnds,El_Nino,Summer,Dam_Present,8,24,0.3333333333333333
1613000,EastHghlnds,El_Nino,Winter,Dam_Present,7,24,0.2916666666666667
1613000,EastHghlnds,La_Nina,Fall,Dam_Present,5,15,0.3333333333333333
1613000,EastHghlnds,La_Nina,Spring,Dam_Present,5,15,0.3333333333333333
1613000,EastHghlnds,La_Nina,Summer,Dam_Present,4,15,0.26666666666666666
1613000,EastHghlnds,La_Nina,Winter,Dam_Present,6,15,0.4
1613000,EastHghlnds,Neutral,Fall,Dam_Present,1,5,0.2
1613000,EastHghlnds,Neutral,Spring,Dam_Present,1,5,0.2
1613000,EastHghlnds,Neutral,Summer,Dam_Present,2,5,0.4
1613000,EastHghlnds,Neutral,Winter,Dam_Present,1,5,0.2
1614000,EastHghlnds,El_Nino,Fall,Dam_Absent,9,24,0.375
1614000,EastHghlnds,El_Nino,Spring,Dam_Absent,5,24,0.20833333333333334
1614000,EastHghlnds,El_Nino,Summer,Dam_Absent,10,24,0.4166666666666667
1614000,EastHghlnds,El_Nino,Winter,Dam_Absent,6,24,0.25
1614000,EastHghlnds,La_Nina,Fall,Dam_Absent,1,15,0.06666666666666667
1614000,EastHghlnds,La_Nina,Spring,Dam_Absent,2,15,0.13333333333333333
1614000,EastHghlnds,La_Nina,Summer,Dam_Absent,3,15,0.2
1614000,EastHghlnds,La_Nina,Winter,Dam_Absent,5,15,0.3333333333333333
1614000,EastHghlnds,Neutral,Summer,Dam_Absent,1,5,0.2
1614500,EastHghlnds,El_Nino,Fall,Dam_Present,8,24,0.3333333333333333
1614500,EastHghlnds,El_Nino,Spring,Dam_Present,10,24,0.4166666666666667
1614500,EastHghlnds,El_Nino,Summer,Dam_Present,7,24,0.2916666666666667
1614500,EastHghlnds,El_Nino,Winter,Dam_Present,7,24,0.2916666666666667
1614500,EastHghlnds,La_Nina,Fall,Dam_Present,4,15,0.26666666666666666
1614500,EastHghlnds,La_Nina,Spring,Dam_Present,4,15,0.26666666666666666
1614500,EastHghlnds,La_Nina,Summer,Dam_Present,4,15,0.26666666666666666
1614500,EastHghlnds,La_Nina,Winter,Dam_Present,8,15,0.5333333333333333
1614500,EastHghlnds,Neutral,Spring,Dam_Present,2,5,0.4
1614500,EastHghlnds,Neutral,Summer,Dam_Present,1,5,0.2
1614500,EastHghlnds,Neutral,Winter,Dam_Present,1,5,0.2
1618000,EastHghlnds,El_Nino,Fall,Dam_Present,4,24,0.16666666666666666
1618000,EastHghlnds,El_Nino,Spring,Dam_Present,4,24,0.16666666666666666
1618000,EastHghlnds,El_Nino,Summer,Dam_Present,3,24,0.125
1618000,EastHghlnds,El_Nino,Winter,Dam_Present,3,24,0.125
1618000,EastHghlnds,La_Nina,Fall,Dam_Present,2,15,0.13333333333333333
1618000,EastHghlnds,La_Nina,Spring,Dam_Present,3,15,0.2
1618000,EastHghlnds,La_Nina,Summer,Dam_Present,3,15,0.2
1618000,EastHghlnds,La_Nina,Winter,Dam_Present,4,15,0.26666666666666666
1618000,EastHghlnds,Neutral,Winter,Dam_Present,1,5,0.2
1619000,EastHghlnds,El_Nino,Fall,Dam_Absent,5,24,0.20833333333333334
1619000,EastHghlnds,El_Nino,Spring,Dam_Absent,6,24,0.25
1619000,EastHghlnds,El_Nino,Summer,Dam_Absent,6,24,0.25
1619000,EastHghlnds,El_Nino,Winter,Dam_Absent,7,24,0.2916666666666667
1619000,EastHghlnds,La_Nina,Fall,Dam_Absent,4,15,0.26666666666666666
1619000,EastHghlnds,La_Nina,Spring,Dam_Absent,2,15,0.13333333333333333
1619000,EastHghlnds,La_Nina,Summer,Dam_Absent,6,15,0.4
1619000,EastHghlnds,La_Nina,Winter,Dam_Absent,5,15,0.3333333333333333
1619000,EastHghlnds,Neutral,Spring,Dam_Absent,1,5,0.2
1619500,EastHghlnds,El_Nino,Fall,Dam_Present,8,24,0.3333333333333333
1619500,EastHghlnds,El_Nino,Spring,Dam_Present,8,24,0.3333333333333333
1619500,EastHghlnds,El_Nino,Summer,Dam_Present,8,24,0.3333333333333333
1619500,EastHghlnds,El_Nino,Winter,Dam_Present,4,24,0.16666666666666666
1619500,EastHghlnds,La_Nina,Fall,Dam_Present,5,15,0.3333333333333333
1619500,EastHghlnds,La_Nina,Spring,Dam_Present,5,15,0.3333333333333333
1619500,EastHghlnds,La_Nina,Summer,Dam_Present,5,15,0.3333333333333333
1619500,EastHghlnds,La_Nina,Winter,Dam_Present,9,15,0.6
1622000,EastHghlnds,El_Nino,Fall,Dam_Absent,10,24,0.4166666666666667
1622000,EastHghlnds,El_Nino,Spring,Dam_Absent,9,24,0.375
1622000,EastHghlnds,El_Nino,Summer,Dam_Absent,8,24,0.3333333333333333
1622000,EastHghlnds,El_Nino,Winter,Dam_Absent,4,24,0.16666666666666666
1622000,EastHghlnds,La_Nina,Fall,Dam_Absent,4,15,0.26666666666666666
1622000,EastHghlnds,La_Nina,Spring,Dam_Absent,5,15,0.3333333333333333
1622000,EastHghlnds,La_Nina,Summer,Dam_Absent,3,15,0.2
1622000,EastHghlnds,La_Nina,Winter,Dam_Absent,4,15,0.26666666666666666
1622000,EastHghlnds,Neutral,Fall,Dam_Absent,1,5,0.2
1622000,EastHghlnds,Neutral,Spring,Dam_Absent,1,5,0.2
1622000,EastHghlnds,Neutral,Summer,Dam_Absent,3,5,0.6
1626000,EastHghlnds,El_Nino,Fall,Dam_Present,7,24,0.2916666666666667
1626000,EastHghlnds,El_Nino,Spring,Dam_Present,7,24,0.2916666666666667
1626000,EastHghlnds,El_Nino,Summer,Dam_Present,3,24,0.125
1626000,EastHghlnds,El_Nino,Winter,Dam_Present,6,24,0.25
1626000,EastHghlnds,La_Nina,Fall,Dam_Present,4,15,0.26666666666666666
1626000,EastHghlnds,La_Nina,Spring,Dam_Present,7,15,0.4666666666666667
1626000,EastHghlnds,La_Nina,Summer,Dam_Present,7,15,0.4666666666666667
1626000,EastHghlnds,La_Nina,Winter,Dam_Present,8,15,0.5333333333333333
1626000,EastHghlnds,Neutral,Fall,Dam_Present,3,5,0.6
1626000,EastHghlnds,Neutral,Summer,Dam_Present,1,5,0.2
1626850,EastHghlnds,El_Nino,Fall,Dam_Present,7,24,0.2916666666666667
1626850,EastHghlnds,El_Nino,Spring,Dam_Present,8,24,0.3333333333333333
1626850,EastHghlnds,El_Nino,Summer,Dam_Present,5,24,0.20833333333333334
1626850,EastHghlnds,El_Nino,Winter,Dam_Present,8,24,0.3333333333333333
1626850,EastHghlnds,La_Nina,Fall,Dam_Present,3,15,0.2
1626850,EastHghlnds,La_Nina,Spring,Dam_Present,4,15,0.26666666666666666
1626850,EastHghlnds,La_Nina,Summer,Dam_Present,5,15,0.3333333333333333
1626850,EastHghlnds,La_Nina,Winter,Dam_Present,4,15,0.26666666666666666
1626850,EastHghlnds,Neutral,Fall,Dam_Present,3,5,0.6
1626850,EastHghlnds,Neutral,Summer,Dam_Present,1,5,0.2
1627500,EastHghlnds,El_Nino,Fall,Dam_Absent,8,24,0.3333333333333333
1627500,EastHghlnds,El_Nino,Spring,Dam_Absent,9,24,0.375
1627500,EastHghlnds,El_Nino,Summer,Dam_Absent,4,24,0.16666666666666666
1627500,EastHghlnds,El_Nino,Winter,Dam_Absent,4,24,0.16666666666666666
1627500,EastHghlnds,La_Nina,Fall,Dam_Absent,3,15,0.2
1627500,EastHghlnds,La_Nina,Spring,Dam_Absent,8,15,0.5333333333333333
1627500,EastHghlnds,La_Nina,Summer,Dam_Absent,7,15,0.4666666666666667
1627500,EastHghlnds,La_Nina,Winter,Dam_Absent,7,15,0.4666666666666667
1627500,EastHghlnds,Neutral,Fall,Dam_Absent,5,5,1.0
1627500,EastHghlnds,Neutral,Summer,Dam_Absent,1,5,0.2
1628500,EastHghlnds,El_Nino,Fall,Dam_Absent,8,24,0.3333333333333333
1628500,EastHghlnds,El_Nino,Spring,Dam_Absent,9,24,0.375
1628500,EastHghlnds,El_Nino,Summer,Dam_Absent,5,24,0.20833333333333334
1628500,EastHghlnds,El_Nino,Winter,Dam_Absent,6,24,0.25
1628500,EastHghlnds,La_Nina,Fall,Dam_Absent,7,15,0.4666666666666667
1628500,EastHghlnds,La_Nina,Spring,Dam_Absent,6,15,0.4
1628500,EastHghlnds,La_Nina,Summer,Dam_Absent,3,15,0.2
1628500,EastHghlnds,La_Nina,Winter,Dam_Absent,8,15,0.5333333333333333
1628500,EastHghlnds,Neutral,Fall,Dam_Absent,1,5,0.2
1629500,EastHghlnds,El_Nino,Fall,Dam_Absent,11,24,0.4583333333333333
1629500,EastHghlnds,El_Nino,Spring,Dam_Absent,9,24,0.375
1629500,EastHghlnds,El_Nino,Summer,Dam_Absent,7,24,0.2916666666666667
1629500,EastHghlnds,El_Nino,Winter,Dam_Absent,5,24,0.20833333333333334
1629500,EastHghlnds,La_Nina,Fall,Dam_Absent,7,15,0.4666666666666667
1629500,EastHghlnds,La_Nina,Spring,Dam_Absent,6,15,0.4
1629500,EastHghlnds,La_Nina,Summer,Dam_Absent,6,15,0.4
1629500,EastHghlnds,La_Nina,Winter,Dam_Absent,8,15,0.5333333333333333
1629500,EastHghlnds,Neutral,Winter,Dam_Absent,1,5,0.2
1631000,EastHghlnds,El_Nino,Fall,Dam_Absent,12,24,0.5
1631000,EastHghlnds,El_Nino,Spring,Dam_Absent,10,24,0.4166666666666667
1631000,EastHghlnds,El_Nino,Summer,Dam_Absent,8,24,0.3333333333333333
1631000,EastHghlnds,El_Nino,Winter,Dam_Absent,2,24,0.08333333333333333
1631000,EastHghlnds,La_Nina,Fall,Dam_Absent,7,15,0.4666666666666667
1631000,EastHghlnds,La_Nina,Spring,Dam_Absent,7,15,0.4666666666666667
1631000,EastHghlnds,La_Nina,Summer,Dam_Absent,5,15,0.3333333333333333
1631000,EastHghlnds,La_Nina,Winter,Dam_Absent,5,15,0.3333333333333333
1631000,EastHghlnds,Neutral,Summer,Dam_Absent,1,5,0.2
1632000,EastHghlnds,El_Nino,Fall,Dam_Present,7,24,0.2916666666666667
1632000,EastHghlnds,El_Nino,Spring,Dam_Present,8,24,0.3333333333333333
1632000,EastHghlnds,El_Nino,Summer,Dam_Present,5,24,0.20833333333333334
1632000,EastHghlnds,El_Nino,Winter,Dam_Present,6,24,0.25
1632000,EastHghlnds,La_Nina,Fall,Dam_Present,3,15,0.2
1632000,EastHghlnds,La_Nina,Summer,Dam_Present,3,15,0.2
1632000,EastHghlnds,La_Nina,Winter,Dam_Present,3,15,0.2
1632000,EastHghlnds,Neutral,Spring,Dam_Present,2,5,0.4
1632000,EastHghlnds,Neutral,Summer,Dam_Present,1,5,0.2
1633000,EastHghlnds,El_Nino,Fall,Dam_Absent,10,24,0.4166666666666667
1633000,EastHghlnds,El_Nino,Spring,Dam_Absent,7,24,0.2916666666666667
1633000,EastHghlnds,El_Nino,Summer,Dam_Absent,11,24,0.4583333333333333
1633000,EastHghlnds,El_Nino,Winter,Dam_Absent,5,24,0.20833333333333334
1633000,EastHghlnds,La_Nina,Fall,Dam_Absent,6,15,0.4
1633000,EastHghlnds,La_Nina,Spring,Dam_Absent,5,15,0.3333333333333333
1633000,EastHghlnds,La_Nina,Summer,Dam_Absent,5,15,0.3333333333333333
1633000,EastHghlnds,La_Nina,Winter,Dam_Absent,7,15,0.4666666666666667
1633000,EastHghlnds,Neutral,Fall,Dam_Absent,1,5,0.2
1633000,EastHghlnds,Neutral,Spring,Dam_Absent,2,5,0.4
1633000,EastHghlnds,Neutral,Summer,Dam_Absent,1,5,0.2
1634000,EastHghlnds,El_Nino,Fall,Dam_Absent,9,24,0.375
1634000,EastHghlnds,El_Nino,Spring,Dam_Absent,10,24,0.4166666666666667
1634000,EastHghlnds,El_Nino,Summer,Dam_Absent,9,24,0.375
1634000,EastHghlnds,El_Nino,Winter,Dam_Absent,5,24,0.20833333333333334
1634000,EastHghlnds,La_Nina,Fall,Dam_Absent,6,15,0.4
1634000,EastHghlnds,La_Nina,Spring,Dam_Absent,4,15,0.26666666666666666
1634000,EastHghlnds,La_Nina,Summer,Dam_Absent,4,15,0.26666666666666666
1634000,EastHghlnds,La_Nina,Winter,Dam_Absent,5,15,0.3333333333333333
1634000,EastHghlnds,Neutral,Spring,Dam_Absent,1,5,0.2
1634000,EastHghlnds,Neutral,Summer,Dam_Absent,1,5,0.2
1636242,EastHghlnds,El_Nino,Fall,Dam_Present,1,24,0.041666666666666664
1636500,EastHghlnds,El_Nino,Fall,Dam_Present,6,24,0.25
1636500,EastHghlnds,El_Nino,Spring,Dam_Present,7,24,0.2916666666666667
1636500,EastHghlnds,El_Nino,Summer,Dam_Present,6,24,0.25
1636500,EastHghlnds,El_Nino,Winter,Dam_Present,5,24,0.20833333333333334
1636500,EastHghlnds,La_Nina,Fall,Dam_Present,8,15,0.5333333333333333
1636500,EastHghlnds,La_Nina,Spring,Dam_Present,6,15,0.4
1636500,EastHghlnds,La_Nina,Summer,Dam_Present,5,15,0.3333333333333333
1636500,EastHghlnds,La_Nina,Winter,Dam_Present,5,15,0.3333333333333333
1636500,EastHghlnds,Neutral,Spring,Dam_Present,1,5,0.2
1636500,EastHghlnds,Neutral,Summer,Dam_Present,1,5,0.2
1638500,EastHghlnds,El_Nino,Fall,Dam_Absent,12,24,0.5
1638500,EastHghlnds,El_Nino,Spring,Dam_Absent,9,24,0.375
1638500,EastHghlnds,El_Nino,Summer,Dam_Absent,12,24,0.5
1638500,EastHghlnds,El_Nino,Winter,Dam_Absent,10,24,0.4166666666666667
1638500,EastHghlnds,La_Nina,Fall,Dam_Absent,6,15,0.4
1638500,EastHghlnds,La_Nina,Spring,Dam_Absent,6,15,0.4
1638500,EastHghlnds,La_Nina,Summer,Dam_Absent,2,15,0.13333333333333333
1638500,EastHghlnds,La_Nina,Winter,Dam_Absent,7,15,0.4666666666666667
1638500,EastHghlnds,Neutral,Spring,Dam_Absent,1,5,0.2
1638500,EastHghlnds,Neutral,Summer,Dam_Absent,1,5,0.2
1639000,SEPlains,El_Nino,Fall,Dam_Present,8,24,0.3333333333333333
1639000,SEPlains,El_Nino,Spring,Dam_Present,7,24,0.2916666666666667
1639000,SEPlains,El_Nino,Summer,Dam_Present,11,24,0.4583333333333333
1639000,SEPlains,El_Nino,Winter,Dam_Present,9,24,0.375
1639000,SEPlains,La_Nina,Fall,Dam_Present,5,15,0.3333333333333333
1639000,SEPlains,La_Nina,Spring,Dam_Present,4,15,0.26666666666666666
1639000,SEPlains,La_Nina,Summer,Dam_Present,5,15,0.3333333333333333
1639000,SEPlains,La_Nina,Winter,Dam_Present,6,15,0.4
1639000,SEPlains,Neutral,Spring,Dam_Present,1,5,0.2
1639000,SEPlains,Neutral,Summer,Dam_Present,1,5,0.2
1642190,SEPlains,El_Nino,Fall,Dam_Present,3,24,0.125
1642190,SEPlains,El_Nino,Spring,Dam_Present,5,24,0.20833333333333334
1642190,SEPlains,El_Nino,Summer,Dam_Present,7,24,0.2916666666666667
1642190,SEPlains,El_Nino,Winter,Dam_Present,5,24,0.20833333333333334
1642190,SEPlains,La_Nina,Fall,Dam_Present,2,15,0.13333333333333333
1642190,SEPlains,La_Nina,Spring,Dam_Present,2,15,0.13333333333333333
1642190,SEPlains,La_Nina,Summer,Dam_Present,3,15,0.2
1642190,SEPlains,La_Nina,Winter,Dam_Present,5,15,0.3333333333333333
1642190,SEPlains,Neutral,Spring,Dam_Present,1,5,0.2
1643000,SEPlains,El_Nino,Fall,Dam_Present,9,24,0.375
1643000,SEPlains,El_Nino,Spring,Dam_Present,11,24,0.4583333333333333
1643000,SEPlains,El_Nino,Summer,Dam_Present,12,24,0.5
1643000,SEPlains,El_Nino,Winter,Dam_Present,7,24,0.2916666666666667
1643000,SEPlains,La_Nina,Fall,Dam_Present,5,15,0.3333333333333333
1643000,SEPlains,La_Nina,Spring,Dam_Present,2,15,0.13333333333333333
1643000,SEPlains,La_Nina,Summer,Dam_Present,7,15,0.4666666666666667
1643000,SEPlains,La_Nina,Winter,Dam_Present,7,15,0.4666666666666667
1643000,SEPlains,Neutral,Spring,Dam_Present,1,5,0.2
1643805,SEPlains,El_Nino,Fall,Dam_Present,6,24,0.25
1643805,SEPlains,El_Nino,Spring,Dam_Present,8,24,0.3333333333333333
1643805,SEPlains,El_Nino,Summer,Dam_Present,7,24,0.2916666666666667
1643805,SEPlains,El_Nino,Winter,Dam_Present,2,24,0.08333333333333333
1643805,SEPlains,La_Nina,Fall,Dam_Present,4,15,0.26666666666666666
1643805,SEPlains,La_Nina,Spring,Dam_Present,2,15,0.13333333333333333
1643805,SEPlains,La_Nina,Summer,Dam_Present,2,15,0.13333333333333333
1643805,SEPlains,La_Nina,Winter,Dam_Present,5,15,0.3333333333333333
1643805,SEPlains,Neutral,Spring,Dam_Present,2,5,0.4
1643805,SEPlains,Neutral,Summer,Dam_Present,1,5,0.2
1644280,SEPlains,El_Nino,Fall,Dam_Present,5,24,0.20833333333333334
1644280,SEPlains,El_Nino,Spring,Dam_Present,4,24,0.16666666666666666
1644280,SEPlains,El_Nino,Summer,Dam_Present,11,24,0.4583333333333333
1644280,SEPlains,El_Nino,Winter,Dam_Present,4,24,0.16666666666666666
1644280,SEPlains,La_Nina,Fall,Dam_Present,3,15,0.2
1644280,SEPlains,La_Nina,Spring,Dam_Present,1,15,0.06666666666666667
1644280,SEPlains,La_Nina,Summer,Dam_Present,1,15,0.06666666666666667
1644280,SEPlains,La_Nina,Winter,Dam_Present,3,15,0.2
1644280,SEPlains,Neutral,Fall,Dam_Present,1,5,0.2
1644280,SEPlains,Neutral,Spring,Dam_Present,1,5,0.2
1644600,SEPlains,El_Nino,Fall,Dam_Present,5,24,0.20833333333333334
1644600,SEPlains,El_Nino,Spring,Dam_Present,2,24,0.08333333333333333
1644600,SEPlains,El_Nino,Summer,Dam_Present,3,24,0.125
1644600,SEPlains,El_Nino,Winter,Dam_Present,2,24,0.08333333333333333
1644600,SEPlains,La_Nina,Fall,Dam_Present,1,15,0.06666666666666667
1644600,SEPlains,La_Nina,Spring,Dam_Present,2,15,0.13333333333333333
1644600,SEPlains,La_Nina,Summer,Dam_Present,1,15,0.06666666666666667
1644600,SEPlains,La_Nina,Winter,Dam_Present,3,15,0.2
1645000,SEPlains,El_Nino,Fall,Dam_Present,10,24,0.4166666666666667
1645000,SEPlains,El_Nino,Spring,Dam_Present,9,24,0.375
1645000,SEPlains,El_Nino,Summer,Dam_Present,8,24,0.3333333333333333
1645000,SEPlains,El_Nino,Winter,Dam_Present,5,24,0.20833333333333334
1645000,SEPlains,La_Nina,Fall,Dam_Present,4,15,0.26666666666666666
1645000,SEPlains,La_Nina,Spring,Dam_Present,5,15,0.3333333333333333
1645000,SEPlains,La_Nina,Summer,Dam_Present,2,15,0.13333333333333333
1645000,SEPlains,La_Nina,Winter,Dam_Present,6,15,0.4
1645000,SEPlains,Neutral,Summer,Dam_Present,1,5,0.2
1646000,SEPlains,El_Nino,Fall,Dam_Present,4,24,0.16666666666666666
1646000,SEPlains,El_Nino,Spring,Dam_Present,6,24,0.25
1646000,SEPlains,El_Nino,Summer,Dam_Present,3,24,0.125
1646000,SEPlains,El_Nino,Winter,Dam_Present,4,24,0.16666666666666666
1646000,SEPlains,La_Nina,Fall,Dam_Present,4,15,0.26666666666666666
1646000,SEPlains,La_Nina,Summer,Dam_Present,1,15,0.06666666666666667
1646000,SEPlains,La_Nina,Winter,Dam_Present,5,15,0.3333333333333333
1646000,SEPlains,Neutral,Spring,Dam_Present,1,5,0.2
1646500,EastHghlnds,El_Nino,Fall,Dam_Absent,10,24,0.4166666666666667
1646500,EastHghlnds,El_Nino,Spring,Dam_Absent,10,24,0.4166666666666667
1646500,EastHghlnds,El_Nino,Summer,Dam_Absent,14,24,0.5833333333333334
1646500,EastHghlnds,El_Nino,Winter,Dam_Absent,10,24,0.4166666666666667
1646500,EastHghlnds,La_Nina,Fall,Dam_Absent,6,15,0.4
1646500,EastHghlnds,La_Nina,Spring,Dam_Absent,6,15,0.4
1646500,EastHghlnds,La_Nina,Summer,Dam_Absent,4,15,0.26666666666666666
1646500,EastHghlnds,La_Nina,Winter,Dam_Absent,7,15,0.4666666666666667
1646500,EastHghlnds,Neutral,Spring,Dam_Absent,1,5,0.2
1646500,EastHghlnds,Neutral,Summer,Dam_Absent,1,5,0.2
1648000,SEPlains,El_Nino,Fall,Dam_Absent,6,24,0.25
1648000,SEPlains,El_Nino,Spring,Dam_Absent,6,24,0.25
1648000,SEPlains,El_Nino,Summer,Dam_Absent,8,24,0.3333333333333333
1648000,SEPlains,El_Nino,Winter,Dam_Absent,7,24,0.2916666666666667
1648000,SEPlains,La_Nina,Fall,Dam_Absent,4,15,0.26666666666666666
1648000,SEPlains,La_Nina,Spring,Dam_Absent,3,15,0.2
1648000,SEPlains,La_Nina,Summer,Dam_Absent,3,15,0.2
1648000,SEPlains,La_Nina,Winter,Dam_Absent,5,15,0.3333333333333333
1648000,SEPlains,Neutral,Spring,Dam_Absent,1,5,0.2
1653000,SEPlains,El_Nino,Fall,Dam_Present,6,24,0.25
1653000,SEPlains,El_Nino,Spring,Dam_Present,2,24,0.08333333333333333
1653000,SEPlains,El_Nino,Summer,Dam_Present,5,24,0.20833333333333334
1653000,SEPlains,El_Nino,Winter,Dam_Present,10,24,0.4166666666666667
1653000,SEPlains,La_Nina,Fall,Dam_Present,3,15,0.2
1653000,SEPlains,La_Nina,Spring,Dam_Present,3,15,0.2
1653000,SEPlains,La_Nina,Winter,Dam_Present,4,15,0.26666666666666666
1653000,SEPlains,Neutral,Spring,Dam_Present,1,5,0.2
1653000,SEPlains,Neutral,Summer,Dam_Present,1,5,0.2
1656000,SEPlains,El_Nino,Fall,Dam_Present,10,24,0.4166666666666667
1656000,SEPlains,El_Nino,Spring,Dam_Present,14,24,0.5833333333333334
1656000,SEPlains,El_Nino,Summer,Dam_Present,9,24,0.375
1656000,SEPlains,El_Nino,Winter,Dam_Present,7,24,0.2916666666666667
1656000,SEPlains,La_Nina,Fall,Dam_Present,10,15,0.6666666666666666
1656000,SEPlains,La_Nina,Spring,Dam_Present,3,15,0.2
1656000,SEPlains,La_Nina,Summer,Dam_Present,5,15,0.3333333333333333
1656000,SEPlains,La_Nina,Winter,Dam_Present,4,15,0.26666666666666666
1656000,SEPlains,Neutral,Fall,Dam_Present,2,5,0.4
1656000,SEPlains,Neutral,Spring,Dam_Present,1,5,0.2
1656000,SEPlains,Neutral,Summer,Dam_Present,3,5,0.6
1661500,SEPlains,El_Nino,Fall,Dam_Present,7,24,0.2916666666666667
1661500,SEPlains,El_Nino,Spring,Dam_Present,7,24,0.2916666666666667
1661500,SEPlains,El_Nino,Summer,Dam_Present,7,24,0.2916666666666667
1661500,SEPlains,El_Nino,Winter,Dam_Present,9,24,0.375
1661500,SEPlains,La_Nina,Fall,Dam_Present,4,15,0.26666666666666666
1661500,SEPlains,La_Nina,Spring,Dam_Present,4,15,0.26666666666666666
1661500,SEPlains,La_Nina,Summer,Dam_Present,1,15,0.06666666666666667
1661500,SEPlains,La_Nina,Winter,Dam_Present,4,15,0.26666666666666666
1661500,SEPlains,Neutral,Spring,Dam_Present,1,5,0.2
1661500,SEPlains,Neutral,Summer,Dam_Present,3,5,0.6
1663500,SEPlains,El_Nino,Fall,Dam_Absent,4,24,0.16666666666666666
1663500,SEPlains,El_Nino,Spring,Dam_Absent,9,24,0.375
1663500,SEPlains,El_Nino,Summer,Dam_Absent,8,24,0.3333333333333333
1663500,SEPlains,El_Nino,Winter,Dam_Absent,3,24,0.125
1663500,SEPlains,La_Nina,Fall,Dam_Absent,6,15,0.4
1663500,SEPlains,La_Nina,Spring,Dam_Absent,2,15,0.13333333333333333
1663500,SEPlains,La_Nina,Summer,Dam_Absent,4,15,0.26666666666666666
1663500,SEPlains,La_Nina,Winter,Dam_Absent,3,15,0.2
1663500,SEPlains,Neutral,Spring,Dam_Absent,2,5,0.4
1663500,SEPlains,Neutral,Summer,Dam_Absent,1,5,0.2
1663500,SEPlains,Neutral,Winter,Dam_Absent,1,5,0.2
1664000,SEPlains,El_Nino,Fall,Dam_Absent,9,24,0.375
1664000,SEPlains,El_Nino,Spring,Dam_Absent,12,24,0.5
1664000,SEPlains,El_Nino,Summer,Dam_Absent,9,24,0.375
1664000,SEPlains,El_Nino,Winter,Dam_Absent,6,24,0.25
1664000,SEPlains,La_Nina,Fall,Dam_Absent,4,15,0.26666666666666666
1664000,SEPlains,La_Nina,Spring,Dam_Absent,6,15,0.4
1664000,SEPlains,La_Nina,Summer,Dam_Absent,4,15,0.26666666666666666
1664000,SEPlains,La_Nina,Winter,Dam_Absent,6,15,0.4
1664000,SEPlains,Neutral,Fall,Dam_Absent,1,5,0.2
1664000,SEPlains,Neutral,Spring,Dam_Absent,1,5,0.2
1664000,SEPlains,Neutral,Summer,Dam_Absent,2,5,0.4
1666500,SEPlains,El_Nino,Fall,Dam_Absent,9,24,0.375
1666500,SEPlains,El_Nino,Spring,Dam_Absent,9,24,0.375
1666500,SEPlains,El_Nino,Summer,Dam_Absent,7,24,0.2916666666666667
1666500,SEPlains,El_Nino,Winter,Dam_Absent,7,24,0.2916666666666667
1666500,SEPlains,La_Nina,Fall,Dam_Absent,4,15,0.26666666666666666
1666500,SEPlains,La_Nina,Spring,Dam_Absent,6,15,0.4
1666500,SEPlains,La_Nina,Summer,Dam_Absent,5,15,0.3333333333333333
1666500,SEPlains,La_Nina,Winter,Dam_Absent,9,15,0.6
1666500,SEPlains,Neutral,Spring,Dam_Absent,1,5,0.2
1666500,SEPlains,Neutral,Summer,Dam_Absent,1,5,0.2
1667500,SEPlains,El_Nino,Fall,Dam_Absent,13,24,0.5416666666666666
1667500,SEPlains,El_Nino,Spring,Dam_Absent,8,24,0.3333333333333333
1667500,SEPlains,El_Nino,Summer,Dam_Absent,8,24,0.3333333333333333
1667500,SEPlains,El_Nino,Winter,Dam_Absent,5,24,0.20833333333333334
1667500,SEPlains,La_Nina,Fall,Dam_Absent,4,15,0.26666666666666666
1667500,SEPlains,La_Nina,Spring,Dam_Absent,6,15,0.4
1667500,SEPlains,La_Nina,Summer,Dam_Absent,4,15,0.26666666666666666
1667500,SEPlains,La_Nina,Winter,Dam_Absent,5,15,0.3333333333333333
1667500,SEPlains,Neutral,Fall,Dam_Absent,1,5,0.2
1667500,SEPlains,Neutral,Spring,Dam_Absent,1,5,0.2
1667500,SEPlains,Neutral,Summer,Dam_Absent,2,5,0.4
1668000,SEPlains,El_Nino,Fall,Dam_Present,9,24,0.375
1668000,SEPlains,El_Nino,Spring,Dam_Present,13,24,0.5416666666666666
1668000,SEPlains,El_Nino,Summer,Dam_Present,8,24,0.3333333333333333
1668000,SEPlains,El_Nino,Winter,Dam_Present,5,24,0.20833333333333334
1668000,SEPlains,La_Nina,Fall,Dam_Present,5,15,0.3333333333333333
1668000,SEPlains,La_Nina,Spring,Dam_Present,6,15,0.4
1668000,SEPlains,La_Nina,Summer,Dam_Present,5,15,0.3333333333333333
1668000,SEPlains,La_Nina,Winter,Dam_Present,4,15,0.26666666666666666
1668000,SEPlains,Neutral,Fall,Dam_Present,1,5,0.2
1668000,SEPlains,Neutral,Spring,Dam_Present,1,5,0.2
1668000,SEPlains,Neutral,Summer,Dam_Present,1,5,0.2
1670400,SEPlains,El_Nino,Fall,Dam_Present,2,24,0.08333333333333333
1670400,SEPlains,El_Nino,Spring,Dam_Present,4,24,0.16666666666666666
1670400,SEPlains,El_Nino,Summer,Dam_Present,2,24,0.08333333333333333
1670400,SEPlains,El_Nino,Winter,Dam_Present,4,24,0.16666666666666666
1670400,SEPlains,La_Nina,Fall,Dam_Present,2,15,0.13333333333333333
1670400,SEPlains,La_Nina,Spring,Dam_Present,1,15,0.06666666666666667
1670400,SEPlains,La_Nina,Winter,Dam_Present,1,15,0.06666666666666667
1670400,SEPlains,Neutral,Fall,Dam_Present,1,5,0.2
1670400,SEPlains,Neutral,Summer,Dam_Present,3,5,0.6
1671020,SEPlains,El_Nino,Fall,Dam_Absent,6,24,0.25
1671020,SEPlains,El_Nino,Spring,Dam_Absent,4,24,0.16666666666666666
1671020,SEPlains,El_Nino,Summer,Dam_Absent,4,24,0.16666666666666666
1671020,SEPlains,El_Nino,Winter,Dam_Absent,3,24,0.125
1671020,SEPlains,La_Nina,Fall,Dam_Absent,5,15,0.3333333333333333
1671020,SEPlains,La_Nina,Spring,Dam_Absent,7,15,0.4666666666666667
1671020,SEPlains,La_Nina,Summer,Dam_Absent,6,15,0.4
1671020,SEPlains,La_Nina,Winter,Dam_Absent,6,15,0.4
1671020,SEPlains,Neutral,Fall,Dam_Absent,3,5,0.6
1671020,SEPlains,Neutral,Summer,Dam_Absent,1,5,0.2
1671025,SEPlains,El_Nino,Fall,Dam_Absent,5,24,0.20833333333333334
1671025,SEPlains,El_Nino,Spring,Dam_Absent,3,24,0.125
1671025,SEPlains,El_Nino,Summer,Dam_Absent,4,24,0.16666666666666666
1671025,SEPlains,El_Nino,Winter,Dam_Absent,1,24,0.041666666666666664
1671025,SEPlains,La_Nina,Fall,Dam_Absent,2,15,0.13333333333333333
1671025,SEPlains,La_Nina,Spring,Dam_Absent,3,15,0.2
1671025,SEPlains,La_Nina,Summer,Dam_Absent,3,15,0.2
1671025,SEPlains,La_Nina,Winter,Dam_Absent,1,15,0.06666666666666667
1671025,SEPlains,Neutral,Fall,Dam_Absent,3,5,0.6
1671025,SEPlains,Neutral,Summer,Dam_Absent,1,5,0.2
1671025,SEPlains,Neutral,Winter,Dam_Absent,1,5,0.2
1671100,SEPlains,El_Nino,Fall,Dam_Absent,10,24,0.4166666666666667
1671100,SEPlains,El_Nino,Spring,Dam_Absent,10,24,0.4166666666666667
1671100,SEPlains,El_Nino,Summer,Dam_Absent,10,24,0.4166666666666667
1671100,SEPlains,El_Nino,Winter,Dam_Absent,3,24,0.125
1671100,SEPlains,La_Nina,Fall,Dam_Absent,7,15,0.4666666666666667
1671100,SEPlains,La_Nina,Spring,Dam_Absent,7,15,0.4666666666666667
1671100,SEPlains,La_Nina,Summer,Dam_Absent,5,15,0.3333333333333333
1671100,SEPlains,La_Nina,Winter,Dam_Absent,9,15,0.6
1671100,SEPlains,Neutral,Fall,Dam_Absent,1,5,0.2
1671100,SEPlains,Neutral,Summer,Dam_Absent,1,5,0.2
1672500,SEPlains,El_Nino,Fall,Dam_Absent,6,24,0.25
1672500,SEPlains,El_Nino,Spring,Dam_Absent,9,24,0.375
1672500,SEPlains,El_Nino,Summer,Dam_Absent,5,24,0.20833333333333334
1672500,SEPlains,El_Nino,Winter,Dam_Absent,3,24,0.125
1672500,SEPlains,La_Nina,Fall,Dam_Absent,6,15,0.4
1672500,SEPlains,La_Nina,Spring,Dam_Absent,4,15,0.26666666666666666
1672500,SEPlains,La_Nina,Summer,Dam_Absent,6,15,0.4
1672500,SEPlains,La_Nina,Winter,Dam_Absent,3,15,0.2
1672500,SEPlains,Neutral,Fall,Dam_Absent,1,5,0.2
1672500,SEPlains,Neutral,Spring,Dam_Absent,1,5,0.2
1672500,SEPlains,Neutral,Winter,Dam_Absent,1,5,0.2
1673000,SEPlains,El_Nino,Fall,Dam_Absent,6,24,0.25
1673000,SEPlains,El_Nino,Spring,Dam_Absent,7,24,0.2916666666666667
1673000,SEPlains,El_Nino,Summer,Dam_Absent,8,24,0.3333333333333333
1673000,SEPlains,El_Nino,Winter,Dam_Absent,3,24,0.125
1673000,SEPlains,La_Nina,Fall,Dam_Absent,6,15,0.4
1673000,SEPlains,La_Nina,Spring,Dam_Absent,2,15,0.13333333333333333
1673000,SEPlains,La_Nina,Summer,Dam_Absent,5,15,0.3333333333333333
1673000,SEPlains,La_Nina,Winter,Dam_Absent,3,15,0.2
1673000,SEPlains,Neutral,Fall,Dam_Absent,1,5,0.2
1673000,SEPlains,Neutral,Summer,Dam_Absent,1,5,0.2
1673800,SEPlains,El_Nino,Fall,Dam_Present,7,24,0.2916666666666667
1673800,SEPlains,El_Nino,Spring,Dam_Present,13,24,0.5416666666666666
1673800,SEPlains,El_Nino,Summer,Dam_Present,11,24,0.4583333333333333
1673800,SEPlains,El_Nino,Winter,Dam_Present,5,24,0.20833333333333334
1673800,SEPlains,La_Nina,Fall,Dam_Present,6,15,0.4
1673800,SEPlains,La_Nina,Spring,Dam_Present,6,15,0.4
1673800,SEPlains,La_Nina,Summer,Dam_Present,5,15,0.3333333333333333
1673800,SEPlains,La_Nina,Winter,Dam_Present,8,15,0.5333333333333333
1673800,SEPlains,Neutral,Spring,Dam_Present,1,5,0.2
1674000,SEPlains,El_Nino,Fall,Dam_Absent,4,24,0.16666666666666666
1674000,SEPlains,El_Nino,Spring,Dam_Absent,10,24,0.4166666666666667
1674000,SEPlains,El_Nino,Summer,Dam_Absent,9,24,0.375
1674000,SEPlains,El_Nino,Winter,Dam_Absent,4,24,0.16666666666666666
1674000,SEPlains,La_Nina,Fall,Dam_Absent,5,15,0.3333333333333333
1674000,SEPlains,La_Nina,Spring,Dam_Absent,6,15,0.4
1674000,SEPlains,La_Nina,Summer,Dam_Absent,6,15,0.4
1674000,SEPlains,La_Nina,Winter,Dam_Absent,6,15,0.4
1674000,SEPlains,Neutral,Fall,Dam_Absent,1,5,0.2
1674000,SEPlains,Neutral,Spring,Dam_Absent,1,5,0.2
1674000,SEPlains,Neutral,Summer,Dam_Absent,1,5,0.2
1674500,SEPlains,El_Nino,Fall,Dam_Absent,8,24,0.3333333333333333
1674500,SEPlains,El_Nino,Spring,Dam_Absent,7,24,0.2916666666666667
1674500,SEPlains,El_Nino,Summer,Dam_Absent,10,24,0.4166666666666667
1674500,SEPlains,El_Nino,Winter,Dam_Absent,4,24,0.16666666666666666
1674500,SEPlains,La_Nina,Fall,Dam_Absent,7,15,0.4666666666666667
1674500,SEPlains,La_Nina,Spring,Dam_Absent,4,15,0.26666666666666666
1674500,SEPlains,La_Nina,Summer,Dam_Absent,7,15,0.4666666666666667
1674500,SEPlains,La_Nina,Winter,Dam_Absent,8,15,0.5333333333333333
1674500,SEPlains,Neutral,Fall,Dam_Absent,2,5,0.4
1674500,SEPlains,Neutral,Summer,Dam_Absent,1,5,0.2
2011470,EastHghlnds,El_Nino,Fall,Dam_Present,6,24,0.25
2011470,EastHghlnds,El_Nino,Spring,Dam_Present,12,24,0.5
2011470,EastHghlnds,El_Nino,Summer,Dam_Present,7,24,0.2916666666666667
2011470,EastHghlnds,El_Nino,Winter,Dam_Present,5,24,0.20833333333333334
2011470,EastHghlnds,La_Nina,Fall,Dam_Present,4,15,0.26666666666666666
2011470,EastHghlnds,La_Nina,Spring,Dam_Present,7,15,0.4666666666666667
2011470,EastHghlnds,La_Nina,Summer,Dam_Present,8,15,0.5333333333333333
2011470,EastHghlnds,La_Nina,Winter,Dam_Present,6,15,0.4
2011470,EastHghlnds,Neutral,Fall,Dam_Present,1,5,0.2
2011470,EastHghlnds,Neutral,Spring,Dam_Present,1,5,0.2
2011470,EastHghlnds,Neutral,Summer,Dam_Present,2,5,0.4
2011470,EastHghlnds,Neutral,Winter,Dam_Present,2,5,0.4
2011490,EastHghlnds,El_Nino,Fall,Dam_Present,7,24,0.2916666666666667
2011490,EastHghlnds,El_Nino,Spring,Dam_Present,11,24,0.4583333333333333
2011490,EastHghlnds,El_Nino,Summer,Dam_Present,7,24,0.2916666666666667
2011490,EastHghlnds,El_Nino,Winter,Dam_Present,11,24,0.4583333333333333
2011490,EastHghlnds,La_Nina,Fall,Dam_Present,7,15,0.4666666666666667
2011490,EastHghlnds,La_Nina,Spring,Dam_Present,3,15,0.2
2011490,EastHghlnds,La_Nina,Summer,Dam_Present,2,15,0.13333333333333333
2011490,EastHghlnds,La_Nina,Winter,Dam_Present,5,15,0.3333333333333333
2011490,EastHghlnds,Neutral,Fall,Dam_Present,3,5,0.6
2011490,EastHghlnds,Neutral,Spring,Dam_Present,1,5,0.2
2011490,EastHghlnds,Neutral,Summer,Dam_Present,2,5,0.4
2011490,EastHghlnds,Neutral,Winter,Dam_Present,2,5,0.4
2011500,EastHghlnds,El_Nino,Fall,Dam_Absent,8,24,0.3333333333333333
2011500,EastHghlnds,El_Nino,Spring,Dam_Absent,12,24,0.5
2011500,EastHghlnds,El_Nino,Summer,Dam_Absent,9,24,0.375
2011500,EastHghlnds,El_Nino,Winter,Dam_Absent,8,24,0.3333333333333333
2011500,EastHghlnds,La_Nina,Fall,Dam_Absent,6,15,0.4
2011500,EastHghlnds,La_Nina,Spring,Dam_Absent,7,15,0.4666666666666667
2011500,EastHghlnds,La_Nina,Summer,Dam_Absent,7,15,0.4666666666666667
2011500,EastHghlnds,La_Nina,Winter,Dam_Absent,4,15,0.26666666666666666
2011500,EastHghlnds,Neutral,Fall,Dam_Absent,2,5,0.4
2011500,EastHghlnds,Neutral,Spring,Dam_Absent,1,5,0.2
2011500,EastHghlnds,Neutral,Summer,Dam_Absent,1,5,0.2
2011500,EastHghlnds,Neutral,Winter,Dam_Absent,1,5,0.2
2011800,EastHghlnds,El_Nino,Fall,Dam_Present,6,24,0.25
2011800,EastHghlnds,El_Nino,Spring,Dam_Present,10,24,0.4166666666666667
2011800,EastHghlnds,El_Nino,Summer,Dam_Present,12,24,0.5
2011800,EastHghlnds,El_Nino,Winter,Dam_Present,1,24,0.041666666666666664
2011800,EastHghlnds,La_Nina,Fall,Dam_Present,7,15,0.4666666666666667
2011800,EastHghlnds,La_Nina,Spring,Dam_Present,6,15,0.4
2011800,EastHghlnds,La_Nina,Summer,Dam_Present,13,15,0.8666666666666667
2011800,EastHghlnds,La_Nina,Winter,Dam_Present,2,15,0.13333333333333333
2011800,EastHghlnds,Neutral,Spring,Dam_Present,1,5,0.2
2011800,EastHghlnds,Neutral,Summer,Dam_Present,1,5,0.2
2011800,EastHghlnds,Neutral,Winter,Dam_Present,1,5,0.2
2013100,EastHghlnds,El_Nino,Fall,Dam_Present,10,24,0.4166666666666667
2013100,EastHghlnds,El_Nino,Spring,Dam_Present,12,24,0.5
2013100,EastHghlnds,El_Nino,Summer,Dam_Present,8,24,0.3333333333333333
2013100,EastHghlnds,El_Nino,Winter,Dam_Present,9,24,0.375
2013100,EastHghlnds,La_Nina,Fall,Dam_Present,9,15,0.6
2013100,EastHghlnds,La_Nina,Spring,Dam_Present,9,15,0.6
2013100,EastHghlnds,La_Nina,Summer,Dam_Present,5,15,0.3333333333333333
2013100,EastHghlnds,La_Nina,Winter,Dam_Present,7,15,0.4666666666666667
2013100,EastHghlnds,Neutral,Fall,Dam_Present,2,5,0.4
2013100,EastHghlnds,Neutral,Spring,Dam_Present,1,5,0.2
2013100,EastHghlnds,Neutral,Winter,Dam_Present,2,5,0.4
2016500,EastHghlnds,El_Nino,Fall,Dam_Present,9,24,0.375
2016500,EastHghlnds,El_Nino,Spring,Dam_Present,12,24,0.5
2016500,EastHghlnds,El_Nino,Summer,Dam_Present,8,24,0.3333333333333333
2016500,EastHghlnds,El_Nino,Winter,Dam_Present,9,24,0.375
2016500,EastHghlnds,La_Nina,Fall,Dam_Present,4,15,0.26666666666666666
2016500,EastHghlnds,La_Nina,Spring,Dam_Present,6,15,0.4
2016500,EastHghlnds,La_Nina,Summer,Dam_Present,7,15,0.4666666666666667
2016500,EastHghlnds,La_Nina,Winter,Dam_Present,7,15,0.4666666666666667
2016500,EastHghlnds,Neutral,Fall,Dam_Present,3,5,0.6
2016500,EastHghlnds,Neutral,Spring,Dam_Present,1,5,0.2
2016500,EastHghlnds,Neutral,Summer,Dam_Present,1,5,0.2
2016500,EastHghlnds,Neutral,Winter,Dam_Present,1,5,0.2
2017500,EastHghlnds,El_Nino,Fall,Dam_Absent,8,24,0.3333333333333333
2017500,EastHghlnds,El_Nino,Spring,Dam_Absent,7,24,0.2916666666666667
2017500,EastHghlnds,El_Nino,Summer,Dam_Absent,8,24,0.3333333333333333
2017500,EastHghlnds,El_Nino,Winter,Dam_Absent,4,24,0.16666666666666666
2017500,EastHghlnds,La_Nina,Fall,Dam_Absent,3,15,0.2
2017500,EastHghlnds,La_Nina,Spring,Dam_Absent,6,15,0.4
2017500,EastHghlnds,La_Nina,Summer,Dam_Absent,6,15,0.4
2017500,EastHghlnds,La_Nina,Winter,Dam_Absent,7,15,0.4666666666666667
2017500,EastHghlnds,Neutral,Fall,Dam_Absent,1,5,0.2
2017500,EastHghlnds,Neutral,Spring,Dam_Absent,2,5,0.4
2017500,EastHghlnds,Neutral,Summer,Dam_Absent,1,5,0.2
2017500,EastHghlnds,Neutral,Winter,Dam_Absent,1,5,0.2
2018000,EastHghlnds,El_Nino,Fall,Dam_Absent,5,24,0.20833333333333334
2018000,EastHghlnds,El_Nino,Spring,Dam_Absent,8,24,0.3333333333333333
2018000,EastHghlnds,El_Nino,Summer,Dam_Absent,8,24,0.3333333333333333
2018000,EastHghlnds,El_Nino,Winter,Dam_Absent,4,24,0.16666666666666666
2018000,EastHghlnds,La_Nina,Fall,Dam_Absent,3,15,0.2
2018000,EastHghlnds,La_Nina,Spring,Dam_Absent,5,15,0.3333333333333333
2018000,EastHghlnds,La_Nina,Summer,Dam_Absent,7,15,0.4666666666666667
2018000,EastHghlnds,La_Nina,Winter,Dam_Absent,9,15,0.6
2018000,EastHghlnds,Neutral,Fall,Dam_Absent,3,5,0.6
2018000,EastHghlnds,Neutral,Spring,Dam_Absent,1,5,0.2
2018000,EastHghlnds,Neutral,Summer,Dam_Absent,3,5,0.6
2019500,EastHghlnds,El_Nino,Fall,Dam_Absent,9,24,0.375
2019500,EastHghlnds,El_Nino,Spring,Dam_Absent,11,24,0.4583333333333333
2019500,EastHghlnds,El_Nino,Summer,Dam_Absent,6,24,0.25
2019500,EastHghlnds,El_Nino,Winter,Dam_Absent,7,24,0.2916666666666667
2019500,EastHghlnds,La_Nina,Fall,Dam_Absent,6,15,0.4
2019500,EastHghlnds,La_Nina,Spring,Dam_Absent,7,15,0.4666666666666667
2019500,EastHghlnds,La_Nina,Summer,Dam_Absent,9,15,0.6
2019500,EastHghlnds,La_Nina,Winter,Dam_Absent,9,15,0.6
2019500,EastHghlnds,Neutral,Fall,Dam_Absent,3,5,0.6
2019500,EastHghlnds,Neutral,Spring,Dam_Absent,1,5,0.2
2019500,EastHghlnds,Neutral,Summer,Dam_Absent,2,5,0.4
2019500,EastHghlnds,Neutral,Winter,Dam_Absent,1,5,0.2
2021500,EastHghlnds,El_Nino,Fall,Dam_Present,8,24,0.3333333333333333
2021500,EastHghlnds,El_Nino,Spring,Dam_Present,10,24,0.4166666666666667
2021500,EastHghlnds,El_Nino,Summer,Dam_Present,5,24,0.20833333333333334
2021500,EastHghlnds,El_Nino,Winter,Dam_Present,7,24,0.2916666666666667
2021500,EastHghlnds,La_Nina,Fall,Dam_Present,4,15,0.26666666666666666
2021500,EastHghlnds,La_Nina,Spring,Dam_Present,6,15,0.4
2021500,EastHghlnds,La_Nina,Summer,Dam_Present,5,15,0.3333333333333333
2021500,EastHghlnds,La_Nina,Winter,Dam_Present,6,15,0.4
2021500,EastHghlnds,Neutral,Spring,Dam_Present,1,5,0.2
2021500,EastHghlnds,Neutral,Summer,Dam_Present,1,5,0.2
2021500,EastHghlnds,Neutral,Winter,Dam_Present,1,5,0.2
2024000,EastHghlnds,El_Nino,Fall,Dam_Absent,8,24,0.3333333333333333
2024000,EastHghlnds,El_Nino,Spring,Dam_Absent,11,24,0.4583333333333333
2024000,EastHghlnds,El_Nino,Summer,Dam_Absent,7,24,0.2916666666666667
2024000,EastHghlnds,El_Nino,Winter,Dam_Absent,6,24,0.25
2024000,EastHghlnds,La_Nina,Fall,Dam_Absent,6,15,0.4
2024000,EastHghlnds,La_Nina,Spring,Dam_Absent,7,15,0.4666666666666667
2024000,EastHghlnds,La_Nina,Summer,Dam_Absent,6,15,0.4
2024000,EastHghlnds,La_Nina,Winter,Dam_Absent,6,15,0.4
2024000,EastHghlnds,Neutral,Fall,Dam_Absent,1,5,0.2
2024000,EastHghlnds,Neutral,Spring,Dam_Absent,1,5,0.2
2024000,EastHghlnds,Neutral,Summer,Dam_Absent,2,5,0.4
2024000,EastHghlnds,Neutral,Winter,Dam_Absent,1,5,0.2
2024752,EastHghlnds,El_Nino,Fall,Dam_Absent,4,24,0.16666666666666666
2024752,EastHghlnds,El_Nino,Spring,Dam_Absent,6,24,0.25
2024752,EastHghlnds,El_Nino,Summer,Dam_Absent,3,24,0.125
2024752,EastHghlnds,El_Nino,Winter,Dam_Absent,4,24,0.16666666666666666
2024752,EastHghlnds,La_Nina,Fall,Dam_Absent,4,15,0.26666666666666666
2024752,EastHghlnds,La_Nina,Spring,Dam_Absent,3,15,0.2
2024752,EastHghlnds,La_Nina,Summer,Dam_Absent,5,15,0.3333333333333333
2024752,EastHghlnds,La_Nina,Winter,Dam_Absent,3,15,0.2
2024752,EastHghlnds,Neutral,Fall,Dam_Absent,2,5,0.4
2024752,EastHghlnds,Neutral,Spring,Dam_Absent,1,5,0.2
2025500,EastHghlnds,El_Nino,Fall,Dam_Absent,13,24,0.5416666666666666
2025500,EastHghlnds,El_Nino,Spring,Dam_Absent,14,24,0.5833333333333334
2025500,EastHghlnds,El_Nino,Summer,Dam_Absent,3,24,0.125
2025500,EastHghlnds,El_Nino,Winter,Dam_Absent,6,24,0.25
2025500,EastHghlnds,La_Nina,Fall,Dam_Absent,6,15,0.4
2025500,EastHghlnds,La_Nina,Spring,Dam_Absent,7,15,0.4666666666666667
2025500,EastHghlnds,La_Nina,Summer,Dam_Absent,6,15,0.4
2025500,EastHghlnds,La_Nina,Winter,Dam_Absent,7,15,0.4666666666666667
2025500,EastHghlnds,Neutral,Fall,Dam_Absent,2,5,0.4
2025500,EastHghlnds,Neutral,Spring,Dam_Absent,1,5,0.2
2025500,EastHghlnds,Neutral,Summer,Dam_Absent,1,5,0.2
2026000,EastHghlnds,El_Nino,Fall,Dam_Absent,12,24,0.5
2026000,EastHghlnds,El_Nino,Spring,Dam_Absent,14,24,0.5833333333333334
2026000,EastHghlnds,El_Nino,Summer,Dam_Absent,4,24,0.16666666666666666
2026000,EastHghlnds,El_Nino,Winter,Dam_Absent,7,24,0.2916666666666667
2026000,EastHghlnds,La_Nina,Fall,Dam_Absent,5,15,0.3333333333333333
2026000,EastHghlnds,La_Nina,Spring,Dam_Absent,6,15,0.4
2026000,EastHghlnds,La_Nina,Summer,Dam_Absent,7,15,0.4666666666666667
2026000,EastHghlnds,La_Nina,Winter,Dam_Absent,7,15,0.4666666666666667
2026000,EastHghlnds,Neutral,Fall,Dam_Absent,2,5,0.4
2027800,SEPlains,El_Nino,Summer,Dam_Absent,1,24,0.041666666666666664
2027800,SEPlains,El_Nino,Winter,Dam_Absent,3,24,0.125
2029000,EastHghlnds,El_Nino,Fall,Dam_Absent,9,24,0.375
2029000,EastHghlnds,El_Nino,Spring,Dam_Absent,11,24,0.4583333333333333
2029000,EastHghlnds,El_Nino,Summer,Dam_Absent,8,24,0.3333333333333333
2029000,EastHghlnds,El_Nino,Winter,Dam_Absent,7,24,0.2916666666666667
2029000,EastHghlnds,La_Nina,Fall,Dam_Absent,7,15,0.4666666666666667
2029000,EastHghlnds,La_Nina,Spring,Dam_Absent,6,15,0.4
2029000,EastHghlnds,La_Nina,Summer,Dam_Absent,4,15,0.26666666666666666
2029000,EastHghlnds,La_Nina,Winter,Dam_Absent,7,15,0.4666666666666667
2029000,EastHghlnds,Neutral,Fall,Dam_Absent,4,5,0.8
2029000,EastHghlnds,Neutral,Spring,Dam_Absent,1,5,0.2
2029000,EastHghlnds,Neutral,Summer,Dam_Absent,1,5,0.2
2030500,SEPlains,El_Nino,Fall,Dam_Absent,7,24,0.2916666666666667
2030500,SEPlains,El_Nino,Spring,Dam_Absent,6,24,0.25
2030500,SEPlains,El_Nino,Summer,Dam_Absent,6,24,0.25
2030500,SEPlains,El_Nino,Winter,Dam_Absent,6,24,0.25
2030500,SEPlains,La_Nina,Fall,Dam_Absent,5,15,0.3333333333333333
2030500,SEPlains,La_Nina,Spring,Dam_Absent,4,15,0.26666666666666666
2030500,SEPlains,La_Nina,Summer,Dam_Absent,5,15,0.3333333333333333
2030500,SEPlains,La_Nina,Winter,Dam_Absent,5,15,0.3333333333333333
2030500,SEPlains,Neutral,Fall,Dam_Absent,1,5,0.2
2030500,SEPlains,Neutral,Spring,Dam_Absent,3,5,0.6
2030500,SEPlains,Neutral,Winter,Dam_Absent,1,5,0.2
2031000,SEPlains,El_Nino,Fall,Dam_Present,7,24,0.2916666666666667
2031000,SEPlains,El_Nino,Spring,Dam_Present,7,24,0.2916666666666667
2031000,SEPlains,El_Nino,Summer,Dam_Present,6,24,0.25
2031000,SEPlains,El_Nino,Winter,Dam_Present,6,24,0.25
2031000,SEPlains,La_Nina,Fall,Dam_Present,4,15,0.26666666666666666
2031000,SEPlains,La_Nina,Spring,Dam_Present,4,15,0.26666666666666666
2031000,SEPlains,La_Nina,Summer,Dam_Present,5,15,0.3333333333333333
2031000,SEPlains,La_Nina,Winter,Dam_Present,4,15,0.26666666666666666
2031000,SEPlains,Neutral,Fall,Dam_Present,1,5,0.2
2031000,SEPlains,Neutral,Summer,Dam_Present,1,5,0.2
2032250,EastHghlnds,El_Nino,Fall,Dam_Absent,7,24,0.2916666666666667
2032250,EastHghlnds,El_Nino,Spring,Dam_Absent,6,24,0.25
2032250,EastHghlnds,El_Nino,Summer,Dam_Absent,6,24,0.25
2032250,EastHghlnds,El_Nino,Winter,Dam_Absent,3,24,0.125
2032250,EastHghlnds,La_Nina,Fall,Dam_Absent,2,15,0.13333333333333333
2032250,EastHghlnds,La_Nina,Spring,Dam_Absent,2,15,0.13333333333333333
2032250,EastHghlnds,La_Nina,Summer,Dam_Absent,4,15,0.26666666666666666
2032250,EastHghlnds,La_Nina,Winter,Dam_Absent,3,15,0.2
2032250,EastHghlnds,Neutral,Spring,Dam_Absent,1,5,0.2
2032250,EastHghlnds,Neutral,Summer,Dam_Absent,1,5,0.2
2032640,SEPlains,El_Nino,Fall,Dam_Present,11,24,0.4583333333333333
2032640,SEPlains,El_Nino,Spring,Dam_Present,8,24,0.3333333333333333
2032640,SEPlains,El_Nino,Summer,Dam_Present,9,24,0.375
2032640,SEPlains,El_Nino,Winter,Dam_Present,7,24,0.2916666666666667
2032640,SEPlains,La_Nina,Fall,Dam_Present,5,15,0.3333333333333333
2032640,SEPlains,La_Nina,Spring,Dam_Present,5,15,0.3333333333333333
2032640,SEPlains,La_Nina,Summer,Dam_Present,7,15,0.4666666666666667
2032640,SEPlains,La_Nina,Winter,Dam_Present,7,15,0.4666666666666667
2032640,SEPlains,Neutral,Fall,Dam_Present,1,5,0.2
2032640,SEPlains,Neutral,Spring,Dam_Present,1,5,0.2
2032640,SEPlains,Neutral,Summer,Dam_Present,1,5,0.2
2034000,SEPlains,El_Nino,Fall,Dam_Present,9,24,0.375
2034000,SEPlains,El_Nino,Spring,Dam_Present,12,24,0.5
2034000,SEPlains,El_Nino,Summer,Dam_Present,6,24,0.25
2034000,SEPlains,El_Nino,Winter,Dam_Present,8,24,0.3333333333333333
2034000,SEPlains,La_Nina,Fall,Dam_Present,6,15,0.4
2034000,SEPlains,La_Nina,Spring,Dam_Present,7,15,0.4666666666666667
2034000,SEPlains,La_Nina,Summer,Dam_Present,7,15,0.4666666666666667
2034000,SEPlains,La_Nina,Winter,Dam_Present,6,15,0.4
2034000,SEPlains,Neutral,Fall,Dam_Present,1,5,0.2
2034000,SEPlains,Neutral,Spring,Dam_Present,1,5,0.2
2034000,SEPlains,Neutral,Summer,Dam_Present,1,5,0.2
2035000,EastHghlnds,El_Nino,Fall,Dam_Absent,7,24,0.2916666666666667
2035000,EastHghlnds,El_Nino,Spring,Dam_Absent,9,24,0.375
2035000,EastHghlnds,El_Nino,Summer,Dam_Absent,5,24,0.20833333333333334
2035000,EastHghlnds,El_Nino,Winter,Dam_Absent,5,24,0.20833333333333334
2035000,EastHghlnds,La_Nina,Fall,Dam_Absent,8,15,0.5333333333333333
2035000,EastHghlnds,La_Nina,Spring,Dam_Absent,7,15,0.4666666666666667
2035000,EastHghlnds,La_Nina,Summer,Dam_Absent,5,15,0.3333333333333333
2035000,EastHghlnds,La_Nina,Winter,Dam_Absent,5,15,0.3333333333333333
2035000,EastHghlnds,Neutral,Fall,Dam_Absent,1,5,0.2
2035000,EastHghlnds,Neutral,Spring,Dam_Absent,1,5,0.2
2035000,EastHghlnds,Neutral,Summer,Dam_Absent,1,5,0.2
2037500,EastHghlnds,El_Nino,Fall,Dam_Absent,9,24,0.375
2037500,EastHghlnds,El_Nino,Spring,Dam_Absent,12,24,0.5
2037500,EastHghlnds,El_Nino,Summer,Dam_Absent,5,24,0.20833333333333334
2037500,EastHghlnds,El_Nino,Winter,Dam_Absent,4,24,0.16666666666666666
2037500,EastHghlnds,La_Nina,Fall,Dam_Absent,7,15,0.4666666666666667
2037500,EastHghlnds,La_Nina,Spring,Dam_Absent,6,15,0.4
2037500,EastHghlnds,La_Nina,Summer,Dam_Absent,5,15,0.3333333333333333
2037500,EastHghlnds,La_Nina,Winter,Dam_Absent,7,15,0.4666666666666667
2037500,EastHghlnds,Neutral,Spring,Dam_Absent,1,5,0.2
2037500,EastHghlnds,Neutral,Summer,Dam_Absent,2,5,0.4
2039000,SEPlains,El_Nino,Fall,Dam_Present,9,24,0.375
2039000,SEPlains,El_Nino,Spring,Dam_Present,9,24,0.375
2039000,SEPlains,El_Nino,Summer,Dam_Present,8,24,0.3333333333333333
2039000,SEPlains,El_Nino,Winter,Dam_Present,8,24,0.3333333333333333
2039000,SEPlains,La_Nina,Fall,Dam_Present,5,15,0.3333333333333333
2039000,SEPlains,La_Nina,Spring,Dam_Present,5,15,0.3333333333333333
2039000,SEPlains,La_Nina,Summer,Dam_Present,7,15,0.4666666666666667
2039000,SEPlains,La_Nina,Winter,Dam_Present,7,15,0.4666666666666667
2039000,SEPlains,Neutral,Fall,Dam_Present,2,5,0.4
2039000,SEPlains,Neutral,Spring,Dam_Present,2,5,0.4
2039000,SEPlains,Neutral,Winter,Dam_Present,1,5,0.2
2039500,SEPlains,El_Nino,Fall,Dam_Absent,8,24,0.3333333333333333
2039500,SEPlains,El_Nino,Spring,Dam_Absent,8,24,0.3333333333333333
2039500,SEPlains,El_Nino,Summer,Dam_Absent,8,24,0.3333333333333333
2039500,SEPlains,El_Nino,Winter,Dam_Absent,10,24,0.4166666666666667
2039500,SEPlains,La_Nina,Fall,Dam_Absent,7,15,0.4666666666666667
2039500,SEPlains,La_Nina,Spring,Dam_Absent,7,15,0.4666666666666667
2039500,SEPlains,La_Nina,Summer,Dam_Absent,7,15,0.4666666666666667
2039500,SEPlains,La_Nina,Winter,Dam_Absent,7,15,0.4666666666666667
2039500,SEPlains,Neutral,Fall,Dam_Absent,3,5,0.6
2039500,SEPlains,Neutral,Spring,Dam_Absent,2,5,0.4
2039500,SEPlains,Neutral,Summer,Dam_Absent,1,5,0.2
2039500,SEPlains,Neutral,Winter,Dam_Absent,1,5,0.2
2040000,SEPlains,El_Nino,Fall,Dam_Absent,6,24,0.25
2040000,SEPlains,El_Nino,Spring,Dam_Absent,9,24,0.375
2040000,SEPlains,El_Nino,Summer,Dam_Absent,6,24,0.25
2040000,SEPlains,El_Nino,Winter,Dam_Absent,7,24,0.2916666666666667
2040000,SEPlains,La_Nina,Fall,Dam_Absent,4,15,0.26666666666666666
2040000,SEPlains,La_Nina,Spring,Dam_Absent,8,15,0.5333333333333333
2040000,SEPlains,La_Nina,Summer,Dam_Absent,6,15,0.4
2040000,SEPlains,La_Nina,Winter,Dam_Absent,7,15,0.4666666666666667
2040000,SEPlains,Neutral,Fall,Dam_Absent,2,5,0.4
2040000,SEPlains,Neutral,Spring,Dam_Absent,1,5,0.2
2040000,SEPlains,Neutral,Summer,Dam_Absent,1,5,0.2
2040000,SEPlains,Neutral,Winter,Dam_Absent,1,5,0.2
2041650,SEPlains,El_Nino,Fall,Dam_Present,5,24,0.20833333333333334
2041650,SEPlains,El_Nino,Spring,Dam_Present,7,24,0.2916666666666667
2041650,SEPlains,El_Nino,Summer,Dam_Present,8,24,0.3333333333333333
2041650,SEPlains,El_Nino,Winter,Dam_Present,6,24,0.25
2041650,SEPlains,La_Nina,Fall,Dam_Present,6,15,0.4
2041650,SEPlains,La_Nina,Spring,Dam_Present,10,15,0.6666666666666666
2041650,SEPlains,La_Nina,Summer,Dam_Present,7,15,0.4666666666666667
2041650,SEPlains,La_Nina,Winter,Dam_Present,6,15,0.4
2041650,SEPlains,Neutral,Fall,Dam_Present,2,5,0.4
2041650,SEPlains,Neutral,Spring,Dam_Present,2,5,0.4
2041650,SEPlains,Neutral,Summer,Dam_Present,3,5,0.6
2041650,SEPlains,Neutral,Winter,Dam_Present,1,5,0.2
2052000,SEPlains,El_Nino,Fall,Dam_Absent,10,24,0.4166666666666667
2052000,SEPlains,El_Nino,Spring,Dam_Absent,11,24,0.4583333333333333
2052000,SEPlains,El_Nino,Summer,Dam_Absent,8,24,0.3333333333333333
2052000,SEPlains,El_Nino,Winter,Dam_Absent,7,24,0.2916666666666667
2052000,SEPlains,La_Nina,Fall,Dam_Absent,5,15,0.3333333333333333
2052000,SEPlains,La_Nina,Spring,Dam_Absent,4,15,0.26666666666666666
2052000,SEPlains,La_Nina,Summer,Dam_Absent,5,15,0.3333333333333333
2052000,SEPlains,La_Nina,Winter,Dam_Absent,8,15,0.5333333333333333
2052000,SEPlains,Neutral,Fall,Dam_Absent,3,5,0.6
2052000,SEPlains,Neutral,Spring,Dam_Absent,2,5,0.4
2052000,SEPlains,Neutral,Summer,Dam_Absent,2,5,0.4
2052000,SEPlains,Neutral,Winter,Dam_Absent,1,5,0.2
2054530,EastHghlnds,El_Nino,Fall,Dam_Present,10,24,0.4166666666666667
2054530,EastHghlnds,El_Nino,Spring,Dam_Present,6,24,0.25
2054530,EastHghlnds,El_Nino,Summer,Dam_Present,4,24,0.16666666666666666
2054530,EastHghlnds,El_Nino,Winter,Dam_Present,4,24,0.16666666666666666
2054530,EastHghlnds,La_Nina,Fall,Dam_Present,6,15,0.4
2054530,EastHghlnds,La_Nina,Spring,Dam_Present,9,15,0.6
2054530,EastHghlnds,La_Nina,Summer,Dam_Present,5,15,0.3333333333333333
2054530,EastHghlnds,La_Nina,Winter,Dam_Present,10,15,0.6666666666666666
2054530,EastHghlnds,Neutral,Fall,Dam_Present,1,5,0.2
2054530,EastHghlnds,Neutral,Summer,Dam_Present,1,5,0.2
2055000,EastHghlnds,El_Nino,Fall,Dam_Absent,3,24,0.125
2055000,EastHghlnds,El_Nino,Spring,Dam_Absent,7,24,0.2916666666666667
2055000,EastHghlnds,El_Nino,Summer,Dam_Absent,3,24,0.125
2055000,EastHghlnds,El_Nino,Winter,Dam_Absent,7,24,0.2916666666666667
2055000,EastHghlnds,La_Nina,Fall,Dam_Absent,7,15,0.4666666666666667
2055000,EastHghlnds,La_Nina,Spring,Dam_Absent,6,15,0.4
2055000,EastHghlnds,La_Nina,Summer,Dam_Absent,6,15,0.4
2055000,EastHghlnds,La_Nina,Winter,Dam_Absent,10,15,0.6666666666666666
2055000,EastHghlnds,Neutral,Fall,Dam_Absent,1,5,0.2
2056000,EastHghlnds,El_Nino,Fall,Dam_Present,10,24,0.4166666666666667
2056000,EastHghlnds,El_Nino,Spring,Dam_Present,6,24,0.25
2056000,EastHghlnds,El_Nino,Summer,Dam_Present,3,24,0.125
2056000,EastHghlnds,El_Nino,Winter,Dam_Present,6,24,0.25
2056000,EastHghlnds,La_Nina,Fall,Dam_Present,5,15,0.3333333333333333
2056000,EastHghlnds,La_Nina,Spring,Dam_Present,6,15,0.4
2056000,EastHghlnds,La_Nina,Summer,Dam_Present,9,15,0.6
2056000,EastHghlnds,La_Nina,Winter,Dam_Present,8,15,0.5333333333333333
2056000,EastHghlnds,Neutral,Fall,Dam_Present,1,5,0.2
2056000,EastHghlnds,Neutral,Summer,Dam_Present,1,5,0.2
2060500,SEPlains,El_Nino,Fall,Dam_Present,5,24,0.20833333333333334
2060500,SEPlains,El_Nino,Spring,Dam_Present,7,24,0.2916666666666667
2060500,SEPlains,El_Nino,Summer,Dam_Present,3,24,0.125
2060500,SEPlains,El_Nino,Winter,Dam_Present,5,24,0.20833333333333334
2060500,SEPlains,La_Nina,Fall,Dam_Present,9,15,0.6
2060500,SEPlains,La_Nina,Spring,Dam_Present,9,15,0.6
2060500,SEPlains,La_Nina,Summer,Dam_Present,6,15,0.4
2060500,SEPlains,La_Nina,Winter,Dam_Present,7,15,0.4666666666666667
2060500,SEPlains,Neutral,Fall,Dam_Present,2,5,0.4
2060500,SEPlains,Neutral,Summer,Dam_Present,1,5,0.2
2061500,SEPlains,El_Nino,Fall,Dam_Absent,10,24,0.4166666666666667
2061500,SEPlains,El_Nino,Spring,Dam_Absent,7,24,0.2916666666666667
2061500,SEPlains,El_Nino,Summer,Dam_Absent,5,24,0.20833333333333334
2061500,SEPlains,El_Nino,Winter,Dam_Absent,6,24,0.25
2061500,SEPlains,La_Nina,Fall,Dam_Absent,3,15,0.2
2061500,SEPlains,La_Nina,Spring,Dam_Absent,8,15,0.5333333333333333
2061500,SEPlains,La_Nina,Summer,Dam_Absent,8,15,0.5333333333333333
2061500,SEPlains,La_Nina,Winter,Dam_Absent,11,15,0.7333333333333333
2061500,SEPlains,Neutral,Fall,Dam_Absent,1,5,0.2
2061500,SEPlains,Neutral,Summer,Dam_Absent,1,5,0.2
2061500,SEPlains,Neutral,Winter,Dam_Absent,1,5,0.2
2062500,SEPlains,El_Nino,Fall,Dam_Absent,6,24,0.25
2062500,SEPlains,El_Nino,Spring,Dam_Absent,8,24,0.3333333333333333
2062500,SEPlains,El_Nino,Summer,Dam_Absent,6,24,0.25
2062500,SEPlains,El_Nino,Winter,Dam_Absent,6,24,0.25
2062500,SEPlains,La_Nina,Fall,Dam_Absent,4,15,0.26666666666666666
2062500,SEPlains,La_Nina,Spring,Dam_Absent,10,15,0.6666666666666666
2062500,SEPlains,La_Nina,Summer,Dam_Absent,5,15,0.3333333333333333
2062500,SEPlains,La_Nina,Winter,Dam_Absent,5,15,0.3333333333333333
2062500,SEPlains,Neutral,Fall,Dam_Absent,2,5,0.4
2062500,SEPlains,Neutral,Summer,Dam_Absent,1,5,0.2
2066000,SEPlains,El_Nino,Fall,Dam_Absent,8,24,0.3333333333333333
2066000,SEPlains,El_Nino,Spring,Dam_Absent,9,24,0.375
2066000,SEPlains,El_Nino,Summer,Dam_Absent,6,24,0.25
2066000,SEPlains,El_Nino,Winter,Dam_Absent,3,24,0.125
2066000,SEPlains,La_Nina,Fall,Dam_Absent,7,15,0.4666666666666667
2066000,SEPlains,La_Nina,Spring,Dam_Absent,10,15,0.6666666666666666
2066000,SEPlains,La_Nina,Summer,Dam_Absent,5,15,0.3333333333333333
2066000,SEPlains,La_Nina,Winter,Dam_Absent,8,15,0.5333333333333333
2066000,SEPlains,Neutral,Fall,Dam_Absent,2,5,0.4
2066000,SEPlains,Neutral,Summer,Dam_Absent,1,5,0.2
2068500,EastHghlnds,El_Nino,Fall,Dam_Absent,8,24,0.3333333333333333
2068500,EastHghlnds,El_Nino,Spring,Dam_Absent,8,24,0.3333333333333333
2068500,EastHghlnds,El_Nino,Summer,Dam_Absent,3,24,0.125
2068500,EastHghlnds,El_Nino,Winter,Dam_Absent,7,24,0.2916666666666667
2068500,EastHghlnds,La_Nina,Fall,Dam_Absent,6,15,0.4
2068500,EastHghlnds,La_Nina,Spring,Dam_Absent,8,15,0.5333333333333333
2068500,EastHghlnds,La_Nina,Summer,Dam_Absent,6,15,0.4
2068500,EastHghlnds,La_Nina,Winter,Dam_Absent,12,15,0.8
2068500,EastHghlnds,Neutral,Fall,Dam_Absent,2,5,0.4
2069000,SEPlains,El_Nino,Fall,Dam_Present,4,24,0.16666666666666666
2069000,SEPlains,El_Nino,Spring,Dam_Present,4,24,0.16666666666666666
2069000,SEPlains,El_Nino,Summer,Dam_Present,1,24,0.041666666666666664
2069000,SEPlains,El_Nino,Winter,Dam_Present,5,24,0.20833333333333334
2069000,SEPlains,La_Nina,Fall,Dam_Present,3,15,0.2
2069000,SEPlains,La_Nina,Summer,Dam_Present,4,15,0.26666666666666666
2069000,SEPlains,La_Nina,Winter,Dam_Present,1,15,0.06666666666666667
2069000,SEPlains,Neutral,Fall,Dam_Present,1,5,0.2
2069000,SEPlains,Neutral,Spring,Dam_Present,1,5,0.2
2069000,SEPlains,Neutral,Summer,Dam_Present,1,5,0.2
2069000,SEPlains,Neutral,Winter,Dam_Present,1,5,0.2
2070000,SEPlains,El_Nino,Fall,Dam_Present,8,24,0.3333333333333333
2070000,SEPlains,El_Nino,Spring,Dam_Present,7,24,0.2916666666666667
2070000,SEPlains,El_Nino,Summer,Dam_Present,3,24,0.125
2070000,SEPlains,El_Nino,Winter,Dam_Present,8,24,0.3333333333333333
2070000,SEPlains,La_Nina,Fall,Dam_Present,9,15,0.6
2070000,SEPlains,La_Nina,Spring,Dam_Present,8,15,0.5333333333333333
2070000,SEPlains,La_Nina,Summer,Dam_Present,7,15,0.4666666666666667
2070000,SEPlains,La_Nina,Winter,Dam_Present,10,15,0.6666666666666666
2070000,SEPlains,Neutral,Fall,Dam_Present,1,5,0.2
2070000,SEPlains,Neutral,Spring,Dam_Present,1,5,0.2
2070000,SEPlains,Neutral,Summer,Dam_Present,1,5,0.2
2070000,SEPlains,Neutral,Winter,Dam_Present,1,5,0.2
2070500,SEPlains,El_Nino,Fall,Dam_Absent,8,24,0.3333333333333333
2070500,SEPlains,El_Nino,Spring,Dam_Absent,6,24,0.25
2070500,SEPlains,El_Nino,Summer,Dam_Absent,5,24,0.20833333333333334
2070500,SEPlains,El_Nino,Winter,Dam_Absent,4,24,0.16666666666666666
2070500,SEPlains,La_Nina,Fall,Dam_Absent,6,15,0.4
2070500,SEPlains,La_Nina,Spring,Dam_Absent,6,15,0.4
2070500,SEPlains,La_Nina,Summer,Dam_Absent,9,15,0.6
2070500,SEPlains,La_Nina,Winter,Dam_Absent,9,15,0.6
2070500,SEPlains,Neutral,Fall,Dam_Absent,1,5,0.2
2070500,SEPlains,Neutral,Spring,Dam_Absent,1,5,0.2
2070500,SEPlains,Neutral,Winter,Dam_Absent,1,5,0.2
2071530,EastHghlnds,El_Nino,Fall,Dam_Present,8,24,0.3333333333333333
2071530,EastHghlnds,El_Nino,Spring,Dam_Present,5,24,0.20833333333333334
2071530,EastHghlnds,El_Nino,Summer,Dam_Present,5,24,0.20833333333333334
2071530,EastHghlnds,El_Nino,Winter,Dam_Present,6,24,0.25
2071530,EastHghlnds,La_Nina,Fall,Dam_Present,5,15,0.3333333333333333
2071530,EastHghlnds,La_Nina,Spring,Dam_Present,4,15,0.26666666666666666
2071530,EastHghlnds,La_Nina,Summer,Dam_Present,9,15,0.6
2071530,EastHghlnds,La_Nina,Winter,Dam_Present,8,15,0.5333333333333333
2071530,EastHghlnds,Neutral,Fall,Dam_Present,1,5,0.2
2075000,SEPlains,El_Nino,Fall,Dam_Present,2,24,0.08333333333333333
2075000,SEPlains,El_Nino,Winter,Dam_Present,2,24,0.08333333333333333
2075045,SEPlains,El_Nino,Fall,Dam_Present,6,24,0.25
2075045,SEPlains,El_Nino,Spring,Dam_Present,7,24,0.2916666666666667
2075045,SEPlains,El_Nino,Summer,Dam_Present,4,24,0.16666666666666666
2075045,SEPlains,El_Nino,Winter,Dam_Present,6,24,0.25
2075045,SEPlains,La_Nina,Fall,Dam_Present,8,15,0.5333333333333333
2075045,SEPlains,La_Nina,Spring,Dam_Present,6,15,0.4
2075045,SEPlains,La_Nina,Summer,Dam_Present,7,15,0.4666666666666667
2075045,SEPlains,La_Nina,Winter,Dam_Present,10,15,0.6666666666666666
2075045,SEPlains,Neutral,Fall,Dam_Present,2,5,0.4
2075045,SEPlains,Neutral,Spring,Dam_Present,1,5,0.2
2075045,SEPlains,Neutral,Summer,Dam_Present,1,5,0.2
2075500,SEPlains,El_Nino,Fall,Dam_Absent,8,24,0.3333333333333333
2075500,SEPlains,El_Nino,Spring,Dam_Absent,8,24,0.3333333333333333
2075500,SEPlains,El_Nino,Summer,Dam_Absent,3,24,0.125
2075500,SEPlains,El_Nino,Winter,Dam_Absent,8,24,0.3333333333333333
2075500,SEPlains,La_Nina,Fall,Dam_Absent,6,15,0.4
2075500,SEPlains,La_Nina,Spring,Dam_Absent,7,15,0.4666666666666667
2075500,SEPlains,La_Nina,Summer,Dam_Absent,7,15,0.4666666666666667
2075500,SEPlains,La_Nina,Winter,Dam_Absent,11,15,0.7333333333333333
2075500,SEPlains,Neutral,Fall,Dam_Absent,1,5,0.2
2075500,SEPlains,Neutral,Spring,Dam_Absent,2,5,0.4
2075500,SEPlains,Neutral,Summer,Dam_Absent,2,5,0.4
2075500,SEPlains,Neutral,Winter,Dam_Absent,1,5,0.2
2077000,SEPlains,El_Nino,Fall,Dam_Absent,5,24,0.20833333333333334
2077000,SEPlains,El_Nino,Spring,Dam_Absent,6,24,0.25
2077000,SEPlains,El_Nino,Summer,Dam_Absent,6,24,0.25
2077000,SEPlains,El_Nino,Winter,Dam_Absent,9,24,0.375
2077000,SEPlains,La_Nina,Fall,Dam_Absent,5,15,0.3333333333333333
2077000,SEPlains,La_Nina,Spring,Dam_Absent,6,15,0.4
2077000,SEPlains,La_Nina,Summer,Dam_Absent,2,15,0.13333333333333333
2077000,SEPlains,La_Nina,Winter,Dam_Absent,6,15,0.4
2077000,SEPlains,Neutral,Fall,Dam_Absent,1,5,0.2
2077000,SEPlains,Neutral,Spring,Dam_Absent,3,5,0.6
2077000,SEPlains,Neutral,Summer,Dam_Absent,1,5,0.2
2077000,SEPlains,Neutral,Winter,Dam_Absent,1,5,0.2
2091814,SEPlains,El_Nino,Fall,Dam_Absent,8,24,0.3333333333333333
2091814,SEPlains,El_Nino,Spring,Dam_Absent,4,24,0.16666666666666666
2091814,SEPlains,El_Nino,Summer,Dam_Absent,6,24,0.25
2091814,SEPlains,El_Nino,Winter,Dam_Absent,3,24,0.125
2091814,SEPlains,La_Nina,Fall,Dam_Absent,4,15,0.26666666666666666
2091814,SEPlains,La_Nina,Spring,Dam_Absent,7,15,0.4666666666666667
2091814,SEPlains,La_Nina,Summer,Dam_Absent,8,15,0.5333333333333333
2091814,SEPlains,La_Nina,Winter,Dam_Absent,7,15,0.4666666666666667
2091814,SEPlains,Neutral,Fall,Dam_Absent,1,5,0.2
2091814,SEPlains,Neutral,Spring,Dam_Absent,1,5,0.2
2105500,SEPlains,El_Nino,Fall,Dam_Absent,13,24,0.5416666666666666
2105500,SEPlains,El_Nino,Spring,Dam_Absent,8,24,0.3333333333333333
2105500,SEPlains,El_Nino,Summer,Dam_Absent,12,24,0.5
2105500,SEPlains,El_Nino,Winter,Dam_Absent,3,24,0.125
2105500,SEPlains,La_Nina,Fall,Dam_Absent,5,15,0.3333333333333333
2105500,SEPlains,La_Nina,Spring,Dam_Absent,4,15,0.26666666666666666
2105500,SEPlains,La_Nina,Summer,Dam_Absent,6,15,0.4
2105500,SEPlains,La_Nina,Winter,Dam_Absent,8,15,0.5333333333333333
2105500,SEPlains,Neutral,Fall,Dam_Absent,1,5,0.2
2105500,SEPlains,Neutral,Spring,Dam_Absent,1,5,0.2
2105500,SEPlains,Neutral,Winter,Dam_Absent,1,5,0.2
2152474,SEPlains,El_Nino,Fall,Dam_Absent,5,24,0.20833333333333334
2152474,SEPlains,El_Nino,Spring,Dam_Absent,3,24,0.125
2152474,SEPlains,El_Nino,Summer,Dam_Absent,2,24,0.08333333333333333
2152474,SEPlains,El_Nino,Winter,Dam_Absent,3,24,0.125
2152474,SEPlains,La_Nina,Fall,Dam_Absent,2,15,0.13333333333333333
2152474,SEPlains,La_Nina,Spring,Dam_Absent,1,15,0.06666666666666667
2152474,SEPlains,La_Nina,Summer,Dam_Absent,3,15,0.2
2152474,SEPlains,La_Nina,Winter,Dam_Absent,2,15,0.13333333333333333
2152474,SEPlains,Neutral,Fall,Dam_Absent,1,5,0.2
2152474,SEPlains,Neutral,Spring,Dam_Absent,1,5,0.2
2152474,SEPlains,Neutral,Winter,Dam_Absent,1,5,0.2
2153200,SEPlains,El_Nino,Fall,Dam_Absent,5,24,0.20833333333333334
2153200,SEPlains,El_Nino,Spring,Dam_Absent,7,24,0.2916666666666667
2153200,SEPlains,El_Nino,Summer,Dam_Absent,3,24,0.125
2153200,SEPlains,El_Nino,Winter,Dam_Absent,4,24,0.16666666666666666
2153200,SEPlains,La_Nina,Fall,Dam_Absent,8,15,0.5333333333333333
2153200,SEPlains,La_Nina,Spring,Dam_Absent,3,15,0.2
2153200,SEPlains,La_Nina,Summer,Dam_Absent,5,15,0.3333333333333333
2153200,SEPlains,La_Nina,Winter,Dam_Absent,8,15,0.5333333333333333
2153200,SEPlains,Neutral,Fall,Dam_Absent,2,5,0.4
2153200,SEPlains,Neutral,Spring,Dam_Absent,1,5,0.2
2153200,SEPlains,Neutral,Winter,Dam_Absent,1,5,0.2
2160000,SEPlains,El_Nino,Fall,Dam_Absent,2,24,0.08333333333333333
2160000,SEPlains,La_Nina,Fall,Dam_Absent,1,15,0.06666666666666667
2160000,SEPlains,La_Nina,Spring,Dam_Absent,1,15,0.06666666666666667
2160000,SEPlains,La_Nina,Summer,Dam_Absent,2,15,0.13333333333333333
2163001,SEPlains,El_Nino,Fall,Dam_Absent,1,24,0.041666666666666664
2163001,SEPlains,El_Nino,Spring,Dam_Absent,3,24,0.125
2163001,SEPlains,El_Nino,Summer,Dam_Absent,4,24,0.16666666666666666
2163001,SEPlains,El_Nino,Winter,Dam_Absent,2,24,0.08333333333333333
2163001,SEPlains,La_Nina,Fall,Dam_Absent,4,15,0.26666666666666666
2163001,SEPlains,La_Nina,Spring,Dam_Absent,2,15,0.13333333333333333
2163001,SEPlains,La_Nina,Summer,Dam_Absent,2,15,0.13333333333333333
2163001,SEPlains,La_Nina,Winter,Dam_Absent,5,15,0.3333333333333333
2163001,SEPlains,Neutral,Fall,Dam_Absent,1,5,0.2
2163001,SEPlains,Neutral,Spring,Dam_Absent,3,5,0.6
2163001,SEPlains,Neutral,Summer,Dam_Absent,1,5,0.2
2163001,SEPlains,Neutral,Winter,Dam_Absent,1,5,0.2
2171700,SEPlains,El_Nino,Fall,Dam_Absent,1,24,0.041666666666666664
2171700,SEPlains,El_Nino,Spring,Dam_Absent,3,24,0.125
2171700,SEPlains,El_Nino,Summer,Dam_Absent,2,24,0.08333333333333333
2171700,SEPlains,El_Nino,Winter,Dam_Absent,3,24,0.125
2171700,SEPlains,La_Nina,Fall,Dam_Absent,4,15,0.26666666666666666
2171700,SEPlains,La_Nina,Spring,Dam_Absent,3,15,0.2
2171700,SEPlains,La_Nina,Summer,Dam_Absent,3,15,0.2
2171700,SEPlains,La_Nina,Winter,Dam_Absent,1,15,0.06666666666666667
2171700,SEPlains,Neutral,Summer,Dam_Absent,2,5,0.4
2171700,SEPlains,Neutral,Winter,Dam_Absent,1,5,0.2
2191300,SEPlains,El_Nino,Fall,Dam_Absent,4,24,0.16666666666666666
2191300,SEPlains,El_Nino,Spring,Dam_Absent,6,24,0.25
2191300,SEPlains,El_Nino,Summer,Dam_Absent,4,24,0.16666666666666666
2191300,SEPlains,El_Nino,Winter,Dam_Absent,4,24,0.16666666666666666
2191300,SEPlains,La_Nina,Fall,Dam_Absent,6,15,0.4
2191300,SEPlains,La_Nina,Spring,Dam_Absent,5,15,0.3333333333333333
2191300,SEPlains,La_Nina,Summer,Dam_Absent,4,15,0.26666666666666666
2191300,SEPlains,La_Nina,Winter,Dam_Absent,6,15,0.4
2191300,SEPlains,Neutral,Fall,Dam_Absent,2,5,0.4
2191300,SEPlains,Neutral,Spring,Dam_Absent,1,5,0.2
2191300,SEPlains,Neutral,Summer,Dam_Absent,2,5,0.4
2191300,SEPlains,Neutral,Winter,Dam_Absent,2,5,0.4
2206500,SEPlains,El_Nino,Fall,Dam_Present,3,24,0.125
2206500,SEPlains,El_Nino,Spring,Dam_Present,1,24,0.041666666666666664
2206500,SEPlains,El_Nino,Summer,Dam_Present,1,24,0.041666666666666664
2206500,SEPlains,La_Nina,Fall,Dam_Present,1,15,0.06666666666666667
2207120,SEPlains,El_Nino,Fall,Dam_Absent,5,24,0.20833333333333334
2207120,SEPlains,El_Nino,Spring,Dam_Absent,3,24,0.125
2207120,SEPlains,El_Nino,Summer,Dam_Absent,3,24,0.125
2207120,SEPlains,El_Nino,Winter,Dam_Absent,2,24,0.08333333333333333
2207120,SEPlains,La_Nina,Fall,Dam_Absent,2,15,0.13333333333333333
2207120,SEPlains,La_Nina,Spring,Dam_Absent,1,15,0.06666666666666667
2207120,SEPlains,La_Nina,Summer,Dam_Absent,1,15,0.06666666666666667
2207120,SEPlains,La_Nina,Winter,Dam_Absent,2,15,0.13333333333333333
2207120,SEPlains,Neutral,Fall,Dam_Absent,2,5,0.4
2207120,SEPlains,Neutral,Spring,Dam_Absent,3,5,0.6
2207120,SEPlains,Neutral,Summer,Dam_Absent,1,5,0.2
2207120,SEPlains,Neutral,Winter,Dam_Absent,1,5,0.2
2207220,SEPlains,El_Nino,Fall,Dam_Present,5,24,0.20833333333333334
2207220,SEPlains,El_Nino,Spring,Dam_Present,3,24,0.125
2207220,SEPlains,El_Nino,Summer,Dam_Present,7,24,0.2916666666666667
2207220,SEPlains,El_Nino,Winter,Dam_Present,2,24,0.08333333333333333
2207220,SEPlains,La_Nina,Fall,Dam_Present,2,15,0.13333333333333333
2207220,SEPlains,La_Nina,Spring,Dam_Present,3,15,0.2
2207220,SEPlains,La_Nina,Summer,Dam_Present,1,15,0.06666666666666667
2207220,SEPlains,La_Nina,Winter,Dam_Present,4,15,0.26666666666666666
2207220,SEPlains,Neutral,Fall,Dam_Present,2,5,0.4
2207220,SEPlains,Neutral,Spring,Dam_Present,3,5,0.6
2207220,SEPlains,Neutral,Summer,Dam_Present,2,5,0.4
2207220,SEPlains,Neutral,Winter,Dam_Present,1,5,0.2
2207335,SEPlains,El_Nino,Fall,Dam_Absent,4,24,0.16666666666666666
2207335,SEPlains,El_Nino,Spring,Dam_Absent,2,24,0.08333333333333333
2207335,SEPlains,El_Nino,Summer,Dam_Absent,4,24,0.16666666666666666
2207335,SEPlains,El_Nino,Winter,Dam_Absent,3,24,0.125
2207335,SEPlains,La_Nina,Fall,Dam_Absent,5,15,0.3333333333333333
2207335,SEPlains,La_Nina,Spring,Dam_Absent,3,15,0.2
2207335,SEPlains,La_Nina,Summer,Dam_Absent,4,15,0.26666666666666666
2207335,SEPlains,La_Nina,Winter,Dam_Absent,2,15,0.13333333333333333
2207335,SEPlains,Neutral,Fall,Dam_Absent,1,5,0.2
2207335,SEPlains,Neutral,Spring,Dam_Absent,3,5,0.6
2207335,SEPlains,Neutral,Summer,Dam_Absent,2,5,0.4
2207335,SEPlains,Neutral,Winter,Dam_Absent,2,5,0.4
2207448,SEPlains,El_Nino,Fall,Dam_Present,2,24,0.08333333333333333
2207448,SEPlains,El_Nino,Spring,Dam_Present,6,24,0.25
2207448,SEPlains,El_Nino,Summer,Dam_Present,2,24,0.08333333333333333
2207448,SEPlains,El_Nino,Winter,Dam_Present,2,24,0.08333333333333333
2207448,SEPlains,La_Nina,Fall,Dam_Present,2,15,0.13333333333333333
2207448,SEPlains,La_Nina,Spring,Dam_Present,1,15,0.06666666666666667
2207448,SEPlains,La_Nina,Winter,Dam_Present,5,15,0.3333333333333333
2207448,SEPlains,Neutral,Fall,Dam_Present,2,5,0.4
2207448,SEPlains,Neutral,Spring,Dam_Present,2,5,0.4
2207448,SEPlains,Neutral,Summer,Dam_Present,1,5,0.2
2207448,SEPlains,Neutral,Winter,Dam_Present,3,5,0.6
2215000,SEPlains,El_Nino,Fall,Dam_Absent,2,24,0.08333333333333333
2215000,SEPlains,El_Nino,Spring,Dam_Absent,3,24,0.125
2215000,SEPlains,El_Nino,Summer,Dam_Absent,4,24,0.16666666666666666
2215000,SEPlains,El_Nino,Winter,Dam_Absent,3,24,0.125
2215000,SEPlains,La_Nina,Fall,Dam_Absent,2,15,0.13333333333333333
2215000,SEPlains,La_Nina,Spring,Dam_Absent,4,15,0.26666666666666666
2215000,SEPlains,La_Nina,Summer,Dam_Absent,2,15,0.13333333333333333
2215000,SEPlains,La_Nina,Winter,Dam_Absent,3,15,0.2
2215000,SEPlains,Neutral,Fall,Dam_Absent,1,5,0.2
2215000,SEPlains,Neutral,Spring,Dam_Absent,1,5,0.2
2215000,SEPlains,Neutral,Summer,Dam_Absent,1,5,0.2
2215000,SEPlains,Neutral,Winter,Dam_Absent,3,5,0.6
2217297,SEPlains,El_Nino,Fall,Dam_Present,3,24,0.125
2217297,SEPlains,El_Nino,Summer,Dam_Present,4,24,0.16666666666666666
2217297,SEPlains,El_Nino,Winter,Dam_Present,2,24,0.08333333333333333
2217297,SEPlains,La_Nina,Fall,Dam_Present,2,15,0.13333333333333333
2217297,SEPlains,La_Nina,Spring,Dam_Present,3,15,0.2
2217297,SEPlains,La_Nina,Summer,Dam_Present,2,15,0.13333333333333333
2217297,SEPlains,La_Nina,Winter,Dam_Present,3,15,0.2
2217297,SEPlains,Neutral,Fall,Dam_Present,2,5,0.4
2217297,SEPlains,Neutral,Spring,Dam_Present,3,5,0.6
2217297,SEPlains,Neutral,Summer,Dam_Present,3,5,0.6
2217297,SEPlains,Neutral,Winter,Dam_Present,2,5,0.4
2224500,SEPlains,El_Nino,Spring,Dam_Absent,1,24,0.041666666666666664
2224500,SEPlains,El_Nino,Summer,Dam_Absent,1,24,0.041666666666666664
2224500,SEPlains,El_Nino,Winter,Dam_Absent,3,24,0.125
2224500,SEPlains,La_Nina,Spring,Dam_Absent,5,15,0.3333333333333333
2224500,SEPlains,La_Nina,Summer,Dam_Absent,1,15,0.06666666666666667
2224500,SEPlains,La_Nina,Winter,Dam_Absent,1,15,0.06666666666666667
2224500,SEPlains,Neutral,Summer,Dam_Absent,1,5,0.2
2224500,SEPlains,Neutral,Winter,Dam_Absent,1,5,0.2
2224940,SEPlains,El_Nino,Fall,Dam_Absent,1,24,0.041666666666666664
2224940,SEPlains,El_Nino,Spring,Dam_Absent,2,24,0.08333333333333333
2224940,SEPlains,El_Nino,Winter,Dam_Absent,2,24,0.08333333333333333
2224940,SEPlains,La_Nina,Spring,Dam_Absent,1,15,0.06666666666666667
2224940,SEPlains,La_Nina,Summer,Dam_Absent,1,15,0.06666666666666667
2224940,SEPlains,La_Nina,Winter,Dam_Absent,1,15,0.06666666666666667
2224940,SEPlains,Neutral,Winter,Dam_Absent,1,5,0.2
2232500,SECstPlain,El_Nino,Fall,Dam_Absent,5,24,0.20833333333333334
2232500,SECstPlain,El_Nino,Spring,Dam_Absent,1,24,0.041666666666666664
2232500,SECstPlain,El_Nino,Summer,Dam_Absent,4,24,0.16666666666666666
2232500,SECstPlain,El_Nino,Winter,Dam_Absent,2,24,0.08333333333333333
2232500,SECstPlain,La_Nina,Fall,Dam_Absent,2,15,0.13333333333333333
2232500,SECstPlain,La_Nina,Spring,Dam_Absent,5,15,0.3333333333333333
2232500,SECstPlain,La_Nina,Summer,Dam_Absent,1,15,0.06666666666666667
2232500,SECstPlain,Neutral,Fall,Dam_Absent,1,5,0.2
2271500,SECstPlain,El_Nino,Fall,Dam_Present,9,24,0.375
2271500,SECstPlain,El_Nino,Spring,Dam_Present,3,24,0.125
2271500,SECstPlain,El_Nino,Summer,Dam_Present,6,24,0.25
2271500,SECstPlain,El_Nino,Winter,Dam_Present,3,24,0.125
2271500,SECstPlain,La_Nina,Fall,Dam_Present,3,15,0.2
2271500,SECstPlain,La_Nina,Spring,Dam_Present,3,15,0.2
2271500,SECstPlain,La_Nina,Summer,Dam_Present,4,15,0.26666666666666666
2271500,SECstPlain,La_Nina,Winter,Dam_Present,1,15,0.06666666666666667
2271500,SECstPlain,Neutral,Spring,Dam_Present,1,5,0.2
2292900,SECstPlain,El_Nino,Fall,Dam_Present,3,24,0.125
2292900,SECstPlain,El_Nino,Spring,Dam_Present,1,24,0.041666666666666664
2292900,SECstPlain,El_Nino,Summer,Dam_Present,1,24,0.041666666666666664
2292900,SECstPlain,El_Nino,Winter,Dam_Present,2,24,0.08333333333333333
2292900,SECstPlain,La_Nina,Fall,Dam_Present,1,15,0.06666666666666667
2292900,SECstPlain,La_Nina,Spring,Dam_Present,2,15,0.13333333333333333
2292900,SECstPlain,La_Nina,Summer,Dam_Present,5,15,0.3333333333333333
2292900,SECstPlain,La_Nina,Winter,Dam_Present,1,15,0.06666666666666667
2294161,SECstPlain,El_Nino,Fall,Dam_Absent,3,24,0.125
2294161,SECstPlain,El_Nino,Spring,Dam_Absent,1,24,0.041666666666666664
2294161,SECstPlain,El_Nino,Summer,Dam_Absent,4,24,0.16666666666666666
2294161,SECstPlain,El_Nino,Winter,Dam_Absent,1,24,0.041666666666666664
2294161,SECstPlain,La_Nina,Fall,Dam_Absent,1,15,0.06666666666666667
2294161,SECstPlain,La_Nina,Spring,Dam_Absent,5,15,0.3333333333333333
2294161,SECstPlain,La_Nina,Summer,Dam_Absent,3,15,0.2
2294161,SECstPlain,La_Nina,Winter,Dam_Absent,3,15,0.2
2294161,SECstPlain,Neutral,Fall,Dam_Absent,1,5,0.2
2294161,SECstPlain,Neutral,Winter,Dam_Absent,2,5,0.4
2294217,SECstPlain,El_Nino,Summer,Dam_Present,3,24,0.125
2294217,SECstPlain,La_Nina,Fall,Dam_Present,3,15,0.2
2294217,SECstPlain,La_Nina,Summer,Dam_Present,4,15,0.26666666666666666
2294290,SECstPlain,El_Nino,Summer,Dam_Present,2,24,0.08333333333333333
2294290,SECstPlain,Neutral,Spring,Dam_Present,1,5,0.2
2294290,SECstPlain,Neutral,Summer,Dam_Present,1,5,0.2
2294290,SECstPlain,Neutral,Winter,Dam_Present,2,5,0.4
2294330,SECstPlain,El_Nino,Fall,Dam_Present,2,24,0.08333333333333333
2294330,SECstPlain,El_Nino,Spring,Dam_Present,2,24,0.08333333333333333
2294330,SECstPlain,El_Nino,Summer,Dam_Present,2,24,0.08333333333333333
2294330,SECstPlain,El_Nino,Winter,Dam_Present,2,24,0.08333333333333333
2294330,SECstPlain,La_Nina,Fall,Dam_Present,2,15,0.13333333333333333
2294330,SECstPlain,La_Nina,Spring,Dam_Present,3,15,0.2
2294330,SECstPlain,La_Nina,Summer,Dam_Present,2,15,0.13333333333333333
2294330,SECstPlain,La_Nina,Winter,Dam_Present,1,15,0.06666666666666667
2294330,SECstPlain,Neutral,Spring,Dam_Present,2,5,0.4
2294330,SECstPlain,Neutral,Winter,Dam_Present,2,5,0.4
2294491,SECstPlain,El_Nino,Fall,Dam_Present,1,24,0.041666666666666664
2294491,SECstPlain,El_Nino,Summer,Dam_Present,1,24,0.041666666666666664
2296750,SECstPlain,El_Nino,Fall,Dam_Absent,6,24,0.25
2296750,SECstPlain,El_Nino,Spring,Dam_Absent,3,24,0.125
2296750,SECstPlain,El_Nino,Summer,Dam_Absent,6,24,0.25
2296750,SECstPlain,La_Nina,Fall,Dam_Absent,3,15,0.2
2296750,SECstPlain,La_Nina,Spring,Dam_Absent,3,15,0.2
2296750,SECstPlain,La_Nina,Summer,Dam_Absent,7,15,0.4666666666666667
2296750,SECstPlain,La_Nina,Winter,Dam_Absent,2,15,0.13333333333333333
2296750,SECstPlain,Neutral,Spring,Dam_Absent,1,5,0.2
2296750,SECstPlain,Neutral,Summer,Dam_Absent,1,5,0.2
2297105,SECstPlain,El_Nino,Fall,Dam_Absent,1,24,0.041666666666666664
2297105,SECstPlain,El_Nino,Spring,Dam_Absent,1,24,0.041666666666666664
2297105,SECstPlain,El_Nino,Summer,Dam_Absent,3,24,0.125
2297105,SECstPlain,La_Nina,Fall,Dam_Absent,1,15,0.06666666666666667
2297105,SECstPlain,La_Nina,Spring,Dam_Absent,1,15,0.06666666666666667
2297105,SECstPlain,La_Nina,Summer,Dam_Absent,1,15,0.06666666666666667
2297105,SECstPlain,Neutral,Spring,Dam_Absent,1,5,0.2
2298880,SECstPlain,El_Nino,Fall,Dam_Absent,4,24,0.16666666666666666
2298880,SECstPlain,El_Nino,Spring,Dam_Absent,1,24,0.041666666666666664
2298880,SECstPlain,El_Nino,Summer,Dam_Absent,4,24,0.16666666666666666
2298880,SECstPlain,La_Nina,Spring,Dam_Absent,1,15,0.06666666666666667
2298880,SECstPlain,La_Nina,Summer,Dam_Absent,1,15,0.06666666666666667
2298880,SECstPlain,La_Nina,Winter,Dam_Absent,1,15,0.06666666666666667
2298880,SECstPlain,Neutral,Fall,Dam_Absent,1,5,0.2
2298880,SECstPlain,Neutral,Winter,Dam_Absent,1,5,0.2
2302500,SECstPlain,El_Nino,Fall,Dam_Present,12,24,0.5
2302500,SECstPlain,El_Nino,Spring,Dam_Present,4,24,0.16666666666666666
2302500,SECstPlain,El_Nino,Summer,Dam_Present,8,24,0.3333333333333333
2302500,SECstPlain,El_Nino,Winter,Dam_Present,6,24,0.25
2302500,SECstPlain,La_Nina,Fall,Dam_Present,6,15,0.4
2302500,SECstPlain,La_Nina,Spring,Dam_Present,6,15,0.4
2302500,SECstPlain,La_Nina,Summer,Dam_Present,6,15,0.4
2302500,SECstPlain,La_Nina,Winter,Dam_Present,4,15,0.26666666666666666
2302500,SECstPlain,Neutral,Spring,Dam_Present,1,5,0.2
2302500,SECstPlain,Neutral,Summer,Dam_Present,1,5,0.2
2302500,SECstPlain,Neutral,Winter,Dam_Present,1,5,0.2
2303000,SECstPlain,El_Nino,Fall,Dam_Present,8,24,0.3333333333333333
2303000,SECstPlain,El_Nino,Spring,Dam_Present,4,24,0.16666666666666666
2303000,SECstPlain,El_Nino,Summer,Dam_Present,6,24,0.25
2303000,SECstPlain,El_Nino,Winter,Dam_Present,2,24,0.08333333333333333
2303000,SECstPlain,La_Nina,Fall,Dam_Present,4,15,0.26666666666666666
2303000,SECstPlain,La_Nina,Spring,Dam_Present,1,15,0.06666666666666667
2303000,SECstPlain,La_Nina,Summer,Dam_Present,10,15,0.6666666666666666
2303000,SECstPlain,La_Nina,Winter,Dam_Present,1,15,0.06666666666666667
2303000,SECstPlain,Neutral,Spring,Dam_Present,1,5,0.2
2303000,SECstPlain,Neutral,Summer,Dam_Present,2,5,0.4
2303000,SECstPlain,Neutral,Winter,Dam_Present,1,5,0.2
2303330,SECstPlain,El_Nino,Fall,Dam_Absent,8,24,0.3333333333333333
2303330,SECstPlain,El_Nino,Spring,Dam_Absent,1,24,0.041666666666666664
2303330,SECstPlain,El_Nino,Summer,Dam_Absent,4,24,0.16666666666666666
2303330,SECstPlain,El_Nino,Winter,Dam_Absent,1,24,0.041666666666666664
2303330,SECstPlain,La_Nina,Fall,Dam_Absent,5,15,0.3333333333333333
2303330,SECstPlain,La_Nina,Spring,Dam_Absent,2,15,0.13333333333333333
2303330,SECstPlain,La_Nina,Summer,Dam_Absent,5,15,0.3333333333333333
2303330,SECstPlain,Neutral,Spring,Dam_Absent,1,5,0.2
2303330,SECstPlain,Neutral,Summer,Dam_Absent,2,5,0.4
2304500,SECstPlain,El_Nino,Fall,Dam_Present,1,24,0.041666666666666664
2304500,SECstPlain,El_Nino,Summer,Dam_Present,4,24,0.16666666666666666
2304500,SECstPlain,La_Nina,Summer,Dam_Present,3,15,0.2
2304510,SECstPlain,El_Nino,Fall,Dam_Present,3,24,0.125
2304510,SECstPlain,El_Nino,Spring,Dam_Present,4,24,0.16666666666666666
2304510,SECstPlain,El_Nino,Summer,Dam_Present,2,24,0.08333333333333333
2304510,SECstPlain,El_Nino,Winter,Dam_Present,1,24,0.041666666666666664
2304510,SECstPlain,La_Nina,Summer,Dam_Present,4,15,0.26666666666666666
2342500,SEPlains,El_Nino,Fall,Dam_Absent,5,24,0.20833333333333334
2342500,SEPlains,El_Nino,Spring,Dam_Absent,8,24,0.3333333333333333
2342500,SEPlains,El_Nino,Summer,Dam_Absent,8,24,0.3333333333333333
2342500,SEPlains,El_Nino,Winter,Dam_Absent,6,24,0.25
2342500,SEPlains,La_Nina,Fall,Dam_Absent,3,15,0.2
2342500,SEPlains,La_Nina,Spring,Dam_Absent,7,15,0.4666666666666667
2342500,SEPlains,La_Nina,Summer,Dam_Absent,3,15,0.2
2342500,SEPlains,La_Nina,Winter,Dam_Absent,8,15,0.5333333333333333
2342500,SEPlains,Neutral,Fall,Dam_Absent,2,5,0.4
2342500,SEPlains,Neutral,Spring,Dam_Absent,3,5,0.6
2342500,SEPlains,Neutral,Summer,Dam_Absent,2,5,0.4
2342500,SEPlains,Neutral,Winter,Dam_Absent,3,5,0.6
2343801,SEPlains,El_Nino,Fall,Dam_Absent,2,24,0.08333333333333333
2343801,SEPlains,El_Nino,Summer,Dam_Absent,3,24,0.125
2343801,SEPlains,El_Nino,Winter,Dam_Absent,2,24,0.08333333333333333
2343801,SEPlains,La_Nina,Spring,Dam_Absent,2,15,0.13333333333333333
2343801,SEPlains,La_Nina,Summer,Dam_Absent,1,15,0.06666666666666667
2343801,SEPlains,La_Nina,Winter,Dam_Absent,3,15,0.2
2343801,SEPlains,Neutral,Fall,Dam_Absent,1,5,0.2
2343801,SEPlains,Neutral,Spring,Dam_Absent,1,5,0.2
2343801,SEPlains,Neutral,Summer,Dam_Absent,1,5,0.2
2343801,SEPlains,Neutral,Winter,Dam_Absent,2,5,0.4
2388900,SEPlains,El_Nino,Fall,Dam_Present,2,24,0.08333333333333333
2388900,SEPlains,El_Nino,Spring,Dam_Present,2,24,0.08333333333333333
2388900,SEPlains,El_Nino,Summer,Dam_Present,1,24,0.041666666666666664
2388900,SEPlains,El_Nino,Winter,Dam_Present,1,24,0.041666666666666664
2388900,SEPlains,La_Nina,Fall,Dam_Present,3,15,0.2
2388900,SEPlains,La_Nina,Spring,Dam_Present,1,15,0.06666666666666667
2388900,SEPlains,La_Nina,Summer,Dam_Present,3,15,0.2
2388900,SEPlains,La_Nina,Winter,Dam_Present,3,15,0.2
2388900,SEPlains,Neutral,Fall,Dam_Present,1,5,0.2
2388975,SEPlains,El_Nino,Fall,Dam_Present,3,24,0.125
2388975,SEPlains,El_Nino,Summer,Dam_Present,3,24,0.125
2388975,SEPlains,El_Nino,Winter,Dam_Present,4,24,0.16666666666666666
2388975,SEPlains,La_Nina,Fall,Dam_Present,2,15,0.13333333333333333
2388975,SEPlains,La_Nina,Spring,Dam_Present,5,15,0.3333333333333333
2388975,SEPlains,La_Nina,Summer,Dam_Present,4,15,0.26666666666666666
2388975,SEPlains,La_Nina,Winter,Dam_Present,5,15,0.3333333333333333
2388975,SEPlains,Neutral,Fall,Dam_Present,1,5,0.2
2388975,SEPlains,Neutral,Spring,Dam_Present,2,5,0.4
2388975,SEPlains,Neutral,Summer,Dam_Present,2,5,0.4
2388975,SEPlains,Neutral,Winter,Dam_Present,1,5,0.2
2390000,EastHghlnds,El_Nino,Fall,Dam_Present,4,24,0.16666666666666666
2390000,EastHghlnds,El_Nino,Spring,Dam_Present,2,24,0.08333333333333333
2390000,EastHghlnds,El_Nino,Summer,Dam_Present,5,24,0.20833333333333334
2390000,EastHghlnds,El_Nino,Winter,Dam_Present,4,24,0.16666666666666666
2390000,EastHghlnds,La_Nina,Fall,Dam_Present,5,15,0.3333333333333333
2390000,EastHghlnds,La_Nina,Spring,Dam_Present,4,15,0.26666666666666666
2390000,EastHghlnds,La_Nina,Summer,Dam_Present,4,15,0.26666666666666666
2390000,EastHghlnds,La_Nina,Winter,Dam_Present,5,15,0.3333333333333333
2390000,EastHghlnds,Neutral,Fall,Dam_Present,1,5,0.2
2390000,EastHghlnds,Neutral,Spring,Dam_Present,2,5,0.4
2390000,EastHghlnds,Neutral,Summer,Dam_Present,2,5,0.4
2390000,EastHghlnds,Neutral,Winter,Dam_Present,1,5,0.2
2391540,EastHghlnds,El_Nino,Fall,Dam_Present,4,24,0.16666666666666666
2391540,EastHghlnds,El_Nino,Spring,Dam_Present,4,24,0.16666666666666666
2391540,EastHghlnds,El_Nino,Summer,Dam_Present,3,24,0.125
2391540,EastHghlnds,El_Nino,Winter,Dam_Present,3,24,0.125
2391540,EastHghlnds,La_Nina,Fall,Dam_Present,3,15,0.2
2391540,EastHghlnds,La_Nina,Spring,Dam_Present,3,15,0.2
2391540,EastHghlnds,La_Nina,Summer,Dam_Present,4,15,0.26666666666666666
2391540,EastHghlnds,La_Nina,Winter,Dam_Present,5,15,0.3333333333333333
2391540,EastHghlnds,Neutral,Fall,Dam_Present,1,5,0.2
2391540,EastHghlnds,Neutral,Spring,Dam_Present,3,5,0.6
2392360,EastHghlnds,El_Nino,Fall,Dam_Present,4,24,0.16666666666666666
2392360,EastHghlnds,El_Nino,Spring,Dam_Present,4,24,0.16666666666666666
2392360,EastHghlnds,El_Nino,Summer,Dam_Present,4,24,0.16666666666666666
2392360,EastHghlnds,El_Nino,Winter,Dam_Present,3,24,0.125
2392360,EastHghlnds,La_Nina,Fall,Dam_Present,3,15,0.2
2392360,EastHghlnds,La_Nina,Spring,Dam_Present,4,15,0.26666666666666666
2392360,EastHghlnds,La_Nina,Summer,Dam_Present,3,15,0.2
2392360,EastHghlnds,La_Nina,Winter,Dam_Present,5,15,0.3333333333333333
2392360,EastHghlnds,Neutral,Fall,Dam_Present,1,5,0.2
2392360,EastHghlnds,Neutral,Spring,Dam_Present,1,5,0.2
2392360,EastHghlnds,Neutral,Summer,Dam_Present,1,5,0.2
2392780,SEPlains,El_Nino,Fall,Dam_Present,3,24,0.125
2392780,SEPlains,El_Nino,Spring,Dam_Present,3,24,0.125
2392780,SEPlains,El_Nino,Summer,Dam_Present,3,24,0.125
2392780,SEPlains,El_Nino,Winter,Dam_Present,2,24,0.08333333333333333
2392780,SEPlains,La_Nina,Fall,Dam_Present,5,15,0.3333333333333333
2392780,SEPlains,La_Nina,Spring,Dam_Present,3,15,0.2
2392780,SEPlains,La_Nina,Summer,Dam_Present,3,15,0.2
2392780,SEPlains,La_Nina,Winter,Dam_Present,3,15,0.2
2392780,SEPlains,Neutral,Fall,Dam_Present,1,5,0.2
2392780,SEPlains,Neutral,Spring,Dam_Present,3,5,0.6
2392780,SEPlains,Neutral,Summer,Dam_Present,1,5,0.2
2392780,SEPlains,Neutral,Winter,Dam_Present,1,5,0.2
2399200,EastHghlnds,El_Nino,Fall,Dam_Absent,6,24,0.25
2399200,EastHghlnds,El_Nino,Spring,Dam_Absent,7,24,0.2916666666666667
2399200,EastHghlnds,El_Nino,Summer,Dam_Absent,6,24,0.25
2399200,EastHghlnds,El_Nino,Winter,Dam_Absent,12,24,0.5
2399200,EastHghlnds,La_Nina,Fall,Dam_Absent,4,15,0.26666666666666666
2399200,EastHghlnds,La_Nina,Spring,Dam_Absent,3,15,0.2
2399200,EastHghlnds,La_Nina,Summer,Dam_Absent,8,15,0.5333333333333333
2399200,EastHghlnds,La_Nina,Winter,Dam_Absent,2,15,0.13333333333333333
2399200,EastHghlnds,Neutral,Fall,Dam_Absent,1,5,0.2
2399200,EastHghlnds,Neutral,Spring,Dam_Absent,1,5,0.2
2400100,EastHghlnds,El_Nino,Fall,Dam_Present,3,24,0.125
2400100,EastHghlnds,El_Nino,Spring,Dam_Present,6,24,0.25
2400100,EastHghlnds,El_Nino,Summer,Dam_Present,4,24,0.16666666666666666
2400100,EastHghlnds,El_Nino,Winter,Dam_Present,5,24,0.20833333333333334
2400100,EastHghlnds,La_Nina,Fall,Dam_Present,4,15,0.26666666666666666
2400100,EastHghlnds,La_Nina,Spring,Dam_Present,6,15,0.4
2400100,EastHghlnds,La_Nina,Summer,Dam_Present,7,15,0.4666666666666667
2400100,EastHghlnds,La_Nina,Winter,Dam_Present,10,15,0.6666666666666666
2400100,EastHghlnds,Neutral,Fall,Dam_Present,2,5,0.4
2400100,EastHghlnds,Neutral,Spring,Dam_Present,1,5,0.2
2400100,EastHghlnds,Neutral,Summer,Dam_Present,2,5,0.4
2400100,EastHghlnds,Neutral,Winter,Dam_Present,1,5,0.2
2404400,EastHghlnds,El_Nino,Fall,Dam_Present,4,24,0.16666666666666666
2404400,EastHghlnds,El_Nino,Spring,Dam_Present,3,24,0.125
2404400,EastHghlnds,El_Nino,Summer,Dam_Present,4,24,0.16666666666666666
2404400,EastHghlnds,El_Nino,Winter,Dam_Present,5,24,0.20833333333333334
2404400,EastHghlnds,La_Nina,Fall,Dam_Present,4,15,0.26666666666666666
2404400,EastHghlnds,La_Nina,Spring,Dam_Present,7,15,0.4666666666666667
2404400,EastHghlnds,La_Nina,Summer,Dam_Present,5,15,0.3333333333333333
2404400,EastHghlnds,La_Nina,Winter,Dam_Present,6,15,0.4
2404400,EastHghlnds,Neutral,Fall,Dam_Present,1,5,0.2
2404400,EastHghlnds,Neutral,Spring,Dam_Present,1,5,0.2
2404400,EastHghlnds,Neutral,Winter,Dam_Present,1,5,0.2
2405500,EastHghlnds,El_Nino,Fall,Dam_Present,9,24,0.375
2405500,EastHghlnds,El_Nino,Spring,Dam_Present,6,24,0.25
2405500,EastHghlnds,El_Nino,Summer,Dam_Present,10,24,0.4166666666666667
2405500,EastHghlnds,El_Nino,Winter,Dam_Present,4,24,0.16666666666666666
2405500,EastHghlnds,La_Nina,Fall,Dam_Present,3,15,0.2
2405500,EastHghlnds,La_Nina,Spring,Dam_Present,2,15,0.13333333333333333
2405500,EastHghlnds,La_Nina,Summer,Dam_Present,4,15,0.26666666666666666
2405500,EastHghlnds,La_Nina,Winter,Dam_Present,5,15,0.3333333333333333
2405500,EastHghlnds,Neutral,Fall,Dam_Present,1,5,0.2
2405500,EastHghlnds,Neutral,Spring,Dam_Present,2,5,0.4
2405500,EastHghlnds,Neutral,Summer,Dam_Present,1,5,0.2
2407000,EastHghlnds,El_Nino,Fall,Dam_Absent,3,24,0.125
2407000,EastHghlnds,El_Nino,Spring,Dam_Absent,4,24,0.16666666666666666
2407000,EastHghlnds,El_Nino,Summer,Dam_Absent,3,24,0.125
2407000,EastHghlnds,El_Nino,Winter,Dam_Absent,2,24,0.08333333333333333
2407000,EastHghlnds,La_Nina,Winter,Dam_Absent,2,15,0.13333333333333333
2407000,EastHghlnds,Neutral,Fall,Dam_Absent,1,5,0.2
2407000,EastHghlnds,Neutral,Spring,Dam_Absent,1,5,0.2
2407000,EastHghlnds,Neutral,Winter,Dam_Absent,1,5,0.2
2408540,SEPlains,El_Nino,Fall,Dam_Absent,7,24,0.2916666666666667
2408540,SEPlains,El_Nino,Spring,Dam_Absent,7,24,0.2916666666666667
2408540,SEPlains,El_Nino,Summer,Dam_Absent,7,24,0.2916666666666667
2408540,SEPlains,El_Nino,Winter,Dam_Absent,3,24,0.125
2408540,SEPlains,La_Nina,Fall,Dam_Absent,3,15,0.2
2408540,SEPlains,La_Nina,Spring,Dam_Absent,5,15,0.3333333333333333
2408540,SEPlains,La_Nina,Summer,Dam_Absent,2,15,0.13333333333333333
2408540,SEPlains,La_Nina,Winter,Dam_Absent,6,15,0.4
2408540,SEPlains,Neutral,Spring,Dam_Absent,2,5,0.4
2408540,SEPlains,Neutral,Summer,Dam_Absent,1,5,0.2
2413000,SEPlains,El_Nino,Fall,Dam_Present,2,24,0.08333333333333333
2413000,SEPlains,El_Nino,Spring,Dam_Present,3,24,0.125
2413000,SEPlains,El_Nino,Summer,Dam_Present,6,24,0.25
2413000,SEPlains,El_Nino,Winter,Dam_Present,2,24,0.08333333333333333
2413000,SEPlains,La_Nina,Fall,Dam_Present,2,15,0.13333333333333333
2413000,SEPlains,La_Nina,Spring,Dam_Present,3,15,0.2
2413000,SEPlains,La_Nina,Summer,Dam_Present,5,15,0.3333333333333333
2413000,SEPlains,La_Nina,Winter,Dam_Present,5,15,0.3333333333333333
2413000,SEPlains,Neutral,Fall,Dam_Present,1,5,0.2
2413000,SEPlains,Neutral,Spring,Dam_Present,3,5,0.6
2413000,SEPlains,Neutral,Summer,Dam_Present,2,5,0.4
2413000,SEPlains,Neutral,Winter,Dam_Present,2,5,0.4
2413210,SEPlains,El_Nino,Fall,Dam_Absent,4,24,0.16666666666666666
2413210,SEPlains,El_Nino,Spring,Dam_Absent,4,24,0.16666666666666666
2413210,SEPlains,El_Nino,Summer,Dam_Absent,4,24,0.16666666666666666
2413210,SEPlains,El_Nino,Winter,Dam_Absent,2,24,0.08333333333333333
2413210,SEPlains,La_Nina,Fall,Dam_Absent,4,15,0.26666666666666666
2413210,SEPlains,La_Nina,Spring,Dam_Absent,6,15,0.4
2413210,SEPlains,La_Nina,Summer,Dam_Absent,4,15,0.26666666666666666
2413210,SEPlains,La_Nina,Winter,Dam_Absent,7,15,0.4666666666666667
2413210,SEPlains,Neutral,Fall,Dam_Absent,1,5,0.2
2413210,SEPlains,Neutral,Spring,Dam_Absent,2,5,0.4
2413210,SEPlains,Neutral,Summer,Dam_Absent,2,5,0.4
2413300,SEPlains,El_Nino,Fall,Dam_Absent,1,24,0.041666666666666664
2413300,SEPlains,El_Nino,Spring,Dam_Absent,5,24,0.20833333333333334
2413300,SEPlains,El_Nino,Summer,Dam_Absent,4,24,0.16666666666666666
2413300,SEPlains,El_Nino,Winter,Dam_Absent,4,24,0.16666666666666666
2413300,SEPlains,La_Nina,Fall,Dam_Absent,4,15,0.26666666666666666
2413300,SEPlains,La_Nina,Spring,Dam_Absent,6,15,0.4
2413300,SEPlains,La_Nina,Summer,Dam_Absent,6,15,0.4
2413300,SEPlains,La_Nina,Winter,Dam_Absent,9,15,0.6
2413300,SEPlains,Neutral,Fall,Dam_Absent,2,5,0.4
2413300,SEPlains,Neutral,Spring,Dam_Absent,2,5,0.4
2413300,SEPlains,Neutral,Summer,Dam_Absent,2,5,0.4
2414500,SEPlains,El_Nino,Fall,Dam_Absent,4,24,0.16666666666666666
2414500,SEPlains,El_Nino,Spring,Dam_Absent,4,24,0.16666666666666666
2414500,SEPlains,El_Nino,Summer,Dam_Absent,2,24,0.08333333333333333
2414500,SEPlains,El_Nino,Winter,Dam_Absent,2,24,0.08333333333333333
2414500,SEPlains,La_Nina,Fall,Dam_Absent,3,15,0.2
2414500,SEPlains,La_Nina,Spring,Dam_Absent,3,15,0.2
2414500,SEPlains,La_Nina,Summer,Dam_Absent,1,15,0.06666666666666667
2414500,SEPlains,La_Nina,Winter,Dam_Absent,4,15,0.26666666666666666
2414500,SEPlains,Neutral,Fall,Dam_Absent,1,5,0.2
2414500,SEPlains,Neutral,Spring,Dam_Absent,1,5,0.2
2414500,SEPlains,Neutral,Summer,Dam_Absent,2,5,0.4
2414715,SEPlains,El_Nino,Fall,Dam_Absent,5,24,0.20833333333333334
2414715,SEPlains,El_Nino,Spring,Dam_Absent,4,24,0.16666666666666666
2414715,SEPlains,El_Nino,Summer,Dam_Absent,3,24,0.125
2414715,SEPlains,El_Nino,Winter,Dam_Absent,4,24,0.16666666666666666
2414715,SEPlains,La_Nina,Fall,Dam_Absent,3,15,0.2
2414715,SEPlains,La_Nina,Spring,Dam_Absent,4,15,0.26666666666666666
2414715,SEPlains,La_Nina,Summer,Dam_Absent,3,15,0.2
2414715,SEPlains,La_Nina,Winter,Dam_Absent,7,15,0.4666666666666667
2414715,SEPlains,Neutral,Fall,Dam_Absent,2,5,0.4
2414715,SEPlains,Neutral,Spring,Dam_Absent,1,5,0.2
2414715,SEPlains,Neutral,Summer,Dam_Absent,2,5,0.4
2418230,SEPlains,El_Nino,Fall,Dam_Present,8,24,0.3333333333333333
2418230,SEPlains,El_Nino,Spring,Dam_Present,3,24,0.125
2418230,SEPlains,El_Nino,Summer,Dam_Present,4,24,0.16666666666666666
2418230,SEPlains,El_Nino,Winter,Dam_Present,7,24,0.2916666666666667
2418230,SEPlains,La_Nina,Fall,Dam_Present,1,15,0.06666666666666667
2418230,SEPlains,La_Nina,Spring,Dam_Present,5,15,0.3333333333333333
2418230,SEPlains,La_Nina,Summer,Dam_Present,5,15,0.3333333333333333
2418230,SEPlains,La_Nina,Winter,Dam_Present,5,15,0.3333333333333333
2418230,SEPlains,Neutral,Fall,Dam_Present,2,5,0.4
2418230,SEPlains,Neutral,Spring,Dam_Present,2,5,0.4
2418230,SEPlains,Neutral,Summer,Dam_Present,3,5,0.6
2418760,SEPlains,El_Nino,Fall,Dam_Present,5,24,0.20833333333333334
2418760,SEPlains,El_Nino,Spring,Dam_Present,6,24,0.25
2418760,SEPlains,El_Nino,Summer,Dam_Present,7,24,0.2916666666666667
2418760,SEPlains,El_Nino,Winter,Dam_Present,5,24,0.20833333333333334
2418760,SEPlains,La_Nina,Fall,Dam_Present,2,15,0.13333333333333333
2418760,SEPlains,La_Nina,Spring,Dam_Present,6,15,0.4
2418760,SEPlains,La_Nina,Summer,Dam_Present,1,15,0.06666666666666667
2418760,SEPlains,La_Nina,Winter,Dam_Present,2,15,0.13333333333333333
2418760,SEPlains,Neutral,Fall,Dam_Present,2,5,0.4
2418760,SEPlains,Neutral,Spring,Dam_Present,1,5,0.2
2418760,SEPlains,Neutral,Summer,Dam_Present,2,5,0.4
2419000,SEPlains,El_Nino,Fall,Dam_Absent,9,24,0.375
2419000,SEPlains,El_Nino,Spring,Dam_Absent,6,24,0.25
2419000,SEPlains,El_Nino,Summer,Dam_Absent,9,24,0.375
2419000,SEPlains,El_Nino,Winter,Dam_Absent,6,24,0.25
2419000,SEPlains,La_Nina,Fall,Dam_Absent,5,15,0.3333333333333333
2419000,SEPlains,La_Nina,Spring,Dam_Absent,5,15,0.3333333333333333
2419000,SEPlains,La_Nina,Summer,Dam_Absent,2,15,0.13333333333333333
2419000,SEPlains,La_Nina,Winter,Dam_Absent,4,15,0.26666666666666666
2419000,SEPlains,Neutral,Fall,Dam_Absent,1,5,0.2
2419000,SEPlains,Neutral,Spring,Dam_Absent,3,5,0.6
2419000,SEPlains,Neutral,Summer,Dam_Absent,3,5,0.6
2419000,SEPlains,Neutral,Winter,Dam_Absent,2,5,0.4
2419890,SEPlains,El_Nino,Fall,Dam_Absent,3,24,0.125
2419890,SEPlains,El_Nino,Spring,Dam_Absent,8,24,0.3333333333333333
2419890,SEPlains,El_Nino,Summer,Dam_Absent,6,24,0.25
2419890,SEPlains,El_Nino,Winter,Dam_Absent,3,24,0.125
2419890,SEPlains,La_Nina,Fall,Dam_Absent,3,15,0.2
2419890,SEPlains,La_Nina,Spring,Dam_Absent,7,15,0.4666666666666667
2419890,SEPlains,La_Nina,Summer,Dam_Absent,4,15,0.26666666666666666
2419890,SEPlains,La_Nina,Winter,Dam_Absent,7,15,0.4666666666666667
2419890,SEPlains,Neutral,Fall,Dam_Absent,1,5,0.2
2419890,SEPlains,Neutral,Spring,Dam_Absent,2,5,0.4
2419890,SEPlains,Neutral,Summer,Dam_Absent,1,5,0.2
2419890,SEPlains,Neutral,Winter,Dam_Absent,1,5,0.2
2420000,EastHghlnds,El_Nino,Fall,Dam_Absent,5,24,0.20833333333333334
2420000,EastHghlnds,El_Nino,Spring,Dam_Absent,2,24,0.08333333333333333
2420000,EastHghlnds,El_Nino,Summer,Dam_Absent,3,24,0.125
2420000,EastHghlnds,El_Nino,Winter,Dam_Absent,6,24,0.25
2420000,EastHghlnds,La_Nina,Fall,Dam_Absent,3,15,0.2
2420000,EastHghlnds,La_Nina,Spring,Dam_Absent,2,15,0.13333333333333333
2420000,EastHghlnds,La_Nina,Summer,Dam_Absent,2,15,0.13333333333333333
2420000,EastHghlnds,La_Nina,Winter,Dam_Absent,4,15,0.26666666666666666
2420000,EastHghlnds,Neutral,Fall,Dam_Absent,2,5,0.4
2420000,EastHghlnds,Neutral,Spring,Dam_Absent,1,5,0.2
2420000,EastHghlnds,Neutral,Summer,Dam_Absent,1,5,0.2
2423380,EastHghlnds,El_Nino,Fall,Dam_Present,9,24,0.375
2423380,EastHghlnds,El_Nino,Spring,Dam_Present,6,24,0.25
2423380,EastHghlnds,El_Nino,Summer,Dam_Present,9,24,0.375
2423380,EastHghlnds,El_Nino,Winter,Dam_Present,7,24,0.2916666666666667
2423380,EastHghlnds,La_Nina,Fall,Dam_Present,3,15,0.2
2423380,EastHghlnds,La_Nina,Spring,Dam_Present,2,15,0.13333333333333333
2423380,EastHghlnds,La_Nina,Summer,Dam_Present,4,15,0.26666666666666666
2423380,EastHghlnds,La_Nina,Winter,Dam_Present,7,15,0.4666666666666667
2423380,EastHghlnds,Neutral,Fall,Dam_Present,1,5,0.2
2423380,EastHghlnds,Neutral,Spring,Dam_Present,1,5,0.2
2423380,EastHghlnds,Neutral,Summer,Dam_Present,1,5,0.2
2423414,EastHghlnds,El_Nino,Fall,Dam_Present,5,24,0.20833333333333334
2423414,EastHghlnds,El_Nino,Spring,Dam_Present,2,24,0.08333333333333333
2423414,EastHghlnds,El_Nino,Winter,Dam_Present,3,24,0.125
2423414,EastHghlnds,La_Nina,Fall,Dam_Present,1,15,0.06666666666666667
2423414,EastHghlnds,La_Nina,Spring,Dam_Present,1,15,0.06666666666666667
2423414,EastHghlnds,La_Nina,Summer,Dam_Present,2,15,0.13333333333333333
2423414,EastHghlnds,La_Nina,Winter,Dam_Present,5,15,0.3333333333333333
2423414,EastHghlnds,Neutral,Fall,Dam_Present,1,5,0.2
2423425,EastHghlnds,El_Nino,Fall,Dam_Present,6,24,0.25
2423425,EastHghlnds,El_Nino,Spring,Dam_Present,6,24,0.25
2423425,EastHghlnds,El_Nino,Summer,Dam_Present,6,24,0.25
2423425,EastHghlnds,El_Nino,Winter,Dam_Present,8,24,0.3333333333333333
2423425,EastHghlnds,La_Nina,Fall,Dam_Present,6,15,0.4
2423425,EastHghlnds,La_Nina,Spring,Dam_Present,3,15,0.2
2423425,EastHghlnds,La_Nina,Summer,Dam_Present,3,15,0.2
2423425,EastHghlnds,La_Nina,Winter,Dam_Present,7,15,0.4666666666666667
2423425,EastHghlnds,Neutral,Spring,Dam_Present,2,5,0.4
2423425,EastHghlnds,Neutral,Summer,Dam_Present,1,5,0.2
2423496,EastHghlnds,El_Nino,Fall,Dam_Present,10,24,0.4166666666666667
2423496,EastHghlnds,El_Nino,Spring,Dam_Present,6,24,0.25
2423496,EastHghlnds,El_Nino,Summer,Dam_Present,8,24,0.3333333333333333
2423496,EastHghlnds,El_Nino,Winter,Dam_Present,4,24,0.16666666666666666
2423496,EastHghlnds,La_Nina,Fall,Dam_Present,7,15,0.4666666666666667
2423496,EastHghlnds,La_Nina,Spring,Dam_Present,4,15,0.26666666666666666
2423496,EastHghlnds,La_Nina,Summer,Dam_Present,3,15,0.2
2423496,EastHghlnds,La_Nina,Winter,Dam_Present,7,15,0.4666666666666667
2423496,EastHghlnds,Neutral,Spring,Dam_Present,1,5,0.2
2423496,EastHghlnds,Neutral,Summer,Dam_Present,1,5,0.2
2423500,EastHghlnds,El_Nino,Fall,Dam_Present,9,24,0.375
2423500,EastHghlnds,El_Nino,Spring,Dam_Present,6,24,0.25
2423500,EastHghlnds,El_Nino,Summer,Dam_Present,8,24,0.3333333333333333
2423500,EastHghlnds,El_Nino,Winter,Dam_Present,5,24,0.20833333333333334
2423500,EastHghlnds,La_Nina,Fall,Dam_Present,4,15,0.26666666666666666
2423500,EastHghlnds,La_Nina,Spring,Dam_Present,4,15,0.26666666666666666
2423500,EastHghlnds,La_Nina,Summer,Dam_Present,2,15,0.13333333333333333
2423500,EastHghlnds,La_Nina,Winter,Dam_Present,8,15,0.5333333333333333
2423500,EastHghlnds,Neutral,Spring,Dam_Present,1,5,0.2
2423500,EastHghlnds,Neutral,Summer,Dam_Present,1,5,0.2
242354750,EastHghlnds,El_Nino,Fall,Dam_Present,7,24,0.2916666666666667
242354750,EastHghlnds,El_Nino,Spring,Dam_Present,1,24,0.041666666666666664
242354750,EastHghlnds,El_Nino,Summer,Dam_Present,5,24,0.20833333333333334
242354750,EastHghlnds,El_Nino,Winter,Dam_Present,5,24,0.20833333333333334
242354750,EastHghlnds,La_Nina,Fall,Dam_Present,6,15,0.4
242354750,EastHghlnds,La_Nina,Spring,Dam_Present,6,15,0.4
242354750,EastHghlnds,La_Nina,Summer,Dam_Present,6,15,0.4
242354750,EastHghlnds,La_Nina,Winter,Dam_Present,6,15,0.4
242354750,EastHghlnds,Neutral,Fall,Dam_Present,1,5,0.2
242354750,EastHghlnds,Neutral,Spring,Dam_Present,1,5,0.2
2423555,EastHghlnds,El_Nino,Fall,Dam_Present,7,24,0.2916666666666667
2423555,EastHghlnds,El_Nino,Spring,Dam_Present,4,24,0.16666666666666666
2423555,EastHghlnds,El_Nino,Summer,Dam_Present,7,24,0.2916666666666667
2423555,EastHghlnds,El_Nino,Winter,Dam_Present,4,24,0.16666666666666666
2423555,EastHghlnds,La_Nina,Fall,Dam_Present,4,15,0.26666666666666666
2423555,EastHghlnds,La_Nina,Spring,Dam_Present,2,15,0.13333333333333333
2423555,EastHghlnds,La_Nina,Summer,Dam_Present,3,15,0.2
2423555,EastHghlnds,La_Nina,Winter,Dam_Present,4,15,0.26666666666666666
2423555,EastHghlnds,Neutral,Spring,Dam_Present,1,5,0.2
2423555,EastHghlnds,Neutral,Summer,Dam_Present,1,5,0.2
2424000,EastHghlnds,El_Nino,Fall,Dam_Absent,4,24,0.16666666666666666
2424000,EastHghlnds,El_Nino,Spring,Dam_Absent,3,24,0.125
2424000,EastHghlnds,El_Nino,Summer,Dam_Absent,7,24,0.2916666666666667
2424000,EastHghlnds,El_Nino,Winter,Dam_Absent,5,24,0.20833333333333334
2424000,EastHghlnds,La_Nina,Fall,Dam_Absent,6,15,0.4
2424000,EastHghlnds,La_Nina,Spring,Dam_Absent,4,15,0.26666666666666666
2424000,EastHghlnds,La_Nina,Summer,Dam_Absent,7,15,0.4666666666666667
2424000,EastHghlnds,La_Nina,Winter,Dam_Absent,9,15,0.6
2424000,EastHghlnds,Neutral,Fall,Dam_Absent,1,5,0.2
2424000,EastHghlnds,Neutral,Spring,Dam_Absent,2,5,0.4
2424000,EastHghlnds,Neutral,Summer,Dam_Absent,1,5,0.2
2425000,SEPlains,El_Nino,Fall,Dam_Absent,7,24,0.2916666666666667
2425000,SEPlains,El_Nino,Spring,Dam_Absent,5,24,0.20833333333333334
2425000,SEPlains,El_Nino,Summer,Dam_Absent,6,24,0.25
2425000,SEPlains,El_Nino,Winter,Dam_Absent,6,24,0.25
2425000,SEPlains,La_Nina,Fall,Dam_Absent,4,15,0.26666666666666666
2425000,SEPlains,La_Nina,Spring,Dam_Absent,8,15,0.5333333333333333
2425000,SEPlains,La_Nina,Summer,Dam_Absent,6,15,0.4
2425000,SEPlains,La_Nina,Winter,Dam_Absent,7,15,0.4666666666666667
2425000,SEPlains,Neutral,Fall,Dam_Absent,1,5,0.2
2425000,SEPlains,Neutral,Spring,Dam_Absent,2,5,0.4
2437100,SEPlains,El_Nino,Spring,Dam_Present,1,24,0.041666666666666664
2437100,SEPlains,La_Nina,Summer,Dam_Present,1,15,0.06666666666666667
2437100,SEPlains,La_Nina,Winter,Dam_Present,1,15,0.06666666666666667
2438000,SEPlains,El_Nino,Fall,Dam_Absent,7,24,0.2916666666666667
2438000,SEPlains,El_Nino,Spring,Dam_Absent,7,24,0.2916666666666667
2438000,SEPlains,El_Nino,Summer,Dam_Absent,4,24,0.16666666666666666
2438000,SEPlains,El_Nino,Winter,Dam_Absent,6,24,0.25
2438000,SEPlains,La_Nina,Fall,Dam_Absent,7,15,0.4666666666666667
2438000,SEPlains,La_Nina,Spring,Dam_Absent,2,15,0.13333333333333333
2438000,SEPlains,La_Nina,Summer,Dam_Absent,8,15,0.5333333333333333
2438000,SEPlains,La_Nina,Winter,Dam_Absent,8,15,0.5333333333333333
2438000,SEPlains,Neutral,Fall,Dam_Absent,1,5,0.2
2438000,SEPlains,Neutral,Spring,Dam_Absent,2,5,0.4
2438000,SEPlains,Neutral,Summer,Dam_Absent,1,5,0.2
2440500,SEPlains,El_Nino,Spring,Dam_Absent,2,24,0.08333333333333333
2440500,SEPlains,El_Nino,Summer,Dam_Absent,3,24,0.125
2440500,SEPlains,La_Nina,Fall,Dam_Absent,2,15,0.13333333333333333
2440500,SEPlains,La_Nina,Spring,Dam_Absent,2,15,0.13333333333333333
2440500,SEPlains,La_Nina,Summer,Dam_Absent,3,15,0.2
2440500,SEPlains,La_Nina,Winter,Dam_Absent,1,15,0.06666666666666667
2441390,SEPlains,El_Nino,Fall,Dam_Present,1,24,0.041666666666666664
2441390,SEPlains,El_Nino,Spring,Dam_Present,1,24,0.041666666666666664
2441390,SEPlains,El_Nino,Summer,Dam_Present,1,24,0.041666666666666664
2441390,SEPlains,El_Nino,Winter,Dam_Present,1,24,0.041666666666666664
2441390,SEPlains,La_Nina,Spring,Dam_Present,3,15,0.2
2441390,SEPlains,La_Nina,Winter,Dam_Present,2,15,0.13333333333333333
2444160,SEPlains,El_Nino,Fall,Dam_Absent,2,24,0.08333333333333333
2444160,SEPlains,El_Nino,Winter,Dam_Absent,3,24,0.125
2444160,SEPlains,La_Nina,Spring,Dam_Absent,2,15,0.13333333333333333
2444160,SEPlains,La_Nina,Summer,Dam_Absent,3,15,0.2
2444160,SEPlains,La_Nina,Winter,Dam_Absent,2,15,0.13333333333333333
2444160,SEPlains,Neutral,Spring,Dam_Absent,2,5,0.4
2444160,SEPlains,Neutral,Summer,Dam_Absent,1,5,0.2
2446500,SEPlains,El_Nino,Fall,Dam_Absent,9,24,0.375
2446500,SEPlains,El_Nino,Spring,Dam_Absent,10,24,0.4166666666666667
2446500,SEPlains,El_Nino,Summer,Dam_Absent,3,24,0.125
2446500,SEPlains,El_Nino,Winter,Dam_Absent,6,24,0.25
2446500,SEPlains,La_Nina,Fall,Dam_Absent,3,15,0.2
2446500,SEPlains,La_Nina,Spring,Dam_Absent,2,15,0.13333333333333333
2446500,SEPlains,La_Nina,Summer,Dam_Absent,9,15,0.6
2446500,SEPlains,La_Nina,Winter,Dam_Absent,5,15,0.3333333333333333
2446500,SEPlains,Neutral,Spring,Dam_Absent,3,5,0.6
2447025,SEPlains,El_Nino,Fall,Dam_Absent,4,24,0.16666666666666666
2447025,SEPlains,El_Nino,Spring,Dam_Absent,2,24,0.08333333333333333
2447025,SEPlains,El_Nino,Winter,Dam_Absent,4,24,0.16666666666666666
2447025,SEPlains,La_Nina,Spring,Dam_Absent,2,15,0.13333333333333333
2447025,SEPlains,La_Nina,Summer,Dam_Absent,1,15,0.06666666666666667
2447025,SEPlains,La_Nina,Winter,Dam_Absent,3,15,0.2
2447025,SEPlains,Neutral,Spring,Dam_Absent,1,5,0.2
2447025,SEPlains,Neutral,Summer,Dam_Absent,1,5,0.2
2450000,EastHghlnds,El_Nino,Fall,Dam_Absent,4,24,0.16666666666666666
2450000,EastHghlnds,El_Nino,Spring,Dam_Absent,1,24,0.041666666666666664
2450000,EastHghlnds,El_Nino,Summer,Dam_Absent,1,24,0.041666666666666664
2450000,EastHghlnds,El_Nino,Winter,Dam_Absent,2,24,0.08333333333333333
2450000,EastHghlnds,La_Nina,Spring,Dam_Absent,1,15,0.06666666666666667
2450000,EastHghlnds,La_Nina,Summer,Dam_Absent,1,15,0.06666666666666667
2450000,EastHghlnds,Neutral,Fall,Dam_Absent,2,5,0.4
2450000,EastHghlnds,Neutral,Spring,Dam_Absent,2,5,0.4
2450000,EastHghlnds,Neutral,Summer,Dam_Absent,2,5,0.4
2450180,EastHghlnds,El_Nino,Fall,Dam_Present,10,24,0.4166666666666667
2450180,EastHghlnds,El_Nino,Spring,Dam_Present,5,24,0.20833333333333334
2450180,EastHghlnds,El_Nino,Summer,Dam_Present,5,24,0.20833333333333334
2450180,EastHghlnds,El_Nino,Winter,Dam_Present,8,24,0.3333333333333333
2450180,EastHghlnds,La_Nina,Fall,Dam_Present,6,15,0.4
2450180,EastHghlnds,La_Nina,Spring,Dam_Present,3,15,0.2
2450180,EastHghlnds,La_Nina,Summer,Dam_Present,8,15,0.5333333333333333
2450180,EastHghlnds,La_Nina,Winter,Dam_Present,3,15,0.2
2450180,EastHghlnds,Neutral,Fall,Dam_Present,1,5,0.2
2450180,EastHghlnds,Neutral,Spring,Dam_Present,2,5,0.4
2450180,EastHghlnds,Neutral,Summer,Dam_Present,1,5,0.2
2455000,EastHghlnds,El_Nino,Fall,Dam_Present,6,24,0.25
2455000,EastHghlnds,El_Nino,Spring,Dam_Present,8,24,0.3333333333333333
2455000,EastHghlnds,El_Nino,Summer,Dam_Present,5,24,0.20833333333333334
2455000,EastHghlnds,El_Nino,Winter,Dam_Present,7,24,0.2916666666666667
2455000,EastHghlnds,La_Nina,Fall,Dam_Present,8,15,0.5333333333333333
2455000,EastHghlnds,La_Nina,Spring,Dam_Present,2,15,0.13333333333333333
2455000,EastHghlnds,La_Nina,Summer,Dam_Present,8,15,0.5333333333333333
2455000,EastHghlnds,La_Nina,Winter,Dam_Present,4,15,0.26666666666666666
2455000,EastHghlnds,Neutral,Spring,Dam_Present,2,5,0.4
2455000,EastHghlnds,Neutral,Summer,Dam_Present,1,5,0.2
2456500,EastHghlnds,El_Nino,Fall,Dam_Present,5,24,0.20833333333333334
2456500,EastHghlnds,El_Nino,Spring,Dam_Present,7,24,0.2916666666666667
2456500,EastHghlnds,El_Nino,Summer,Dam_Present,8,24,0.3333333333333333
2456500,EastHghlnds,El_Nino,Winter,Dam_Present,6,24,0.25
2456500,EastHghlnds,La_Nina,Fall,Dam_Present,8,15,0.5333333333333333
2456500,EastHghlnds,La_Nina,Spring,Dam_Present,3,15,0.2
2456500,EastHghlnds,La_Nina,Summer,Dam_Present,9,15,0.6
2456500,EastHghlnds,La_Nina,Winter,Dam_Present,5,15,0.3333333333333333
2456500,EastHghlnds,Neutral,Spring,Dam_Present,2,5,0.4
2456500,EastHghlnds,Neutral,Summer,Dam_Present,1,5,0.2
2462000,EastHghlnds,El_Nino,Fall,Dam_Present,10,24,0.4166666666666667
2462000,EastHghlnds,El_Nino,Spring,Dam_Present,6,24,0.25
2462000,EastHghlnds,El_Nino,Summer,Dam_Present,6,24,0.25
2462000,EastHghlnds,El_Nino,Winter,Dam_Present,2,24,0.08333333333333333
2462000,EastHghlnds,La_Nina,Fall,Dam_Present,6,15,0.4
2462000,EastHghlnds,La_Nina,Spring,Dam_Present,3,15,0.2
2462000,EastHghlnds,La_Nina,Summer,Dam_Present,4,15,0.26666666666666666
2462000,EastHghlnds,La_Nina,Winter,Dam_Present,6,15,0.4
2465000,EastHghlnds,El_Nino,Fall,Dam_Present,10,24,0.4166666666666667
2465000,EastHghlnds,El_Nino,Spring,Dam_Present,6,24,0.25
2465000,EastHghlnds,El_Nino,Summer,Dam_Present,3,24,0.125
2465000,EastHghlnds,El_Nino,Winter,Dam_Present,5,24,0.20833333333333334
2465000,EastHghlnds,La_Nina,Fall,Dam_Present,4,15,0.26666666666666666
2465000,EastHghlnds,La_Nina,Summer,Dam_Present,3,15,0.2
2465000,EastHghlnds,La_Nina,Winter,Dam_Present,4,15,0.26666666666666666
2466030,EastHghlnds,El_Nino,Fall,Dam_Present,5,24,0.20833333333333334
2466030,EastHghlnds,El_Nino,Spring,Dam_Present,3,24,0.125
2466030,EastHghlnds,El_Nino,Summer,Dam_Present,1,24,0.041666666666666664
2466030,EastHghlnds,El_Nino,Winter,Dam_Present,4,24,0.16666666666666666
2466030,EastHghlnds,La_Nina,Fall,Dam_Present,2,15,0.13333333333333333
2466030,EastHghlnds,La_Nina,Spring,Dam_Present,3,15,0.2
2466030,EastHghlnds,La_Nina,Summer,Dam_Present,1,15,0.06666666666666667
2466030,EastHghlnds,La_Nina,Winter,Dam_Present,3,15,0.2
2466030,EastHghlnds,Neutral,Spring,Dam_Present,2,5,0.4
2467500,SEPlains,El_Nino,Fall,Dam_Absent,8,24,0.3333333333333333
2467500,SEPlains,El_Nino,Spring,Dam_Absent,3,24,0.125
2467500,SEPlains,El_Nino,Summer,Dam_Absent,8,24,0.3333333333333333
2467500,SEPlains,El_Nino,Winter,Dam_Absent,8,24,0.3333333333333333
2467500,SEPlains,La_Nina,Fall,Dam_Absent,5,15,0.3333333333333333
2467500,SEPlains,La_Nina,Spring,Dam_Absent,5,15,0.3333333333333333
2467500,SEPlains,La_Nina,Summer,Dam_Absent,7,15,0.4666666666666667
2467500,SEPlains,La_Nina,Winter,Dam_Absent,5,15,0.3333333333333333
2467500,SEPlains,Neutral,Spring,Dam_Absent,1,5,0.2
2467500,SEPlains,Neutral,Summer,Dam_Absent,1,5,0.2
2469761,SEPlains,El_Nino,Fall,Dam_Present,8,24,0.3333333333333333
2469761,SEPlains,El_Nino,Spring,Dam_Present,2,24,0.08333333333333333
2469761,SEPlains,El_Nino,Winter,Dam_Present,5,24,0.20833333333333334
2469761,SEPlains,La_Nina,Fall,Dam_Present,1,15,0.06666666666666667
2469761,SEPlains,La_Nina,Spring,Dam_Present,3,15,0.2
2469761,SEPlains,La_Nina,Summer,Dam_Present,3,15,0.2
2469761,SEPlains,La_Nina,Winter,Dam_Present,2,15,0.13333333333333333
2469761,SEPlains,Neutral,Spring,Dam_Present,2,5,0.4
3031500,NorthEast,El_Nino,Fall,Dam_Absent,6,24,0.25
3031500,NorthEast,El_Nino,Spring,Dam_Absent,13,24,0.5416666666666666
3031500,NorthEast,El_Nino,Summer,Dam_Absent,3,24,0.125
3031500,NorthEast,El_Nino,Winter,Dam_Absent,4,24,0.16666666666666666
3031500,NorthEast,La_Nina,Fall,Dam_Absent,8,15,0.5333333333333333
3031500,NorthEast,La_Nina,Spring,Dam_Absent,5,15,0.3333333333333333
3031500,NorthEast,La_Nina,Summer,Dam_Absent,5,15,0.3333333333333333
3031500,NorthEast,La_Nina,Winter,Dam_Absent,5,15,0.3333333333333333
3031500,NorthEast,Neutral,Fall,Dam_Absent,1,5,0.2
3031500,NorthEast,Neutral,Spring,Dam_Absent,2,5,0.4
3031500,NorthEast,Neutral,Summer,Dam_Absent,1,5,0.2
3031500,NorthEast,Neutral,Winter,Dam_Absent,1,5,0.2
3032500,EastHghlnds,El_Nino,Fall,Dam_Absent,6,24,0.25
3032500,EastHghlnds,El_Nino,Spring,Dam_Absent,11,24,0.4583333333333333
3032500,EastHghlnds,El_Nino,Summer,Dam_Absent,8,24,0.3333333333333333
3032500,EastHghlnds,El_Nino,Winter,Dam_Absent,3,24,0.125
3032500,EastHghlnds,La_Nina,Fall,Dam_Absent,9,15,0.6
3032500,EastHghlnds,La_Nina,Spring,Dam_Absent,3,15,0.2
3032500,EastHghlnds,La_Nina,Summer,Dam_Absent,8,15,0.5333333333333333
3032500,EastHghlnds,La_Nina,Winter,Dam_Absent,5,15,0.3333333333333333
3032500,EastHghlnds,Neutral,Spring,Dam_Absent,2,5,0.4
3032500,EastHghlnds,Neutral,Summer,Dam_Absent,1,5,0.2
3032500,EastHghlnds,Neutral,Winter,Dam_Absent,1,5,0.2
3036000,EastHghlnds,El_Nino,Fall,Dam_Present,1,24,0.041666666666666664
3036000,EastHghlnds,El_Nino,Spring,Dam_Present,7,24,0.2916666666666667
3036000,EastHghlnds,El_Nino,Summer,Dam_Present,3,24,0.125
3036000,EastHghlnds,El_Nino,Winter,Dam_Present,6,24,0.25
3036000,EastHghlnds,La_Nina,Fall,Dam_Present,4,15,0.26666666666666666
3036000,EastHghlnds,La_Nina,Spring,Dam_Present,1,15,0.06666666666666667
3036000,EastHghlnds,La_Nina,Summer,Dam_Present,6,15,0.4
3036000,EastHghlnds,La_Nina,Winter,Dam_Present,4,15,0.26666666666666666
3036000,EastHghlnds,Neutral,Spring,Dam_Present,2,5,0.4
3036500,NorthEast,El_Nino,Fall,Dam_Present,3,24,0.125
3036500,NorthEast,El_Nino,Spring,Dam_Present,12,24,0.5
3036500,NorthEast,El_Nino,Summer,Dam_Present,6,24,0.25
3036500,NorthEast,El_Nino,Winter,Dam_Present,10,24,0.4166666666666667
3036500,NorthEast,La_Nina,Fall,Dam_Present,9,15,0.6
3036500,NorthEast,La_Nina,Spring,Dam_Present,5,15,0.3333333333333333
3036500,NorthEast,La_Nina,Summer,Dam_Present,6,15,0.4
3036500,NorthEast,La_Nina,Winter,Dam_Present,5,15,0.3333333333333333
3036500,NorthEast,Neutral,Fall,Dam_Present,1,5,0.2
3036500,NorthEast,Neutral,Spring,Dam_Present,2,5,0.4
3036500,NorthEast,Neutral,Summer,Dam_Present,1,5,0.2
3036500,NorthEast,Neutral,Winter,Dam_Present,1,5,0.2
3038000,EastHghlnds,El_Nino,Fall,Dam_Present,7,24,0.2916666666666667
3038000,EastHghlnds,El_Nino,Spring,Dam_Present,12,24,0.5
3038000,EastHghlnds,El_Nino,Summer,Dam_Present,7,24,0.2916666666666667
3038000,EastHghlnds,El_Nino,Winter,Dam_Present,5,24,0.20833333333333334
3038000,EastHghlnds,La_Nina,Fall,Dam_Present,7,15,0.4666666666666667
3038000,EastHghlnds,La_Nina,Spring,Dam_Present,2,15,0.13333333333333333
3038000,EastHghlnds,La_Nina,Summer,Dam_Present,4,15,0.26666666666666666
3038000,EastHghlnds,La_Nina,Winter,Dam_Present,5,15,0.3333333333333333
3038000,EastHghlnds,Neutral,Spring,Dam_Present,3,5,0.6
3038000,EastHghlnds,Neutral,Summer,Dam_Present,1,5,0.2
3039000,EastHghlnds,El_Nino,Fall,Dam_Present,3,24,0.125
3039000,EastHghlnds,El_Nino,Spring,Dam_Present,6,24,0.25
3039000,EastHghlnds,El_Nino,Summer,Dam_Present,3,24,0.125
3039000,EastHghlnds,El_Nino,Winter,Dam_Present,3,24,0.125
3039000,EastHghlnds,La_Nina,Fall,Dam_Present,4,15,0.26666666666666666
3039000,EastHghlnds,La_Nina,Spring,Dam_Present,1,15,0.06666666666666667
3039000,EastHghlnds,La_Nina,Summer,Dam_Present,1,15,0.06666666666666667
3039000,EastHghlnds,La_Nina,Winter,Dam_Present,4,15,0.26666666666666666
3039000,EastHghlnds,Neutral,Spring,Dam_Present,2,5,0.4
3039000,EastHghlnds,Neutral,Summer,Dam_Present,2,5,0.4
3040000,EastHghlnds,El_Nino,Fall,Dam_Present,9,24,0.375
3040000,EastHghlnds,El_Nino,Spring,Dam_Present,10,24,0.4166666666666667
3040000,EastHghlnds,El_Nino,Summer,Dam_Present,7,24,0.2916666666666667
3040000,EastHghlnds,El_Nino,Winter,Dam_Present,5,24,0.20833333333333334
3040000,EastHghlnds,La_Nina,Fall,Dam_Present,4,15,0.26666666666666666
3040000,EastHghlnds,La_Nina,Spring,Dam_Present,3,15,0.2
3040000,EastHghlnds,La_Nina,Summer,Dam_Present,6,15,0.4
3040000,EastHghlnds,La_Nina,Winter,Dam_Present,4,15,0.26666666666666666
3040000,EastHghlnds,Neutral,Spring,Dam_Present,2,5,0.4
3040000,EastHghlnds,Neutral,Summer,Dam_Present,2,5,0.4
3040000,EastHghlnds,Neutral,Winter,Dam_Present,1,5,0.2
3041029,EastHghlnds,El_Nino,Fall,Dam_Present,5,24,0.20833333333333334
3041029,EastHghlnds,El_Nino,Spring,Dam_Present,8,24,0.3333333333333333
3041029,EastHghlnds,El_Nino,Summer,Dam_Present,9,24,0.375
3041029,EastHghlnds,El_Nino,Winter,Dam_Present,6,24,0.25
3041029,EastHghlnds,La_Nina,Fall,Dam_Present,4,15,0.26666666666666666
3041029,EastHghlnds,La_Nina,Spring,Dam_Present,1,15,0.06666666666666667
3041029,EastHghlnds,La_Nina,Summer,Dam_Present,4,15,0.26666666666666666
3041029,EastHghlnds,La_Nina,Winter,Dam_Present,4,15,0.26666666666666666
3041029,EastHghlnds,Neutral,Spring,Dam_Present,1,5,0.2
3041500,EastHghlnds,El_Nino,Fall,Dam_Present,8,24,0.3333333333333333
3041500,EastHghlnds,El_Nino,Spring,Dam_Present,14,24,0.5833333333333334
3041500,EastHghlnds,El_Nino,Summer,Dam_Present,9,24,0.375
3041500,EastHghlnds,El_Nino,Winter,Dam_Present,5,24,0.20833333333333334
3041500,EastHghlnds,La_Nina,Fall,Dam_Present,6,15,0.4
3041500,EastHghlnds,La_Nina,Spring,Dam_Present,3,15,0.2
3041500,EastHghlnds,La_Nina,Summer,Dam_Present,6,15,0.4
3041500,EastHghlnds,La_Nina,Winter,Dam_Present,8,15,0.5333333333333333
3041500,EastHghlnds,Neutral,Fall,Dam_Present,1,5,0.2
3041500,EastHghlnds,Neutral,Spring,Dam_Present,3,5,0.6
3041500,EastHghlnds,Neutral,Winter,Dam_Present,1,5,0.2
3042000,EastHghlnds,El_Nino,Fall,Dam_Present,3,24,0.125
3042000,EastHghlnds,El_Nino,Spring,Dam_Present,13,24,0.5416666666666666
3042000,EastHghlnds,El_Nino,Summer,Dam_Present,6,24,0.25
3042000,EastHghlnds,El_Nino,Winter,Dam_Present,5,24,0.20833333333333334
3042000,EastHghlnds,La_Nina,Fall,Dam_Present,5,15,0.3333333333333333
3042000,EastHghlnds,La_Nina,Spring,Dam_Present,2,15,0.13333333333333333
3042000,EastHghlnds,La_Nina,Summer,Dam_Present,8,15,0.5333333333333333
3042000,EastHghlnds,La_Nina,Winter,Dam_Present,6,15,0.4
3042000,EastHghlnds,Neutral,Fall,Dam_Present,1,5,0.2
3042000,EastHghlnds,Neutral,Spring,Dam_Present,1,5,0.2
3042000,EastHghlnds,Neutral,Summer,Dam_Present,3,5,0.6
3042280,EastHghlnds,El_Nino,Fall,Dam_Present,4,24,0.16666666666666666
3042280,EastHghlnds,El_Nino,Spring,Dam_Present,16,24,0.6666666666666666
3042280,EastHghlnds,El_Nino,Summer,Dam_Present,10,24,0.4166666666666667
3042280,EastHghlnds,El_Nino,Winter,Dam_Present,8,24,0.3333333333333333
3042280,EastHghlnds,La_Nina,Fall,Dam_Present,6,15,0.4
3042280,EastHghlnds,La_Nina,Spring,Dam_Present,4,15,0.26666666666666666
3042280,EastHghlnds,La_Nina,Summer,Dam_Present,8,15,0.5333333333333333
3042280,EastHghlnds,La_Nina,Winter,Dam_Present,7,15,0.4666666666666667
3042280,EastHghlnds,Neutral,Fall,Dam_Present,1,5,0.2
3042280,EastHghlnds,Neutral,Spring,Dam_Present,3,5,0.6
3042280,EastHghlnds,Neutral,Summer,Dam_Present,2,5,0.4
3042500,EastHghlnds,El_Nino,Fall,Dam_Present,4,24,0.16666666666666666
3042500,EastHghlnds,El_Nino,Spring,Dam_Present,16,24,0.6666666666666666
3042500,EastHghlnds,El_Nino,Summer,Dam_Present,6,24,0.25
3042500,EastHghlnds,El_Nino,Winter,Dam_Present,6,24,0.25
3042500,EastHghlnds,La_Nina,Fall,Dam_Present,7,15,0.4666666666666667
3042500,EastHghlnds,La_Nina,Spring,Dam_Present,5,15,0.3333333333333333
3042500,EastHghlnds,La_Nina,Summer,Dam_Present,7,15,0.4666666666666667
3042500,EastHghlnds,La_Nina,Winter,Dam_Present,3,15,0.2
3042500,EastHghlnds,Neutral,Spring,Dam_Present,3,5,0.6
3042500,EastHghlnds,Neutral,Summer,Dam_Present,2,5,0.4
3044000,EastHghlnds,El_Nino,Fall,Dam_Present,2,24,0.08333333333333333
3044000,EastHghlnds,El_Nino,Spring,Dam_Present,8,24,0.3333333333333333
3044000,EastHghlnds,El_Nino,Summer,Dam_Present,2,24,0.08333333333333333
3044000,EastHghlnds,El_Nino,Winter,Dam_Present,3,24,0.125
3044000,EastHghlnds,La_Nina,Fall,Dam_Present,1,15,0.06666666666666667
3044000,EastHghlnds,La_Nina,Summer,Dam_Present,3,15,0.2
3044000,EastHghlnds,La_Nina,Winter,Dam_Present,3,15,0.2
3044000,EastHghlnds,Neutral,Spring,Dam_Present,2,5,0.4
3044000,EastHghlnds,Neutral,Summer,Dam_Present,1,5,0.2
3044000,EastHghlnds,Neutral,Winter,Dam_Present,1,5,0.2
3045000,EastHghlnds,El_Nino,Fall,Dam_Present,4,24,0.16666666666666666
3045000,EastHghlnds,El_Nino,Spring,Dam_Present,13,24,0.5416666666666666
3045000,EastHghlnds,El_Nino,Summer,Dam_Present,7,24,0.2916666666666667
3045000,EastHghlnds,El_Nino,Winter,Dam_Present,6,24,0.25
3045000,EastHghlnds,La_Nina,Fall,Dam_Present,12,15,0.8
3045000,EastHghlnds,La_Nina,Spring,Dam_Present,4,15,0.26666666666666666
3045000,EastHghlnds,La_Nina,Summer,Dam_Present,6,15,0.4
3045000,EastHghlnds,La_Nina,Winter,Dam_Present,7,15,0.4666666666666667
3045000,EastHghlnds,Neutral,Spring,Dam_Present,2,5,0.4
3045000,EastHghlnds,Neutral,Summer,Dam_Present,3,5,0.6
3045000,EastHghlnds,Neutral,Winter,Dam_Present,1,5,0.2
3047000,EastHghlnds,El_Nino,Fall,Dam_Absent,6,24,0.25
3047000,EastHghlnds,El_Nino,Spring,Dam_Absent,6,24,0.25
3047000,EastHghlnds,El_Nino,Summer,Dam_Absent,2,24,0.08333333333333333
3047000,EastHghlnds,El_Nino,Winter,Dam_Absent,6,24,0.25
3047000,EastHghlnds,La_Nina,Fall,Dam_Absent,4,15,0.26666666666666666
3047000,EastHghlnds,La_Nina,Spring,Dam_Absent,1,15,0.06666666666666667
3047000,EastHghlnds,La_Nina,Summer,Dam_Absent,6,15,0.4
3047000,EastHghlnds,La_Nina,Winter,Dam_Absent,4,15,0.26666666666666666
3047000,EastHghlnds,Neutral,Spring,Dam_Absent,1,5,0.2
3047000,EastHghlnds,Neutral,Summer,Dam_Absent,1,5,0.2
3048500,EastHghlnds,El_Nino,Fall,Dam_Present,6,24,0.25
3048500,EastHghlnds,El_Nino,Spring,Dam_Present,13,24,0.5416666666666666
3048500,EastHghlnds,El_Nino,Summer,Dam_Present,5,24,0.20833333333333334
3048500,EastHghlnds,El_Nino,Winter,Dam_Present,13,24,0.5416666666666666
3048500,EastHghlnds,La_Nina,Fall,Dam_Present,6,15,0.4
3048500,EastHghlnds,La_Nina,Spring,Dam_Present,4,15,0.26666666666666666
3048500,EastHghlnds,La_Nina,Summer,Dam_Present,7,15,0.4666666666666667
3048500,EastHghlnds,La_Nina,Winter,Dam_Present,6,15,0.4
3048500,EastHghlnds,Neutral,Spring,Dam_Present,3,5,0.6
3048500,EastHghlnds,Neutral,Summer,Dam_Present,2,5,0.4
3048500,EastHghlnds,Neutral,Winter,Dam_Present,1,5,0.2
3049500,NorthEast,El_Nino,Fall,Dam_Present,4,24,0.16666666666666666
3049500,NorthEast,El_Nino,Spring,Dam_Present,14,24,0.5833333333333334
3049500,NorthEast,El_Nino,Summer,Dam_Present,8,24,0.3333333333333333
3049500,NorthEast,El_Nino,Winter,Dam_Present,10,24,0.4166666666666667
3049500,NorthEast,La_Nina,Fall,Dam_Present,9,15,0.6
3049500,NorthEast,La_Nina,Spring,Dam_Present,2,15,0.13333333333333333
3049500,NorthEast,La_Nina,Summer,Dam_Present,8,15,0.5333333333333333
3049500,NorthEast,La_Nina,Winter,Dam_Present,5,15,0.3333333333333333
3049500,NorthEast,Neutral,Spring,Dam_Present,2,5,0.4
3049500,NorthEast,Neutral,Summer,Dam_Present,2,5,0.4
3049500,NorthEast,Neutral,Winter,Dam_Present,2,5,0.4
3050000,EastHghlnds,El_Nino,Fall,Dam_Absent,7,24,0.2916666666666667
3050000,EastHghlnds,El_Nino,Spring,Dam_Absent,9,24,0.375
3050000,EastHghlnds,El_Nino,Summer,Dam_Absent,4,24,0.16666666666666666
3050000,EastHghlnds,El_Nino,Winter,Dam_Absent,6,24,0.25
3050000,EastHghlnds,La_Nina,Fall,Dam_Absent,6,15,0.4
3050000,EastHghlnds,La_Nina,Spring,Dam_Absent,4,15,0.26666666666666666
3050000,EastHghlnds,La_Nina,Summer,Dam_Absent,5,15,0.3333333333333333
3050000,EastHghlnds,La_Nina,Winter,Dam_Absent,5,15,0.3333333333333333
3050000,EastHghlnds,Neutral,Spring,Dam_Absent,2,5,0.4
3050000,EastHghlnds,Neutral,Summer,Dam_Absent,1,5,0.2
3050500,EastHghlnds,El_Nino,Fall,Dam_Absent,1,24,0.041666666666666664
3050500,EastHghlnds,El_Nino,Spring,Dam_Absent,1,24,0.041666666666666664
3050500,EastHghlnds,El_Nino,Winter,Dam_Absent,2,24,0.08333333333333333
3050500,EastHghlnds,La_Nina,Fall,Dam_Absent,1,15,0.06666666666666667
3050500,EastHghlnds,La_Nina,Spring,Dam_Absent,3,15,0.2
3050500,EastHghlnds,La_Nina,Winter,Dam_Absent,2,15,0.13333333333333333
3051000,EastHghlnds,El_Nino,Fall,Dam_Absent,7,24,0.2916666666666667
3051000,EastHghlnds,El_Nino,Spring,Dam_Absent,8,24,0.3333333333333333
3051000,EastHghlnds,El_Nino,Summer,Dam_Absent,7,24,0.2916666666666667
3051000,EastHghlnds,El_Nino,Winter,Dam_Absent,6,24,0.25
3051000,EastHghlnds,La_Nina,Fall,Dam_Absent,5,15,0.3333333333333333
3051000,EastHghlnds,La_Nina,Spring,Dam_Absent,5,15,0.3333333333333333
3051000,EastHghlnds,La_Nina,Summer,Dam_Absent,4,15,0.26666666666666666
3051000,EastHghlnds,La_Nina,Winter,Dam_Absent,5,15,0.3333333333333333
3051000,EastHghlnds,Neutral,Spring,Dam_Absent,1,5,0.2
3051000,EastHghlnds,Neutral,Summer,Dam_Absent,1,5,0.2
3052000,EastHghlnds,El_Nino,Fall,Dam_Absent,8,24,0.3333333333333333
3052000,EastHghlnds,El_Nino,Spring,Dam_Absent,10,24,0.4166666666666667
3052000,EastHghlnds,El_Nino,Summer,Dam_Absent,8,24,0.3333333333333333
3052000,EastHghlnds,El_Nino,Winter,Dam_Absent,7,24,0.2916666666666667
3052000,EastHghlnds,La_Nina,Fall,Dam_Absent,7,15,0.4666666666666667
3052000,EastHghlnds,La_Nina,Spring,Dam_Absent,5,15,0.3333333333333333
3052000,EastHghlnds,La_Nina,Summer,Dam_Absent,4,15,0.26666666666666666
3052000,EastHghlnds,La_Nina,Winter,Dam_Absent,4,15,0.26666666666666666
3052000,EastHghlnds,Neutral,Spring,Dam_Absent,2,5,0.4
3054500,EastHghlnds,El_Nino,Fall,Dam_Present,6,24,0.25
3054500,EastHghlnds,El_Nino,Spring,Dam_Present,8,24,0.3333333333333333
3054500,EastHghlnds,El_Nino,Summer,Dam_Present,7,24,0.2916666666666667
3054500,EastHghlnds,El_Nino,Winter,Dam_Present,6,24,0.25
3054500,EastHghlnds,La_Nina,Fall,Dam_Present,6,15,0.4
3054500,EastHghlnds,La_Nina,Spring,Dam_Present,5,15,0.3333333333333333
3054500,EastHghlnds,La_Nina,Summer,Dam_Present,4,15,0.26666666666666666
3054500,EastHghlnds,La_Nina,Winter,Dam_Present,4,15,0.26666666666666666
3054500,EastHghlnds,Neutral,Spring,Dam_Present,2,5,0.4
3056000,EastHghlnds,El_Nino,Fall,Dam_Present,3,24,0.125
3056000,EastHghlnds,El_Nino,Spring,Dam_Present,4,24,0.16666666666666666
3056000,EastHghlnds,El_Nino,Summer,Dam_Present,2,24,0.08333333333333333
3056000,EastHghlnds,El_Nino,Winter,Dam_Present,1,24,0.041666666666666664
3056000,EastHghlnds,La_Nina,Fall,Dam_Present,1,15,0.06666666666666667
3056000,EastHghlnds,La_Nina,Spring,Dam_Present,2,15,0.13333333333333333
3056000,EastHghlnds,La_Nina,Summer,Dam_Present,3,15,0.2
3056000,EastHghlnds,La_Nina,Winter,Dam_Present,3,15,0.2
3056000,EastHghlnds,Neutral,Fall,Dam_Present,1,5,0.2
3056000,EastHghlnds,Neutral,Spring,Dam_Present,1,5,0.2
3057000,EastHghlnds,El_Nino,Fall,Dam_Absent,1,24,0.041666666666666664
3057000,EastHghlnds,El_Nino,Spring,Dam_Absent,3,24,0.125
3057000,EastHghlnds,El_Nino,Summer,Dam_Absent,2,24,0.08333333333333333
3057000,EastHghlnds,El_Nino,Winter,Dam_Absent,2,24,0.08333333333333333
3057000,EastHghlnds,La_Nina,Fall,Dam_Absent,2,15,0.13333333333333333
3057000,EastHghlnds,La_Nina,Spring,Dam_Absent,2,15,0.13333333333333333
3057000,EastHghlnds,La_Nina,Summer,Dam_Absent,2,15,0.13333333333333333
3057000,EastHghlnds,La_Nina,Winter,Dam_Absent,2,15,0.13333333333333333
3057000,EastHghlnds,Neutral,Fall,Dam_Absent,1,5,0.2
3057000,EastHghlnds,Neutral,Spring,Dam_Absent,2,5,0.4
3057000,EastHghlnds,Neutral,Winter,Dam_Absent,1,5,0.2
3058000,EastHghlnds,El_Nino,Fall,Dam_Present,3,24,0.125
3058000,EastHghlnds,El_Nino,Spring,Dam_Present,5,24,0.20833333333333334
3058000,EastHghlnds,El_Nino,Summer,Dam_Present,1,24,0.041666666666666664
3058000,EastHghlnds,El_Nino,Winter,Dam_Present,3,24,0.125
3058000,EastHghlnds,La_Nina,Fall,Dam_Present,2,15,0.13333333333333333
3058000,EastHghlnds,La_Nina,Spring,Dam_Present,3,15,0.2
3058000,EastHghlnds,La_Nina,Summer,Dam_Present,6,15,0.4
3058000,EastHghlnds,La_Nina,Winter,Dam_Present,1,15,0.06666666666666667
3058000,EastHghlnds,Neutral,Fall,Dam_Present,2,5,0.4
3058000,EastHghlnds,Neutral,Spring,Dam_Present,2,5,0.4
3058000,EastHghlnds,Neutral,Winter,Dam_Present,1,5,0.2
3058500,EastHghlnds,El_Nino,Fall,Dam_Present,3,24,0.125
3058500,EastHghlnds,El_Nino,Spring,Dam_Present,4,24,0.16666666666666666
3058500,EastHghlnds,La_Nina,Fall,Dam_Present,4,15,0.26666666666666666
3058500,EastHghlnds,La_Nina,Spring,Dam_Present,7,15,0.4666666666666667
3058500,EastHghlnds,La_Nina,Summer,Dam_Present,2,15,0.13333333333333333
3058500,EastHghlnds,La_Nina,Winter,Dam_Present,3,15,0.2
3061000,EastHghlnds,El_Nino,Fall,Dam_Present,6,24,0.25
3061000,EastHghlnds,El_Nino,Spring,Dam_Present,10,24,0.4166666666666667
3061000,EastHghlnds,El_Nino,Summer,Dam_Present,3,24,0.125
3061000,EastHghlnds,El_Nino,Winter,Dam_Present,5,24,0.20833333333333334
3061000,EastHghlnds,La_Nina,Fall,Dam_Present,8,15,0.5333333333333333
3061000,EastHghlnds,La_Nina,Spring,Dam_Present,2,15,0.13333333333333333
3061000,EastHghlnds,La_Nina,Summer,Dam_Present,3,15,0.2
3061000,EastHghlnds,La_Nina,Winter,Dam_Present,3,15,0.2
3061000,EastHghlnds,Neutral,Fall,Dam_Present,1,5,0.2
3061000,EastHghlnds,Neutral,Spring,Dam_Present,2,5,0.4
3061000,EastHghlnds,Neutral,Summer,Dam_Present,1,5,0.2
3061500,EastHghlnds,El_Nino,Fall,Dam_Present,4,24,0.16666666666666666
3061500,EastHghlnds,El_Nino,Spring,Dam_Present,10,24,0.4166666666666667
3061500,EastHghlnds,El_Nino,Summer,Dam_Present,7,24,0.2916666666666667
3061500,EastHghlnds,El_Nino,Winter,Dam_Present,2,24,0.08333333333333333
3061500,EastHghlnds,La_Nina,Fall,Dam_Present,6,15,0.4
3061500,EastHghlnds,La_Nina,Spring,Dam_Present,2,15,0.13333333333333333
3061500,EastHghlnds,La_Nina,Summer,Dam_Present,5,15,0.3333333333333333
3061500,EastHghlnds,La_Nina,Winter,Dam_Present,3,15,0.2
3061500,EastHghlnds,Neutral,Fall,Dam_Present,1,5,0.2
3061500,EastHghlnds,Neutral,Spring,Dam_Present,1,5,0.2
3061500,EastHghlnds,Neutral,Summer,Dam_Present,1,5,0.2
3062500,EastHghlnds,El_Nino,Fall,Dam_Absent,3,24,0.125
3062500,EastHghlnds,El_Nino,Spring,Dam_Absent,10,24,0.4166666666666667
3062500,EastHghlnds,El_Nino,Summer,Dam_Absent,7,24,0.2916666666666667
3062500,EastHghlnds,El_Nino,Winter,Dam_Absent,6,24,0.25
3062500,EastHghlnds,La_Nina,Fall,Dam_Absent,5,15,0.3333333333333333
3062500,EastHghlnds,La_Nina,Spring,Dam_Absent,1,15,0.06666666666666667
3062500,EastHghlnds,La_Nina,Summer,Dam_Absent,3,15,0.2
3062500,EastHghlnds,La_Nina,Winter,Dam_Absent,3,15,0.2
3062500,EastHghlnds,Neutral,Spring,Dam_Absent,1,5,0.2
3062500,EastHghlnds,Neutral,Summer,Dam_Absent,2,5,0.4
3070500,EastHghlnds,El_Nino,Fall,Dam_Absent,4,24,0.16666666666666666
3070500,EastHghlnds,El_Nino,Spring,Dam_Absent,6,24,0.25
3070500,EastHghlnds,El_Nino,Summer,Dam_Absent,5,24,0.20833333333333334
3070500,EastHghlnds,El_Nino,Winter,Dam_Absent,6,24,0.25
3070500,EastHghlnds,La_Nina,Fall,Dam_Absent,3,15,0.2
3070500,EastHghlnds,La_Nina,Spring,Dam_Absent,3,15,0.2
3070500,EastHghlnds,La_Nina,Summer,Dam_Absent,5,15,0.3333333333333333
3070500,EastHghlnds,La_Nina,Winter,Dam_Absent,3,15,0.2
3070500,EastHghlnds,Neutral,Spring,Dam_Absent,1,5,0.2
3070500,EastHghlnds,Neutral,Summer,Dam_Absent,1,5,0.2
3072000,EastHghlnds,El_Nino,Fall,Dam_Absent,5,24,0.20833333333333334
3072000,EastHghlnds,El_Nino,Spring,Dam_Absent,11,24,0.4583333333333333
3072000,EastHghlnds,El_Nino,Summer,Dam_Absent,9,24,0.375
3072000,EastHghlnds,El_Nino,Winter,Dam_Absent,6,24,0.25
3072000,EastHghlnds,La_Nina,Fall,Dam_Absent,6,15,0.4
3072000,EastHghlnds,La_Nina,Spring,Dam_Absent,2,15,0.13333333333333333
3072000,EastHghlnds,La_Nina,Summer,Dam_Absent,4,15,0.26666666666666666
3072000,EastHghlnds,La_Nina,Winter,Dam_Absent,5,15,0.3333333333333333
3072000,EastHghlnds,Neutral,Spring,Dam_Absent,3,5,0.6
3072000,EastHghlnds,Neutral,Summer,Dam_Absent,5,5,1.0
3072000,EastHghlnds,Neutral,Winter,Dam_Absent,1,5,0.2
3085500,EastHghlnds,El_Nino,Fall,Dam_Absent,6,24,0.25
3085500,EastHghlnds,El_Nino,Spring,Dam_Absent,9,24,0.375
3085500,EastHghlnds,El_Nino,Summer,Dam_Absent,5,24,0.20833333333333334
3085500,EastHghlnds,El_Nino,Winter,Dam_Absent,10,24,0.4166666666666667
3085500,EastHghlnds,La_Nina,Fall,Dam_Absent,5,15,0.3333333333333333
3085500,EastHghlnds,La_Nina,Spring,Dam_Absent,1,15,0.06666666666666667
3085500,EastHghlnds,La_Nina,Summer,Dam_Absent,3,15,0.2
3085500,EastHghlnds,La_Nina,Winter,Dam_Absent,8,15,0.5333333333333333
3085500,EastHghlnds,Neutral,Spring,Dam_Absent,1,5,0.2
3085500,EastHghlnds,Neutral,Summer,Dam_Absent,1,5,0.2
3085956,EastHghlnds,El_Nino,Fall,Dam_Present,1,24,0.041666666666666664
3085956,EastHghlnds,El_Nino,Spring,Dam_Present,1,24,0.041666666666666664
3085956,EastHghlnds,El_Nino,Summer,Dam_Present,1,24,0.041666666666666664
3085956,EastHghlnds,El_Nino,Winter,Dam_Present,3,24,0.125
3085956,EastHghlnds,La_Nina,Spring,Dam_Present,1,15,0.06666666666666667
3090500,NorthEast,El_Nino,Fall,Dam_Present,1,24,0.041666666666666664
3090500,NorthEast,El_Nino,Spring,Dam_Present,4,24,0.16666666666666666
3090500,NorthEast,El_Nino,Summer,Dam_Present,1,24,0.041666666666666664
3090500,NorthEast,El_Nino,Winter,Dam_Present,4,24,0.16666666666666666
3090500,NorthEast,La_Nina,Fall,Dam_Present,5,15,0.3333333333333333
3090500,NorthEast,La_Nina,Spring,Dam_Present,5,15,0.3333333333333333
3090500,NorthEast,La_Nina,Summer,Dam_Present,1,15,0.06666666666666667
3090500,NorthEast,La_Nina,Winter,Dam_Present,3,15,0.2
3090500,NorthEast,Neutral,Fall,Dam_Present,1,5,0.2
3090500,NorthEast,Neutral,Spring,Dam_Present,1,5,0.2
3090500,NorthEast,Neutral,Summer,Dam_Present,2,5,0.4
3091500,NorthEast,El_Nino,Fall,Dam_Present,7,24,0.2916666666666667
3091500,NorthEast,El_Nino,Spring,Dam_Present,10,24,0.4166666666666667
3091500,NorthEast,El_Nino,Summer,Dam_Present,8,24,0.3333333333333333
3091500,NorthEast,El_Nino,Winter,Dam_Present,8,24,0.3333333333333333
3091500,NorthEast,La_Nina,Fall,Dam_Present,5,15,0.3333333333333333
3091500,NorthEast,La_Nina,Spring,Dam_Present,6,15,0.4
3091500,NorthEast,La_Nina,Summer,Dam_Present,3,15,0.2
3091500,NorthEast,La_Nina,Winter,Dam_Present,3,15,0.2
3091500,NorthEast,Neutral,Fall,Dam_Present,1,5,0.2
3091500,NorthEast,Neutral,Spring,Dam_Present,2,5,0.4
3091500,NorthEast,Neutral,Summer,Dam_Present,1,5,0.2
3092460,NorthEast,El_Nino,Fall,Dam_Present,2,24,0.08333333333333333
3092460,NorthEast,El_Nino,Spring,Dam_Present,1,24,0.041666666666666664
3092460,NorthEast,El_Nino,Summer,Dam_Present,3,24,0.125
3092460,NorthEast,El_Nino,Winter,Dam_Present,4,24,0.16666666666666666
3092460,NorthEast,La_Nina,Fall,Dam_Present,2,15,0.13333333333333333
3092460,NorthEast,La_Nina,Spring,Dam_Present,1,15,0.06666666666666667
3092460,NorthEast,La_Nina,Summer,Dam_Present,3,15,0.2
3092460,NorthEast,La_Nina,Winter,Dam_Present,2,15,0.13333333333333333
3092460,NorthEast,Neutral,Fall,Dam_Present,1,5,0.2
3092460,NorthEast,Neutral,Spring,Dam_Present,2,5,0.4
3094000,NorthEast,El_Nino,Fall,Dam_Absent,6,24,0.25
3094000,NorthEast,El_Nino,Spring,Dam_Absent,10,24,0.4166666666666667
3094000,NorthEast,El_Nino,Summer,Dam_Absent,8,24,0.3333333333333333
3094000,NorthEast,El_Nino,Winter,Dam_Absent,9,24,0.375
3094000,NorthEast,La_Nina,Fall,Dam_Absent,8,15,0.5333333333333333
3094000,NorthEast,La_Nina,Spring,Dam_Absent,7,15,0.4666666666666667
3094000,NorthEast,La_Nina,Summer,Dam_Absent,7,15,0.4666666666666667
3094000,NorthEast,La_Nina,Winter,Dam_Absent,6,15,0.4
3094000,NorthEast,Neutral,Spring,Dam_Absent,2,5,0.4
3094000,NorthEast,Neutral,Summer,Dam_Absent,1,5,0.2
3095500,NorthEast,El_Nino,Fall,Dam_Present,1,24,0.041666666666666664
3095500,NorthEast,El_Nino,Spring,Dam_Present,2,24,0.08333333333333333
3095500,NorthEast,El_Nino,Summer,Dam_Present,3,24,0.125
3095500,NorthEast,El_Nino,Winter,Dam_Present,2,24,0.08333333333333333
3095500,NorthEast,La_Nina,Fall,Dam_Present,2,15,0.13333333333333333
3095500,NorthEast,La_Nina,Spring,Dam_Present,5,15,0.3333333333333333
3095500,NorthEast,La_Nina,Summer,Dam_Present,4,15,0.26666666666666666
3095500,NorthEast,La_Nina,Winter,Dam_Present,3,15,0.2
3095500,NorthEast,Neutral,Fall,Dam_Present,1,5,0.2
3095500,NorthEast,Neutral,Spring,Dam_Present,1,5,0.2
3095500,NorthEast,Neutral,Winter,Dam_Present,1,5,0.2
3097550,NorthEast,El_Nino,Fall,Dam_Present,7,24,0.2916666666666667
3097550,NorthEast,El_Nino,Spring,Dam_Present,3,24,0.125
3097550,NorthEast,El_Nino,Summer,Dam_Present,4,24,0.16666666666666666
3097550,NorthEast,El_Nino,Winter,Dam_Present,6,24,0.25
3097550,NorthEast,La_Nina,Fall,Dam_Present,4,15,0.26666666666666666
3097550,NorthEast,La_Nina,Spring,Dam_Present,4,15,0.26666666666666666
3097550,NorthEast,La_Nina,Summer,Dam_Present,1,15,0.06666666666666667
3097550,NorthEast,La_Nina,Winter,Dam_Present,3,15,0.2
3097550,NorthEast,Neutral,Spring,Dam_Present,1,5,0.2
3097550,NorthEast,Neutral,Winter,Dam_Present,1,5,0.2
3098600,NorthEast,El_Nino,Fall,Dam_Present,7,24,0.2916666666666667
3098600,NorthEast,El_Nino,Spring,Dam_Present,8,24,0.3333333333333333
3098600,NorthEast,El_Nino,Summer,Dam_Present,2,24,0.08333333333333333
3098600,NorthEast,El_Nino,Winter,Dam_Present,9,24,0.375
3098600,NorthEast,La_Nina,Fall,Dam_Present,6,15,0.4
3098600,NorthEast,La_Nina,Spring,Dam_Present,5,15,0.3333333333333333
3098600,NorthEast,La_Nina,Summer,Dam_Present,3,15,0.2
3098600,NorthEast,La_Nina,Winter,Dam_Present,8,15,0.5333333333333333
3098600,NorthEast,Neutral,Spring,Dam_Present,4,5,0.8
3098600,NorthEast,Neutral,Winter,Dam_Present,2,5,0.4
3099500,NorthEast,El_Nino,Fall,Dam_Present,2,24,0.08333333333333333
3099500,NorthEast,El_Nino,Spring,Dam_Present,2,24,0.08333333333333333
3099500,NorthEast,El_Nino,Winter,Dam_Present,1,24,0.041666666666666664
3099500,NorthEast,La_Nina,Fall,Dam_Present,4,15,0.26666666666666666
3099500,NorthEast,La_Nina,Spring,Dam_Present,3,15,0.2
3099500,NorthEast,La_Nina,Summer,Dam_Present,2,15,0.13333333333333333
3099500,NorthEast,La_Nina,Winter,Dam_Present,6,15,0.4
3099500,NorthEast,Neutral,Fall,Dam_Present,1,5,0.2
3099500,NorthEast,Neutral,Spring,Dam_Present,1,5,0.2
3101500,NorthEast,El_Nino,Fall,Dam_Present,4,24,0.16666666666666666
3101500,NorthEast,El_Nino,Spring,Dam_Present,7,24,0.2916666666666667
3101500,NorthEast,El_Nino,Summer,Dam_Present,9,24,0.375
3101500,NorthEast,El_Nino,Winter,Dam_Present,6,24,0.25
3101500,NorthEast,La_Nina,Fall,Dam_Present,3,15,0.2
3101500,NorthEast,La_Nina,Spring,Dam_Present,3,15,0.2
3101500,NorthEast,La_Nina,Summer,Dam_Present,3,15,0.2
3101500,NorthEast,La_Nina,Winter,Dam_Present,7,15,0.4666666666666667
3101500,NorthEast,Neutral,Fall,Dam_Present,2,5,0.4
3101500,NorthEast,Neutral,Spring,Dam_Present,2,5,0.4
3101500,NorthEast,Neutral,Summer,Dam_Present,2,5,0.4
3101500,NorthEast,Neutral,Winter,Dam_Present,1,5,0.2
3102500,NorthEast,El_Nino,Fall,Dam_Present,8,24,0.3333333333333333
3102500,NorthEast,El_Nino,Spring,Dam_Present,7,24,0.2916666666666667
3102500,NorthEast,El_Nino,Summer,Dam_Present,8,24,0.3333333333333333
3102500,NorthEast,El_Nino,Winter,Dam_Present,5,24,0.20833333333333334
3102500,NorthEast,La_Nina,Fall,Dam_Present,5,15,0.3333333333333333
3102500,NorthEast,La_Nina,Spring,Dam_Present,5,15,0.3333333333333333
3102500,NorthEast,La_Nina,Summer,Dam_Present,6,15,0.4
3102500,NorthEast,La_Nina,Winter,Dam_Present,5,15,0.3333333333333333
3102500,NorthEast,Neutral,Spring,Dam_Present,3,5,0.6
3102500,NorthEast,Neutral,Summer,Dam_Present,2,5,0.4
3102850,NorthEast,El_Nino,Fall,Dam_Present,12,24,0.5
3102850,NorthEast,El_Nino,Spring,Dam_Present,11,24,0.4583333333333333
3102850,NorthEast,El_Nino,Summer,Dam_Present,9,24,0.375
3102850,NorthEast,El_Nino,Winter,Dam_Present,2,24,0.08333333333333333
3102850,NorthEast,La_Nina,Fall,Dam_Present,3,15,0.2
3102850,NorthEast,La_Nina,Spring,Dam_Present,2,15,0.13333333333333333
3102850,NorthEast,La_Nina,Summer,Dam_Present,7,15,0.4666666666666667
3102850,NorthEast,La_Nina,Winter,Dam_Present,9,15,0.6
3102850,NorthEast,Neutral,Fall,Dam_Present,2,5,0.4
3102850,NorthEast,Neutral,Spring,Dam_Present,4,5,0.8
3102850,NorthEast,Neutral,Summer,Dam_Present,3,5,0.6
3103500,NorthEast,El_Nino,Fall,Dam_Present,2,24,0.08333333333333333
3103500,NorthEast,El_Nino,Spring,Dam_Present,2,24,0.08333333333333333
3103500,NorthEast,El_Nino,Summer,Dam_Present,2,24,0.08333333333333333
3103500,NorthEast,El_Nino,Winter,Dam_Present,1,24,0.041666666666666664
3103500,NorthEast,La_Nina,Fall,Dam_Present,2,15,0.13333333333333333
3103500,NorthEast,La_Nina,Spring,Dam_Present,2,15,0.13333333333333333
3103500,NorthEast,La_Nina,Summer,Dam_Present,2,15,0.13333333333333333
3103500,NorthEast,La_Nina,Winter,Dam_Present,5,15,0.3333333333333333
3103500,NorthEast,Neutral,Fall,Dam_Present,2,5,0.4
3103500,NorthEast,Neutral,Spring,Dam_Present,3,5,0.6
3105500,NorthEast,El_Nino,Fall,Dam_Absent,11,24,0.4583333333333333
3105500,NorthEast,El_Nino,Spring,Dam_Absent,9,24,0.375
3105500,NorthEast,El_Nino,Summer,Dam_Absent,9,24,0.375
3105500,NorthEast,El_Nino,Winter,Dam_Absent,8,24,0.3333333333333333
3105500,NorthEast,La_Nina,Fall,Dam_Absent,6,15,0.4
3105500,NorthEast,La_Nina,Spring,Dam_Absent,6,15,0.4
3105500,NorthEast,La_Nina,Summer,Dam_Absent,3,15,0.2
3105500,NorthEast,La_Nina,Winter,Dam_Absent,7,15,0.4666666666666667
3105500,NorthEast,Neutral,Spring,Dam_Absent,4,5,0.8
3105500,NorthEast,Neutral,Summer,Dam_Absent,2,5,0.4
3105500,NorthEast,Neutral,Winter,Dam_Absent,1,5,0.2
3106000,EastHghlnds,El_Nino,Fall,Dam_Absent,7,24,0.2916666666666667
3106000,EastHghlnds,El_Nino,Spring,Dam_Absent,11,24,0.4583333333333333
3106000,EastHghlnds,El_Nino,Summer,Dam_Absent,9,24,0.375
3106000,EastHghlnds,El_Nino,Winter,Dam_Absent,4,24,0.16666666666666666
3106000,EastHghlnds,La_Nina,Fall,Dam_Absent,9,15,0.6
3106000,EastHghlnds,La_Nina,Spring,Dam_Absent,3,15,0.2
3106000,EastHghlnds,La_Nina,Summer,Dam_Absent,6,15,0.4
3106000,EastHghlnds,La_Nina,Winter,Dam_Absent,5,15,0.3333333333333333
3106000,EastHghlnds,Neutral,Spring,Dam_Absent,3,5,0.6
3106000,EastHghlnds,Neutral,Summer,Dam_Absent,1,5,0.2
3106300,EastHghlnds,El_Nino,Fall,Dam_Present,6,24,0.25
3106300,EastHghlnds,El_Nino,Spring,Dam_Present,11,24,0.4583333333333333
3106300,EastHghlnds,El_Nino,Summer,Dam_Present,8,24,0.3333333333333333
3106300,EastHghlnds,El_Nino,Winter,Dam_Present,12,24,0.5
3106300,EastHghlnds,La_Nina,Fall,Dam_Present,3,15,0.2
3106300,EastHghlnds,La_Nina,Spring,Dam_Present,5,15,0.3333333333333333
3106300,EastHghlnds,La_Nina,Summer,Dam_Present,5,15,0.3333333333333333
3106300,EastHghlnds,La_Nina,Winter,Dam_Present,6,15,0.4
3106300,EastHghlnds,Neutral,Fall,Dam_Present,1,5,0.2
3106300,EastHghlnds,Neutral,Spring,Dam_Present,2,5,0.4
3106300,EastHghlnds,Neutral,Winter,Dam_Present,1,5,0.2
3106500,EastHghlnds,El_Nino,Fall,Dam_Present,7,24,0.2916666666666667
3106500,EastHghlnds,El_Nino,Spring,Dam_Present,8,24,0.3333333333333333
3106500,EastHghlnds,El_Nino,Summer,Dam_Present,9,24,0.375
3106500,EastHghlnds,El_Nino,Winter,Dam_Present,7,24,0.2916666666666667
3106500,EastHghlnds,La_Nina,Fall,Dam_Present,9,15,0.6
3106500,EastHghlnds,La_Nina,Spring,Dam_Present,5,15,0.3333333333333333
3106500,EastHghlnds,La_Nina,Summer,Dam_Present,6,15,0.4
3106500,EastHghlnds,La_Nina,Winter,Dam_Present,4,15,0.26666666666666666
3106500,EastHghlnds,Neutral,Fall,Dam_Present,1,5,0.2
3106500,EastHghlnds,Neutral,Spring,Dam_Present,2,5,0.4
3106500,EastHghlnds,Neutral,Summer,Dam_Present,2,5,0.4
3107500,NorthEast,El_Nino,Fall,Dam_Absent,10,24,0.4166666666666667
3107500,NorthEast,El_Nino,Spring,Dam_Absent,11,24,0.4583333333333333
3107500,NorthEast,El_Nino,Summer,Dam_Absent,5,24,0.20833333333333334
3107500,NorthEast,El_Nino,Winter,Dam_Absent,9,24,0.375
3107500,NorthEast,La_Nina,Fall,Dam_Absent,8,15,0.5333333333333333
3107500,NorthEast,La_Nina,Spring,Dam_Absent,6,15,0.4
3107500,NorthEast,La_Nina,Summer,Dam_Absent,5,15,0.3333333333333333
3107500,NorthEast,La_Nina,Winter,Dam_Absent,7,15,0.4666666666666667
3107500,NorthEast,Neutral,Fall,Dam_Absent,1,5,0.2
3107500,NorthEast,Neutral,Spring,Dam_Absent,3,5,0.6
3107500,NorthEast,Neutral,Summer,Dam_Absent,1,5,0.2
3107500,NorthEast,Neutral,Winter,Dam_Absent,1,5,0.2
3108000,EastHghlnds,El_Nino,Fall,Dam_Present,8,24,0.3333333333333333
3108000,EastHghlnds,El_Nino,Spring,Dam_Present,11,24,0.4583333333333333
3108000,EastHghlnds,El_Nino,Summer,Dam_Present,8,24,0.3333333333333333
3108000,EastHghlnds,El_Nino,Winter,Dam_Present,6,24,0.25
3108000,EastHghlnds,La_Nina,Fall,Dam_Present,7,15,0.4666666666666667
3108000,EastHghlnds,La_Nina,Spring,Dam_Present,3,15,0.2
3108000,EastHghlnds,La_Nina,Summer,Dam_Present,7,15,0.4666666666666667
3108000,EastHghlnds,La_Nina,Winter,Dam_Present,6,15,0.4
3108000,EastHghlnds,Neutral,Spring,Dam_Present,1,5,0.2
3108000,EastHghlnds,Neutral,Summer,Dam_Present,2,5,0.4
3109500,NorthEast,El_Nino,Fall,Dam_Present,7,24,0.2916666666666667
3109500,NorthEast,El_Nino,Spring,Dam_Present,11,24,0.4583333333333333
3109500,NorthEast,El_Nino,Summer,Dam_Present,9,24,0.375
3109500,NorthEast,El_Nino,Winter,Dam_Present,9,24,0.375
3109500,NorthEast,La_Nina,Fall,Dam_Present,6,15,0.4
3109500,NorthEast,La_Nina,Spring,Dam_Present,4,15,0.26666666666666666
3109500,NorthEast,La_Nina,Summer,Dam_Present,5,15,0.3333333333333333
3109500,NorthEast,La_Nina,Winter,Dam_Present,4,15,0.26666666666666666
3109500,NorthEast,Neutral,Fall,Dam_Present,3,5,0.6
3109500,NorthEast,Neutral,Spring,Dam_Present,3,5,0.6
3109500,NorthEast,Neutral,Summer,Dam_Present,3,5,0.6
3111500,EastHghlnds,El_Nino,Fall,Dam_Absent,4,24,0.16666666666666666
3111500,EastHghlnds,El_Nino,Spring,Dam_Absent,10,24,0.4166666666666667
3111500,EastHghlnds,El_Nino,Summer,Dam_Absent,7,24,0.2916666666666667
3111500,EastHghlnds,El_Nino,Winter,Dam_Absent,9,24,0.375
3111500,EastHghlnds,La_Nina,Fall,Dam_Absent,6,15,0.4
3111500,EastHghlnds,La_Nina,Spring,Dam_Absent,4,15,0.26666666666666666
3111500,EastHghlnds,La_Nina,Summer,Dam_Absent,7,15,0.4666666666666667
3111500,EastHghlnds,La_Nina,Winter,Dam_Absent,7,15,0.4666666666666667
3111500,EastHghlnds,Neutral,Spring,Dam_Absent,2,5,0.4
3111500,EastHghlnds,Neutral,Summer,Dam_Absent,4,5,0.8
3111500,EastHghlnds,Neutral,Winter,Dam_Absent,1,5,0.2
3116000,NorthEast,El_Nino,Spring,Dam_Present,1,24,0.041666666666666664
3116000,NorthEast,La_Nina,Fall,Dam_Present,1,15,0.06666666666666667
3116000,NorthEast,La_Nina,Winter,Dam_Present,1,15,0.06666666666666667
3116077,NorthEast,El_Nino,Fall,Dam_Present,6,24,0.25
3116077,NorthEast,El_Nino,Spring,Dam_Present,12,24,0.5
3116077,NorthEast,El_Nino,Summer,Dam_Present,9,24,0.375
3116077,NorthEast,El_Nino,Winter,Dam_Present,3,24,0.125
3116077,NorthEast,La_Nina,Fall,Dam_Present,5,15,0.3333333333333333
3116077,NorthEast,La_Nina,Spring,Dam_Present,1,15,0.06666666666666667
3116077,NorthEast,La_Nina,Summer,Dam_Present,2,15,0.13333333333333333
3116077,NorthEast,La_Nina,Winter,Dam_Present,3,15,0.2
3116077,NorthEast,Neutral,Spring,Dam_Present,2,5,0.4
3116077,NorthEast,Neutral,Summer,Dam_Present,2,5,0.4
3117000,NorthEast,El_Nino,Fall,Dam_Absent,7,24,0.2916666666666667
3117000,NorthEast,El_Nino,Spring,Dam_Absent,12,24,0.5
3117000,NorthEast,El_Nino,Summer,Dam_Absent,8,24,0.3333333333333333
3117000,NorthEast,El_Nino,Winter,Dam_Absent,11,24,0.4583333333333333
3117000,NorthEast,La_Nina,Fall,Dam_Absent,5,15,0.3333333333333333
3117000,NorthEast,La_Nina,Spring,Dam_Absent,4,15,0.26666666666666666
3117000,NorthEast,La_Nina,Summer,Dam_Absent,6,15,0.4
3117000,NorthEast,La_Nina,Winter,Dam_Absent,4,15,0.26666666666666666
3117000,NorthEast,Neutral,Spring,Dam_Absent,3,5,0.6
3117000,NorthEast,Neutral,Summer,Dam_Absent,2,5,0.4
3117000,NorthEast,Neutral,Winter,Dam_Absent,1,5,0.2
3124500,NorthEast,El_Nino,Fall,Dam_Present,13,24,0.5416666666666666
3124500,NorthEast,El_Nino,Spring,Dam_Present,10,24,0.4166666666666667
3124500,NorthEast,El_Nino,Summer,Dam_Present,10,24,0.4166666666666667
3124500,NorthEast,El_Nino,Winter,Dam_Present,15,24,0.625
3124500,NorthEast,La_Nina,Fall,Dam_Present,5,15,0.3333333333333333
3124500,NorthEast,La_Nina,Spring,Dam_Present,5,15,0.3333333333333333
3124500,NorthEast,La_Nina,Summer,Dam_Present,4,15,0.26666666666666666
3124500,NorthEast,La_Nina,Winter,Dam_Present,6,15,0.4
3124500,NorthEast,Neutral,Fall,Dam_Present,1,5,0.2
3124500,NorthEast,Neutral,Spring,Dam_Present,2,5,0.4
3124500,NorthEast,Neutral,Summer,Dam_Present,3,5,0.6
3126000,EastHghlnds,El_Nino,Fall,Dam_Present,3,24,0.125
3126000,EastHghlnds,El_Nino,Spring,Dam_Present,4,24,0.16666666666666666
3126000,EastHghlnds,El_Nino,Summer,Dam_Present,1,24,0.041666666666666664
3126000,EastHghlnds,El_Nino,Winter,Dam_Present,2,24,0.08333333333333333
3126000,EastHghlnds,La_Nina,Fall,Dam_Present,4,15,0.26666666666666666
3126000,EastHghlnds,La_Nina,Spring,Dam_Present,3,15,0.2
3126000,EastHghlnds,La_Nina,Summer,Dam_Present,2,15,0.13333333333333333
3126000,EastHghlnds,La_Nina,Winter,Dam_Present,2,15,0.13333333333333333
3127000,EastHghlnds,El_Nino,Fall,Dam_Present,2,24,0.08333333333333333
3127000,EastHghlnds,El_Nino,Spring,Dam_Present,5,24,0.20833333333333334
3127000,EastHghlnds,El_Nino,Summer,Dam_Present,1,24,0.041666666666666664
3127000,EastHghlnds,La_Nina,Fall,Dam_Present,1,15,0.06666666666666667
3127000,EastHghlnds,La_Nina,Spring,Dam_Present,3,15,0.2
3127000,EastHghlnds,La_Nina,Summer,Dam_Present,1,15,0.06666666666666667
3127000,EastHghlnds,La_Nina,Winter,Dam_Present,2,15,0.13333333333333333
3128500,EastHghlnds,El_Nino,Spring,Dam_Present,2,24,0.08333333333333333
3128500,EastHghlnds,El_Nino,Summer,Dam_Present,1,24,0.041666666666666664
3128500,EastHghlnds,El_Nino,Winter,Dam_Present,1,24,0.041666666666666664
3128500,EastHghlnds,La_Nina,Summer,Dam_Present,3,15,0.2
3128500,EastHghlnds,La_Nina,Winter,Dam_Present,2,15,0.13333333333333333
3129000,EastHghlnds,El_Nino,Fall,Dam_Absent,7,24,0.2916666666666667
3129000,EastHghlnds,El_Nino,Spring,Dam_Absent,11,24,0.4583333333333333
3129000,EastHghlnds,El_Nino,Summer,Dam_Absent,8,24,0.3333333333333333
3129000,EastHghlnds,El_Nino,Winter,Dam_Absent,9,24,0.375
3129000,EastHghlnds,La_Nina,Fall,Dam_Absent,7,15,0.4666666666666667
3129000,EastHghlnds,La_Nina,Spring,Dam_Absent,6,15,0.4
3129000,EastHghlnds,La_Nina,Summer,Dam_Absent,8,15,0.5333333333333333
3129000,EastHghlnds,La_Nina,Winter,Dam_Absent,5,15,0.3333333333333333
3129000,EastHghlnds,Neutral,Fall,Dam_Absent,1,5,0.2
3129000,EastHghlnds,Neutral,Spring,Dam_Absent,3,5,0.6
3129000,EastHghlnds,Neutral,Summer,Dam_Absent,2,5,0.4
3140500,NorthEast,El_Nino,Fall,Dam_Absent,8,24,0.3333333333333333
3140500,NorthEast,El_Nino,Spring,Dam_Absent,11,24,0.4583333333333333
3140500,NorthEast,El_Nino,Summer,Dam_Absent,6,24,0.25
3140500,NorthEast,El_Nino,Winter,Dam_Absent,13,24,0.5416666666666666
3140500,NorthEast,La_Nina,Fall,Dam_Absent,5,15,0.3333333333333333
3140500,NorthEast,La_Nina,Spring,Dam_Absent,6,15,0.4
3140500,NorthEast,La_Nina,Summer,Dam_Absent,8,15,0.5333333333333333
3140500,NorthEast,La_Nina,Winter,Dam_Absent,4,15,0.26666666666666666
3140500,NorthEast,Neutral,Fall,Dam_Absent,1,5,0.2
3140500,NorthEast,Neutral,Spring,Dam_Absent,3,5,0.6
3140500,NorthEast,Neutral,Summer,Dam_Absent,1,5,0.2
3140500,NorthEast,Neutral,Winter,Dam_Absent,1,5,0.2
3141500,EastHghlnds,El_Nino,Fall,Dam_Present,1,24,0.041666666666666664
3141500,EastHghlnds,El_Nino,Spring,Dam_Present,3,24,0.125
3141500,EastHghlnds,El_Nino,Summer,Dam_Present,3,24,0.125
3141500,EastHghlnds,El_Nino,Winter,Dam_Present,1,24,0.041666666666666664
3141500,EastHghlnds,La_Nina,Fall,Dam_Present,2,15,0.13333333333333333
3141500,EastHghlnds,La_Nina,Spring,Dam_Present,1,15,0.06666666666666667
3141500,EastHghlnds,La_Nina,Summer,Dam_Present,1,15,0.06666666666666667
3141500,EastHghlnds,La_Nina,Winter,Dam_Present,1,15,0.06666666666666667
3142000,EastHghlnds,El_Nino,Fall,Dam_Absent,7,24,0.2916666666666667
3142000,EastHghlnds,El_Nino,Spring,Dam_Absent,11,24,0.4583333333333333
3142000,EastHghlnds,El_Nino,Summer,Dam_Absent,10,24,0.4166666666666667
3142000,EastHghlnds,El_Nino,Winter,Dam_Absent,10,24,0.4166666666666667
3142000,EastHghlnds,La_Nina,Fall,Dam_Absent,5,15,0.3333333333333333
3142000,EastHghlnds,La_Nina,Spring,Dam_Absent,2,15,0.13333333333333333
3142000,EastHghlnds,La_Nina,Summer,Dam_Absent,5,15,0.3333333333333333
3142000,EastHghlnds,La_Nina,Winter,Dam_Absent,4,15,0.26666666666666666
3142000,EastHghlnds,Neutral,Fall,Dam_Absent,1,5,0.2
3142000,EastHghlnds,Neutral,Spring,Dam_Absent,3,5,0.6
3142000,EastHghlnds,Neutral,Summer,Dam_Absent,3,5,0.6
3144500,EastHghlnds,El_Nino,Fall,Dam_Present,3,24,0.125
3144500,EastHghlnds,El_Nino,Spring,Dam_Present,3,24,0.125
3144500,EastHghlnds,El_Nino,Summer,Dam_Present,2,24,0.08333333333333333
3144500,EastHghlnds,El_Nino,Winter,Dam_Present,3,24,0.125
3144500,EastHghlnds,La_Nina,Fall,Dam_Present,3,15,0.2
3144500,EastHghlnds,La_Nina,Spring,Dam_Present,1,15,0.06666666666666667
3144500,EastHghlnds,La_Nina,Summer,Dam_Present,4,15,0.26666666666666666
3144500,EastHghlnds,La_Nina,Winter,Dam_Present,2,15,0.13333333333333333
3144500,EastHghlnds,Neutral,Spring,Dam_Present,3,5,0.6
3146500,NorthEast,El_Nino,Fall,Dam_Absent,9,24,0.375
3146500,NorthEast,El_Nino,Spring,Dam_Absent,13,24,0.5416666666666666
3146500,NorthEast,El_Nino,Summer,Dam_Absent,9,24,0.375
3146500,NorthEast,El_Nino,Winter,Dam_Absent,3,24,0.125
3146500,NorthEast,La_Nina,Fall,Dam_Absent,7,15,0.4666666666666667
3146500,NorthEast,La_Nina,Spring,Dam_Absent,2,15,0.13333333333333333
3146500,NorthEast,La_Nina,Summer,Dam_Absent,6,15,0.4
3146500,NorthEast,La_Nina,Winter,Dam_Absent,5,15,0.3333333333333333
3146500,NorthEast,Neutral,Fall,Dam_Absent,2,5,0.4
3146500,NorthEast,Neutral,Spring,Dam_Absent,3,5,0.6
3146500,NorthEast,Neutral,Summer,Dam_Absent,1,5,0.2
3146500,NorthEast,Neutral,Winter,Dam_Absent,1,5,0.2
3150000,EastHghlnds,El_Nino,Fall,Dam_Absent,7,24,0.2916666666666667
3150000,EastHghlnds,El_Nino,Spring,Dam_Absent,8,24,0.3333333333333333
3150000,EastHghlnds,El_Nino,Summer,Dam_Absent,8,24,0.3333333333333333
3150000,EastHghlnds,El_Nino,Winter,Dam_Absent,6,24,0.25
3150000,EastHghlnds,La_Nina,Fall,Dam_Absent,4,15,0.26666666666666666
3150000,EastHghlnds,La_Nina,Spring,Dam_Absent,1,15,0.06666666666666667
3150000,EastHghlnds,La_Nina,Summer,Dam_Absent,3,15,0.2
3150000,EastHghlnds,La_Nina,Winter,Dam_Absent,3,15,0.2
3150000,EastHghlnds,Neutral,Spring,Dam_Absent,3,5,0.6
3152000,EastHghlnds,El_Nino,Fall,Dam_Absent,1,24,0.041666666666666664
3152000,EastHghlnds,El_Nino,Spring,Dam_Absent,2,24,0.08333333333333333
3152000,EastHghlnds,La_Nina,Fall,Dam_Absent,1,15,0.06666666666666667
3152000,EastHghlnds,La_Nina,Spring,Dam_Absent,2,15,0.13333333333333333
3152000,EastHghlnds,La_Nina,Winter,Dam_Absent,1,15,0.06666666666666667
3155000,EastHghlnds,El_Nino,Fall,Dam_Absent,4,24,0.16666666666666666
3155000,EastHghlnds,El_Nino,Spring,Dam_Absent,12,24,0.5
3155000,EastHghlnds,El_Nino,Summer,Dam_Absent,7,24,0.2916666666666667
3155000,EastHghlnds,El_Nino,Winter,Dam_Absent,4,24,0.16666666666666666
3155000,EastHghlnds,La_Nina,Fall,Dam_Absent,8,15,0.5333333333333333
3155000,EastHghlnds,La_Nina,Spring,Dam_Absent,7,15,0.4666666666666667
3155000,EastHghlnds,La_Nina,Summer,Dam_Absent,3,15,0.2
3155000,EastHghlnds,La_Nina,Winter,Dam_Absent,3,15,0.2
3155000,EastHghlnds,Neutral,Fall,Dam_Absent,1,5,0.2
3155000,EastHghlnds,Neutral,Spring,Dam_Absent,2,5,0.4
3155000,EastHghlnds,Neutral,Summer,Dam_Absent,1,5,0.2
3157000,CntlPlains,El_Nino,Fall,Dam_Present,10,24,0.4166666666666667
3157000,CntlPlains,El_Nino,Spring,Dam_Present,9,24,0.375
3157000,CntlPlains,El_Nino,Summer,Dam_Present,10,24,0.4166666666666667
3157000,CntlPlains,El_Nino,Winter,Dam_Present,11,24,0.4583333333333333
3157000,CntlPlains,La_Nina,Fall,Dam_Present,7,15,0.4666666666666667
3157000,CntlPlains,La_Nina,Spring,Dam_Present,6,15,0.4
3157000,CntlPlains,La_Nina,Summer,Dam_Present,5,15,0.3333333333333333
3157000,CntlPlains,La_Nina,Winter,Dam_Present,7,15,0.4666666666666667
3157000,CntlPlains,Neutral,Fall,Dam_Present,1,5,0.2
3157000,CntlPlains,Neutral,Spring,Dam_Present,3,5,0.6
3157000,CntlPlains,Neutral,Summer,Dam_Present,1,5,0.2
3157500,CntlPlains,El_Nino,Fall,Dam_Present,6,24,0.25
3157500,CntlPlains,El_Nino,Spring,Dam_Present,12,24,0.5
3157500,CntlPlains,El_Nino,Summer,Dam_Present,6,24,0.25
3157500,CntlPlains,El_Nino,Winter,Dam_Present,9,24,0.375
3157500,CntlPlains,La_Nina,Fall,Dam_Present,6,15,0.4
3157500,CntlPlains,La_Nina,Spring,Dam_Present,5,15,0.3333333333333333
3157500,CntlPlains,La_Nina,Summer,Dam_Present,5,15,0.3333333333333333
3157500,CntlPlains,La_Nina,Winter,Dam_Present,8,15,0.5333333333333333
3157500,CntlPlains,Neutral,Fall,Dam_Present,2,5,0.4
3157500,CntlPlains,Neutral,Spring,Dam_Present,4,5,0.8
3157500,CntlPlains,Neutral,Summer,Dam_Present,1,5,0.2
3159246,EastHghlnds,El_Nino,Fall,Dam_Present,4,24,0.16666666666666666
3159246,EastHghlnds,El_Nino,Spring,Dam_Present,5,24,0.20833333333333334
3159246,EastHghlnds,El_Nino,Summer,Dam_Present,2,24,0.08333333333333333
3159246,EastHghlnds,El_Nino,Winter,Dam_Present,4,24,0.16666666666666666
3159246,EastHghlnds,La_Nina,Fall,Dam_Present,2,15,0.13333333333333333
3159246,EastHghlnds,Neutral,Fall,Dam_Present,1,5,0.2
3159246,EastHghlnds,Neutral,Spring,Dam_Present,1,5,0.2
3159500,EastHghlnds,El_Nino,Fall,Dam_Present,7,24,0.2916666666666667
3159500,EastHghlnds,El_Nino,Spring,Dam_Present,12,24,0.5
3159500,EastHghlnds,El_Nino,Summer,Dam_Present,8,24,0.3333333333333333
3159500,EastHghlnds,El_Nino,Winter,Dam_Present,7,24,0.2916666666666667
3159500,EastHghlnds,La_Nina,Fall,Dam_Present,7,15,0.4666666666666667
3159500,EastHghlnds,La_Nina,Spring,Dam_Present,6,15,0.4
3159500,EastHghlnds,La_Nina,Summer,Dam_Present,3,15,0.2
3159500,EastHghlnds,La_Nina,Winter,Dam_Present,6,15,0.4
3159500,EastHghlnds,Neutral,Fall,Dam_Present,1,5,0.2
3159500,EastHghlnds,Neutral,Spring,Dam_Present,5,5,1.0
3159500,EastHghlnds,Neutral,Summer,Dam_Present,1,5,0.2
3161000,EastHghlnds,El_Nino,Fall,Dam_Present,9,24,0.375
3161000,EastHghlnds,El_Nino,Spring,Dam_Present,5,24,0.20833333333333334
3161000,EastHghlnds,El_Nino,Summer,Dam_Present,6,24,0.25
3161000,EastHghlnds,El_Nino,Winter,Dam_Present,5,24,0.20833333333333334
3161000,EastHghlnds,La_Nina,Fall,Dam_Present,7,15,0.4666666666666667
3161000,EastHghlnds,La_Nina,Spring,Dam_Present,8,15,0.5333333333333333
3161000,EastHghlnds,La_Nina,Summer,Dam_Present,9,15,0.6
3161000,EastHghlnds,La_Nina,Winter,Dam_Present,13,15,0.8666666666666667
3161000,EastHghlnds,Neutral,Fall,Dam_Present,3,5,0.6
3164000,EastHghlnds,El_Nino,Fall,Dam_Absent,12,24,0.5
3164000,EastHghlnds,El_Nino,Spring,Dam_Absent,6,24,0.25
3164000,EastHghlnds,El_Nino,Summer,Dam_Absent,6,24,0.25
3164000,EastHghlnds,El_Nino,Winter,Dam_Absent,6,24,0.25
3164000,EastHghlnds,La_Nina,Fall,Dam_Absent,7,15,0.4666666666666667
3164000,EastHghlnds,La_Nina,Spring,Dam_Absent,7,15,0.4666666666666667
3164000,EastHghlnds,La_Nina,Summer,Dam_Absent,4,15,0.26666666666666666
3164000,EastHghlnds,La_Nina,Winter,Dam_Absent,14,15,0.9333333333333333
3164000,EastHghlnds,Neutral,Fall,Dam_Absent,1,5,0.2
3165500,EastHghlnds,El_Nino,Fall,Dam_Present,11,24,0.4583333333333333
3165500,EastHghlnds,El_Nino,Spring,Dam_Present,5,24,0.20833333333333334
3165500,EastHghlnds,El_Nino,Summer,Dam_Present,8,24,0.3333333333333333
3165500,EastHghlnds,El_Nino,Winter,Dam_Present,6,24,0.25
3165500,EastHghlnds,La_Nina,Fall,Dam_Present,6,15,0.4
3165500,EastHghlnds,La_Nina,Spring,Dam_Present,6,15,0.4
3165500,EastHghlnds,La_Nina,Summer,Dam_Present,2,15,0.13333333333333333
3165500,EastHghlnds,La_Nina,Winter,Dam_Present,14,15,0.9333333333333333
3165500,EastHghlnds,Neutral,Fall,Dam_Present,1,5,0.2
3168000,EastHghlnds,El_Nino,Fall,Dam_Absent,12,24,0.5
3168000,EastHghlnds,El_Nino,Spring,Dam_Absent,8,24,0.3333333333333333
3168000,EastHghlnds,El_Nino,Summer,Dam_Absent,8,24,0.3333333333333333
3168000,EastHghlnds,El_Nino,Winter,Dam_Absent,8,24,0.3333333333333333
3168000,EastHghlnds,La_Nina,Fall,Dam_Absent,8,15,0.5333333333333333
3168000,EastHghlnds,La_Nina,Spring,Dam_Absent,6,15,0.4
3168000,EastHghlnds,La_Nina,Summer,Dam_Absent,3,15,0.2
3168000,EastHghlnds,La_Nina,Winter,Dam_Absent,13,15,0.8666666666666667
3168000,EastHghlnds,Neutral,Fall,Dam_Absent,1,5,0.2
3171000,EastHghlnds,El_Nino,Fall,Dam_Present,8,24,0.3333333333333333
3171000,EastHghlnds,El_Nino,Spring,Dam_Present,7,24,0.2916666666666667
3171000,EastHghlnds,El_Nino,Summer,Dam_Present,4,24,0.16666666666666666
3171000,EastHghlnds,El_Nino,Winter,Dam_Present,6,24,0.25
3171000,EastHghlnds,La_Nina,Fall,Dam_Present,6,15,0.4
3171000,EastHghlnds,La_Nina,Spring,Dam_Present,8,15,0.5333333333333333
3171000,EastHghlnds,La_Nina,Summer,Dam_Present,2,15,0.13333333333333333
3171000,EastHghlnds,La_Nina,Winter,Dam_Present,13,15,0.8666666666666667
3171000,EastHghlnds,Neutral,Fall,Dam_Present,1,5,0.2
3173000,EastHghlnds,El_Nino,Fall,Dam_Absent,8,24,0.3333333333333333
3173000,EastHghlnds,El_Nino,Spring,Dam_Absent,9,24,0.375
3173000,EastHghlnds,El_Nino,Summer,Dam_Absent,8,24,0.3333333333333333
3173000,EastHghlnds,El_Nino,Winter,Dam_Absent,6,24,0.25
3173000,EastHghlnds,La_Nina,Fall,Dam_Absent,10,15,0.6666666666666666
3173000,EastHghlnds,La_Nina,Spring,Dam_Absent,7,15,0.4666666666666667
3173000,EastHghlnds,La_Nina,Summer,Dam_Absent,8,15,0.5333333333333333
3173000,EastHghlnds,La_Nina,Winter,Dam_Absent,10,15,0.6666666666666666
3173000,EastHghlnds,Neutral,Summer,Dam_Absent,1,5,0.2
3173000,EastHghlnds,Neutral,Winter,Dam_Absent,1,5,0.2
3176500,EastHghlnds,El_Nino,Fall,Dam_Absent,10,24,0.4166666666666667
3176500,EastHghlnds,El_Nino,Spring,Dam_Absent,7,24,0.2916666666666667
3176500,EastHghlnds,El_Nino,Summer,Dam_Absent,9,24,0.375
3176500,EastHghlnds,El_Nino,Winter,Dam_Absent,7,24,0.2916666666666667
3176500,EastHghlnds,La_Nina,Fall,Dam_Absent,6,15,0.4
3176500,EastHghlnds,La_Nina,Spring,Dam_Absent,5,15,0.3333333333333333
3176500,EastHghlnds,La_Nina,Summer,Dam_Absent,5,15,0.3333333333333333
3176500,EastHghlnds,La_Nina,Winter,Dam_Absent,13,15,0.8666666666666667
3176500,EastHghlnds,Neutral,Fall,Dam_Absent,1,5,0.2
3179000,EastHghlnds,El_Nino,Fall,Dam_Absent,7,24,0.2916666666666667
3179000,EastHghlnds,El_Nino,Spring,Dam_Absent,6,24,0.25
3179000,EastHghlnds,El_Nino,Summer,Dam_Absent,6,24,0.25
3179000,EastHghlnds,El_Nino,Winter,Dam_Absent,4,24,0.16666666666666666
3179000,EastHghlnds,La_Nina,Fall,Dam_Absent,8,15,0.5333333333333333
3179000,EastHghlnds,La_Nina,Spring,Dam_Absent,5,15,0.3333333333333333
3179000,EastHghlnds,La_Nina,Summer,Dam_Absent,4,15,0.26666666666666666
3179000,EastHghlnds,La_Nina,Winter,Dam_Absent,10,15,0.6666666666666666
3182500,EastHghlnds,El_Nino,Fall,Dam_Present,8,24,0.3333333333333333
3182500,EastHghlnds,El_Nino,Spring,Dam_Present,9,24,0.375
3182500,EastHghlnds,El_Nino,Summer,Dam_Present,5,24,0.20833333333333334
3182500,EastHghlnds,El_Nino,Winter,Dam_Present,7,24,0.2916666666666667
3182500,EastHghlnds,La_Nina,Fall,Dam_Present,5,15,0.3333333333333333
3182500,EastHghlnds,La_Nina,Spring,Dam_Present,6,15,0.4
3182500,EastHghlnds,La_Nina,Summer,Dam_Present,6,15,0.4
3182500,EastHghlnds,La_Nina,Winter,Dam_Present,4,15,0.26666666666666666
3182500,EastHghlnds,Neutral,Fall,Dam_Present,1,5,0.2
3182500,EastHghlnds,Neutral,Spring,Dam_Present,1,5,0.2
3182500,EastHghlnds,Neutral,Summer,Dam_Present,1,5,0.2
3183500,EastHghlnds,El_Nino,Fall,Dam_Absent,7,24,0.2916666666666667
3183500,EastHghlnds,El_Nino,Spring,Dam_Absent,8,24,0.3333333333333333
3183500,EastHghlnds,El_Nino,Summer,Dam_Absent,5,24,0.20833333333333334
3183500,EastHghlnds,El_Nino,Winter,Dam_Absent,6,24,0.25
3183500,EastHghlnds,La_Nina,Fall,Dam_Absent,6,15,0.4
3183500,EastHghlnds,La_Nina,Spring,Dam_Absent,7,15,0.4666666666666667
3183500,EastHghlnds,La_Nina,Summer,Dam_Absent,4,15,0.26666666666666666
3183500,EastHghlnds,La_Nina,Winter,Dam_Absent,5,15,0.3333333333333333
3183500,EastHghlnds,Neutral,Fall,Dam_Absent,1,5,0.2
3183500,EastHghlnds,Neutral,Spring,Dam_Absent,1,5,0.2
3183500,EastHghlnds,Neutral,Summer,Dam_Absent,1,5,0.2
3183500,EastHghlnds,Neutral,Winter,Dam_Absent,1,5,0.2
3184000,EastHghlnds,El_Nino,Fall,Dam_Absent,7,24,0.2916666666666667
3184000,EastHghlnds,El_Nino,Spring,Dam_Absent,9,24,0.375
3184000,EastHghlnds,El_Nino,Summer,Dam_Absent,5,24,0.20833333333333334
3184000,EastHghlnds,El_Nino,Winter,Dam_Absent,6,24,0.25
3184000,EastHghlnds,La_Nina,Fall,Dam_Absent,6,15,0.4
3184000,EastHghlnds,La_Nina,Spring,Dam_Absent,7,15,0.4666666666666667
3184000,EastHghlnds,La_Nina,Summer,Dam_Absent,5,15,0.3333333333333333
3184000,EastHghlnds,La_Nina,Winter,Dam_Absent,5,15,0.3333333333333333
3184000,EastHghlnds,Neutral,Fall,Dam_Absent,1,5,0.2
3184000,EastHghlnds,Neutral,Spring,Dam_Absent,1,5,0.2
3184000,EastHghlnds,Neutral,Summer,Dam_Absent,1,5,0.2
3184000,EastHghlnds,Neutral,Winter,Dam_Absent,1,5,0.2
3184500,EastHghlnds,El_Nino,Spring,Dam_Present,1,24,0.041666666666666664
3184500,EastHghlnds,El_Nino,Summer,Dam_Present,1,24,0.041666666666666664
3184500,EastHghlnds,El_Nino,Winter,Dam_Present,1,24,0.041666666666666664
3184500,EastHghlnds,La_Nina,Fall,Dam_Present,2,15,0.13333333333333333
3184500,EastHghlnds,La_Nina,Spring,Dam_Present,3,15,0.2
3184500,EastHghlnds,La_Nina,Summer,Dam_Present,1,15,0.06666666666666667
3184500,EastHghlnds,La_Nina,Winter,Dam_Present,3,15,0.2
3185400,EastHghlnds,El_Nino,Fall,Dam_Absent,13,24,0.5416666666666666
3185400,EastHghlnds,El_Nino,Spring,Dam_Absent,9,24,0.375
3185400,EastHghlnds,El_Nino,Summer,Dam_Absent,7,24,0.2916666666666667
3185400,EastHghlnds,El_Nino,Winter,Dam_Absent,7,24,0.2916666666666667
3185400,EastHghlnds,La_Nina,Fall,Dam_Absent,6,15,0.4
3185400,EastHghlnds,La_Nina,Spring,Dam_Absent,6,15,0.4
3185400,EastHghlnds,La_Nina,Summer,Dam_Absent,8,15,0.5333333333333333
3185400,EastHghlnds,La_Nina,Winter,Dam_Absent,8,15,0.5333333333333333
3185400,EastHghlnds,Neutral,Fall,Dam_Absent,1,5,0.2
3189100,EastHghlnds,El_Nino,Fall,Dam_Absent,6,24,0.25
3189100,EastHghlnds,El_Nino,Spring,Dam_Absent,8,24,0.3333333333333333
3189100,EastHghlnds,El_Nino,Summer,Dam_Absent,2,24,0.08333333333333333
3189100,EastHghlnds,El_Nino,Winter,Dam_Absent,6,24,0.25
3189100,EastHghlnds,La_Nina,Fall,Dam_Absent,7,15,0.4666666666666667
3189100,EastHghlnds,La_Nina,Spring,Dam_Absent,5,15,0.3333333333333333
3189100,EastHghlnds,La_Nina,Summer,Dam_Absent,5,15,0.3333333333333333
3189100,EastHghlnds,La_Nina,Winter,Dam_Absent,3,15,0.2
3189100,EastHghlnds,Neutral,Spring,Dam_Absent,1,5,0.2
3189100,EastHghlnds,Neutral,Summer,Dam_Absent,1,5,0.2
3189600,EastHghlnds,El_Nino,Fall,Dam_Present,1,24,0.041666666666666664
3189600,EastHghlnds,El_Nino,Spring,Dam_Present,1,24,0.041666666666666664
3189600,EastHghlnds,El_Nino,Winter,Dam_Present,2,24,0.08333333333333333
3189600,EastHghlnds,La_Nina,Fall,Dam_Present,1,15,0.06666666666666667
3189600,EastHghlnds,La_Nina,Spring,Dam_Present,2,15,0.13333333333333333
3189600,EastHghlnds,La_Nina,Winter,Dam_Present,1,15,0.06666666666666667
3191500,EastHghlnds,El_Nino,Fall,Dam_Present,6,24,0.25
3191500,EastHghlnds,El_Nino,Spring,Dam_Present,10,24,0.4166666666666667
3191500,EastHghlnds,El_Nino,Summer,Dam_Present,4,24,0.16666666666666666
3191500,EastHghlnds,El_Nino,Winter,Dam_Present,4,24,0.16666666666666666
3191500,EastHghlnds,La_Nina,Fall,Dam_Present,5,15,0.3333333333333333
3191500,EastHghlnds,La_Nina,Spring,Dam_Present,4,15,0.26666666666666666
3191500,EastHghlnds,La_Nina,Summer,Dam_Present,5,15,0.3333333333333333
3191500,EastHghlnds,La_Nina,Winter,Dam_Present,2,15,0.13333333333333333
3191500,EastHghlnds,Neutral,Spring,Dam_Present,1,5,0.2
3191500,EastHghlnds,Neutral,Summer,Dam_Present,2,5,0.4
3192000,EastHghlnds,El_Nino,Fall,Dam_Absent,4,24,0.16666666666666666
3192000,EastHghlnds,El_Nino,Spring,Dam_Absent,9,24,0.375
3192000,EastHghlnds,El_Nino,Summer,Dam_Absent,4,24,0.16666666666666666
3192000,EastHghlnds,El_Nino,Winter,Dam_Absent,6,24,0.25
3192000,EastHghlnds,La_Nina,Fall,Dam_Absent,6,15,0.4
3192000,EastHghlnds,La_Nina,Spring,Dam_Absent,5,15,0.3333333333333333
3192000,EastHghlnds,La_Nina,Summer,Dam_Absent,3,15,0.2
3192000,EastHghlnds,La_Nina,Winter,Dam_Absent,3,15,0.2
3192000,EastHghlnds,Neutral,Spring,Dam_Absent,1,5,0.2
3192000,EastHghlnds,Neutral,Summer,Dam_Absent,1,5,0.2
3193000,EastHghlnds,El_Nino,Fall,Dam_Present,8,24,0.3333333333333333
3193000,EastHghlnds,El_Nino,Spring,Dam_Present,10,24,0.4166666666666667
3193000,EastHghlnds,El_Nino,Summer,Dam_Present,5,24,0.20833333333333334
3193000,EastHghlnds,El_Nino,Winter,Dam_Present,7,24,0.2916666666666667
3193000,EastHghlnds,La_Nina,Fall,Dam_Present,7,15,0.4666666666666667
3193000,EastHghlnds,La_Nina,Spring,Dam_Present,5,15,0.3333333333333333
3193000,EastHghlnds,La_Nina,Summer,Dam_Present,6,15,0.4
3193000,EastHghlnds,La_Nina,Winter,Dam_Present,6,15,0.4
3193000,EastHghlnds,Neutral,Summer,Dam_Present,1,5,0.2
3197000,EastHghlnds,El_Nino,Fall,Dam_Absent,4,24,0.16666666666666666
3197000,EastHghlnds,El_Nino,Spring,Dam_Absent,12,24,0.5
3197000,EastHghlnds,El_Nino,Summer,Dam_Absent,6,24,0.25
3197000,EastHghlnds,El_Nino,Winter,Dam_Absent,7,24,0.2916666666666667
3197000,EastHghlnds,La_Nina,Fall,Dam_Absent,9,15,0.6
3197000,EastHghlnds,La_Nina,Spring,Dam_Absent,6,15,0.4
3197000,EastHghlnds,La_Nina,Summer,Dam_Absent,4,15,0.26666666666666666
3197000,EastHghlnds,La_Nina,Winter,Dam_Absent,4,15,0.26666666666666666
3197000,EastHghlnds,Neutral,Fall,Dam_Absent,1,5,0.2
3197000,EastHghlnds,Neutral,Spring,Dam_Absent,1,5,0.2
3197000,EastHghlnds,Neutral,Summer,Dam_Absent,1,5,0.2
3198000,EastHghlnds,El_Nino,Fall,Dam_Present,2,24,0.08333333333333333
3198000,EastHghlnds,El_Nino,Spring,Dam_Present,4,24,0.16666666666666666
3198000,EastHghlnds,El_Nino,Summer,Dam_Present,1,24,0.041666666666666664
3198000,EastHghlnds,El_Nino,Winter,Dam_Present,1,24,0.041666666666666664
3198000,EastHghlnds,La_Nina,Fall,Dam_Present,3,15,0.2
3198000,EastHghlnds,La_Nina,Spring,Dam_Present,2,15,0.13333333333333333
3198000,EastHghlnds,La_Nina,Summer,Dam_Present,3,15,0.2
3198000,EastHghlnds,La_Nina,Winter,Dam_Present,1,15,0.06666666666666667
3198000,EastHghlnds,Neutral,Fall,Dam_Present,1,5,0.2
3198000,EastHghlnds,Neutral,Winter,Dam_Present,1,5,0.2
3198350,EastHghlnds,El_Nino,Fall,Dam_Absent,6,24,0.25
3198350,EastHghlnds,El_Nino,Spring,Dam_Absent,10,24,0.4166666666666667
3198350,EastHghlnds,El_Nino,Summer,Dam_Absent,7,24,0.2916666666666667
3198350,EastHghlnds,El_Nino,Winter,Dam_Absent,3,24,0.125
3198350,EastHghlnds,La_Nina,Fall,Dam_Absent,4,15,0.26666666666666666
3198350,EastHghlnds,La_Nina,Spring,Dam_Absent,5,15,0.3333333333333333
3198350,EastHghlnds,La_Nina,Summer,Dam_Absent,5,15,0.3333333333333333
3198350,EastHghlnds,La_Nina,Winter,Dam_Absent,6,15,0.4
3198350,EastHghlnds,Neutral,Spring,Dam_Absent,1,5,0.2
3198350,EastHghlnds,Neutral,Summer,Dam_Absent,1,5,0.2
3198500,EastHghlnds,El_Nino,Fall,Dam_Present,8,24,0.3333333333333333
3198500,EastHghlnds,El_Nino,Spring,Dam_Present,9,24,0.375
3198500,EastHghlnds,El_Nino,Summer,Dam_Present,5,24,0.20833333333333334
3198500,EastHghlnds,El_Nino,Winter,Dam_Present,5,24,0.20833333333333334
3198500,EastHghlnds,La_Nina,Fall,Dam_Present,5,15,0.3333333333333333
3198500,EastHghlnds,La_Nina,Spring,Dam_Present,7,15,0.4666666666666667
3198500,EastHghlnds,La_Nina,Summer,Dam_Present,4,15,0.26666666666666666
3198500,EastHghlnds,La_Nina,Winter,Dam_Present,4,15,0.26666666666666666
3198500,EastHghlnds,Neutral,Spring,Dam_Present,1,5,0.2
3198500,EastHghlnds,Neutral,Summer,Dam_Present,1,5,0.2
3199000,EastHghlnds,El_Nino,Fall,Dam_Present,1,24,0.041666666666666664
3199000,EastHghlnds,El_Nino,Spring,Dam_Present,3,24,0.125
3199000,EastHghlnds,El_Nino,Winter,Dam_Present,1,24,0.041666666666666664
3199000,EastHghlnds,La_Nina,Fall,Dam_Present,1,15,0.06666666666666667
3199000,EastHghlnds,La_Nina,Summer,Dam_Present,2,15,0.13333333333333333
3200500,EastHghlnds,El_Nino,Fall,Dam_Absent,6,24,0.25
3200500,EastHghlnds,El_Nino,Spring,Dam_Absent,9,24,0.375
3200500,EastHghlnds,El_Nino,Summer,Dam_Absent,7,24,0.2916666666666667
3200500,EastHghlnds,El_Nino,Winter,Dam_Absent,7,24,0.2916666666666667
3200500,EastHghlnds,La_Nina,Fall,Dam_Absent,5,15,0.3333333333333333
3200500,EastHghlnds,La_Nina,Spring,Dam_Absent,6,15,0.4
3200500,EastHghlnds,La_Nina,Summer,Dam_Absent,2,15,0.13333333333333333
3200500,EastHghlnds,La_Nina,Winter,Dam_Absent,5,15,0.3333333333333333
3200500,EastHghlnds,Neutral,Spring,Dam_Absent,1,5,0.2
3200500,EastHghlnds,Neutral,Summer,Dam_Absent,1,5,0.2
3201000,EastHghlnds,El_Nino,Fall,Dam_Present,1,24,0.041666666666666664
3201000,EastHghlnds,El_Nino,Spring,Dam_Present,3,24,0.125
3201000,EastHghlnds,La_Nina,Fall,Dam_Present,2,15,0.13333333333333333
3201000,EastHghlnds,La_Nina,Summer,Dam_Present,2,15,0.13333333333333333
3201980,EastHghlnds,El_Nino,Fall,Dam_Present,3,24,0.125
3201980,EastHghlnds,El_Nino,Spring,Dam_Present,4,24,0.16666666666666666
3201980,EastHghlnds,El_Nino,Summer,Dam_Present,7,24,0.2916666666666667
3201980,EastHghlnds,El_Nino,Winter,Dam_Present,5,24,0.20833333333333334
3201980,EastHghlnds,La_Nina,Fall,Dam_Present,6,15,0.4
3201980,EastHghlnds,La_Nina,Spring,Dam_Present,4,15,0.26666666666666666
3201980,EastHghlnds,La_Nina,Summer,Dam_Present,1,15,0.06666666666666667
3201980,EastHghlnds,La_Nina,Winter,Dam_Present,2,15,0.13333333333333333
3201980,EastHghlnds,Neutral,Spring,Dam_Present,2,5,0.4
3201980,EastHghlnds,Neutral,Summer,Dam_Present,2,5,0.4
3201980,EastHghlnds,Neutral,Winter,Dam_Present,1,5,0.2
3202000,EastHghlnds,El_Nino,Fall,Dam_Absent,10,24,0.4166666666666667
3202000,EastHghlnds,El_Nino,Spring,Dam_Absent,7,24,0.2916666666666667
3202000,EastHghlnds,El_Nino,Summer,Dam_Absent,5,24,0.20833333333333334
3202000,EastHghlnds,El_Nino,Winter,Dam_Absent,7,24,0.2916666666666667
3202000,EastHghlnds,La_Nina,Fall,Dam_Absent,6,15,0.4
3202000,EastHghlnds,La_Nina,Spring,Dam_Absent,6,15,0.4
3202000,EastHghlnds,La_Nina,Summer,Dam_Absent,4,15,0.26666666666666666
3202000,EastHghlnds,La_Nina,Winter,Dam_Absent,4,15,0.26666666666666666
3202000,EastHghlnds,Neutral,Fall,Dam_Absent,1,5,0.2
3202000,EastHghlnds,Neutral,Spring,Dam_Absent,3,5,0.6
3202000,EastHghlnds,Neutral,Summer,Dam_Absent,2,5,0.4
3202000,EastHghlnds,Neutral,Winter,Dam_Absent,1,5,0.2
3202400,EastHghlnds,El_Nino,Fall,Dam_Present,6,24,0.25
3202400,EastHghlnds,El_Nino,Spring,Dam_Present,10,24,0.4166666666666667
3202400,EastHghlnds,El_Nino,Summer,Dam_Present,6,24,0.25
3202400,EastHghlnds,El_Nino,Winter,Dam_Present,7,24,0.2916666666666667
3202400,EastHghlnds,La_Nina,Fall,Dam_Present,5,15,0.3333333333333333
3202400,EastHghlnds,La_Nina,Spring,Dam_Present,6,15,0.4
3202400,EastHghlnds,La_Nina,Summer,Dam_Present,5,15,0.3333333333333333
3202400,EastHghlnds,La_Nina,Winter,Dam_Present,8,15,0.5333333333333333
3202400,EastHghlnds,Neutral,Spring,Dam_Present,1,5,0.2
3202400,EastHghlnds,Neutral,Summer,Dam_Present,1,5,0.2
3203600,EastHghlnds,El_Nino,Fall,Dam_Absent,6,24,0.25
3203600,EastHghlnds,El_Nino,Spring,Dam_Absent,9,24,0.375
3203600,EastHghlnds,El_Nino,Summer,Dam_Absent,8,24,0.3333333333333333
3203600,EastHghlnds,El_Nino,Winter,Dam_Absent,7,24,0.2916666666666667
3203600,EastHghlnds,La_Nina,Fall,Dam_Absent,5,15,0.3333333333333333
3203600,EastHghlnds,La_Nina,Spring,Dam_Absent,7,15,0.4666666666666667
3203600,EastHghlnds,La_Nina,Summer,Dam_Absent,7,15,0.4666666666666667
3203600,EastHghlnds,La_Nina,Winter,Dam_Absent,7,15,0.4666666666666667
3203600,EastHghlnds,Neutral,Summer,Dam_Absent,1,5,0.2
3204500,EastHghlnds,El_Nino,Summer,Dam_Absent,1,24,0.041666666666666664
3204500,EastHghlnds,La_Nina,Fall,Dam_Absent,1,15,0.06666666666666667
3204500,EastHghlnds,La_Nina,Summer,Dam_Absent,1,15,0.06666666666666667
3205470,EastHghlnds,El_Nino,Fall,Dam_Present,3,24,0.125
3205470,EastHghlnds,El_Nino,Spring,Dam_Present,4,24,0.16666666666666666
3205470,EastHghlnds,El_Nino,Summer,Dam_Present,8,24,0.3333333333333333
3205470,EastHghlnds,El_Nino,Winter,Dam_Present,4,24,0.16666666666666666
3205470,EastHghlnds,La_Nina,Fall,Dam_Present,5,15,0.3333333333333333
3205470,EastHghlnds,La_Nina,Spring,Dam_Present,4,15,0.26666666666666666
3205470,EastHghlnds,La_Nina,Summer,Dam_Present,5,15,0.3333333333333333
3205470,EastHghlnds,La_Nina,Winter,Dam_Present,2,15,0.13333333333333333
3205470,EastHghlnds,Neutral,Fall,Dam_Present,2,5,0.4
3205470,EastHghlnds,Neutral,Spring,Dam_Present,3,5,0.6
3205470,EastHghlnds,Neutral,Summer,Dam_Present,1,5,0.2
3207800,EastHghlnds,El_Nino,Fall,Dam_Present,13,24,0.5416666666666666
3207800,EastHghlnds,El_Nino,Spring,Dam_Present,11,24,0.4583333333333333
3207800,EastHghlnds,El_Nino,Summer,Dam_Present,6,24,0.25
3207800,EastHghlnds,El_Nino,Winter,Dam_Present,12,24,0.5
3207800,EastHghlnds,La_Nina,Fall,Dam_Present,5,15,0.3333333333333333
3207800,EastHghlnds,La_Nina,Spring,Dam_Present,7,15,0.4666666666666667
3207800,EastHghlnds,La_Nina,Summer,Dam_Present,5,15,0.3333333333333333
3207800,EastHghlnds,La_Nina,Winter,Dam_Present,7,15,0.4666666666666667
3207800,EastHghlnds,Neutral,Summer,Dam_Present,1,5,0.2
3207800,EastHghlnds,Neutral,Winter,Dam_Present,1,5,0.2
3208950,EastHghlnds,El_Nino,Fall,Dam_Present,12,24,0.5
3208950,EastHghlnds,El_Nino,Spring,Dam_Present,10,24,0.4166666666666667
3208950,EastHghlnds,El_Nino,Summer,Dam_Present,9,24,0.375
3208950,EastHghlnds,El_Nino,Winter,Dam_Present,8,24,0.3333333333333333
3208950,EastHghlnds,La_Nina,Fall,Dam_Present,4,15,0.26666666666666666
3208950,EastHghlnds,La_Nina,Spring,Dam_Present,8,15,0.5333333333333333
3208950,EastHghlnds,La_Nina,Summer,Dam_Present,5,15,0.3333333333333333
3208950,EastHghlnds,La_Nina,Winter,Dam_Present,10,15,0.6666666666666666
3208950,EastHghlnds,Neutral,Summer,Dam_Present,1,5,0.2
3209000,EastHghlnds,El_Nino,Fall,Dam_Present,6,24,0.25
3209000,EastHghlnds,El_Nino,Spring,Dam_Present,7,24,0.2916666666666667
3209000,EastHghlnds,El_Nino,Summer,Dam_Present,10,24,0.4166666666666667
3209000,EastHghlnds,El_Nino,Winter,Dam_Present,7,24,0.2916666666666667
3209000,EastHghlnds,La_Nina,Fall,Dam_Present,2,15,0.13333333333333333
3209000,EastHghlnds,La_Nina,Spring,Dam_Present,7,15,0.4666666666666667
3209000,EastHghlnds,La_Nina,Summer,Dam_Present,3,15,0.2
3209000,EastHghlnds,La_Nina,Winter,Dam_Present,10,15,0.6666666666666666
3209000,EastHghlnds,Neutral,Fall,Dam_Present,1,5,0.2
3209000,EastHghlnds,Neutral,Summer,Dam_Present,1,5,0.2
3209000,EastHghlnds,Neutral,Winter,Dam_Present,2,5,0.4
3209200,EastHghlnds,El_Nino,Summer,Dam_Present,1,24,0.041666666666666664
3209200,EastHghlnds,La_Nina,Spring,Dam_Present,2,15,0.13333333333333333
3209200,EastHghlnds,La_Nina,Summer,Dam_Present,2,15,0.13333333333333333
3209500,EastHghlnds,El_Nino,Fall,Dam_Present,2,24,0.08333333333333333
3209500,EastHghlnds,El_Nino,Spring,Dam_Present,1,24,0.041666666666666664
3209500,EastHghlnds,El_Nino,Summer,Dam_Present,2,24,0.08333333333333333
3209500,EastHghlnds,El_Nino,Winter,Dam_Present,1,24,0.041666666666666664
3209500,EastHghlnds,La_Nina,Fall,Dam_Present,1,15,0.06666666666666667
3209500,EastHghlnds,La_Nina,Spring,Dam_Present,1,15,0.06666666666666667
3209500,EastHghlnds,La_Nina,Winter,Dam_Present,2,15,0.13333333333333333
3212500,EastHghlnds,El_Nino,Fall,Dam_Present,2,24,0.08333333333333333
3212500,EastHghlnds,El_Nino,Spring,Dam_Present,3,24,0.125
3212500,EastHghlnds,El_Nino,Summer,Dam_Present,1,24,0.041666666666666664
3212500,EastHghlnds,El_Nino,Winter,Dam_Present,2,24,0.08333333333333333
3212500,EastHghlnds,La_Nina,Fall,Dam_Present,1,15,0.06666666666666667
3212500,EastHghlnds,La_Nina,Spring,Dam_Present,2,15,0.13333333333333333
3212500,EastHghlnds,La_Nina,Summer,Dam_Present,3,15,0.2
3212500,EastHghlnds,La_Nina,Winter,Dam_Present,2,15,0.13333333333333333
3212750,EastHghlnds,El_Nino,Fall,Dam_Present,6,24,0.25
3212750,EastHghlnds,El_Nino,Spring,Dam_Present,4,24,0.16666666666666666
3212750,EastHghlnds,El_Nino,Summer,Dam_Present,5,24,0.20833333333333334
3212750,EastHghlnds,El_Nino,Winter,Dam_Present,5,24,0.20833333333333334
3212750,EastHghlnds,La_Nina,Fall,Dam_Present,3,15,0.2
3212750,EastHghlnds,La_Nina,Spring,Dam_Present,8,15,0.5333333333333333
3212750,EastHghlnds,La_Nina,Summer,Dam_Present,5,15,0.3333333333333333
3212750,EastHghlnds,La_Nina,Winter,Dam_Present,10,15,0.6666666666666666
3212750,EastHghlnds,Neutral,Summer,Dam_Present,1,5,0.2
3212980,EastHghlnds,El_Nino,Fall,Dam_Absent,9,24,0.375
3212980,EastHghlnds,El_Nino,Spring,Dam_Absent,6,24,0.25
3212980,EastHghlnds,El_Nino,Summer,Dam_Absent,4,24,0.16666666666666666
3212980,EastHghlnds,El_Nino,Winter,Dam_Absent,7,24,0.2916666666666667
3212980,EastHghlnds,La_Nina,Fall,Dam_Absent,6,15,0.4
3212980,EastHghlnds,La_Nina,Spring,Dam_Absent,6,15,0.4
3212980,EastHghlnds,La_Nina,Summer,Dam_Absent,6,15,0.4
3212980,EastHghlnds,La_Nina,Winter,Dam_Absent,8,15,0.5333333333333333
3212980,EastHghlnds,Neutral,Summer,Dam_Absent,1,5,0.2
3214500,EastHghlnds,El_Nino,Fall,Dam_Present,6,24,0.25
3214500,EastHghlnds,El_Nino,Spring,Dam_Present,9,24,0.375
3214500,EastHghlnds,El_Nino,Summer,Dam_Present,4,24,0.16666666666666666
3214500,EastHghlnds,El_Nino,Winter,Dam_Present,7,24,0.2916666666666667
3214500,EastHghlnds,La_Nina,Fall,Dam_Present,5,15,0.3333333333333333
3214500,EastHghlnds,La_Nina,Spring,Dam_Present,7,15,0.4666666666666667
3214500,EastHghlnds,La_Nina,Summer,Dam_Present,6,15,0.4
3214500,EastHghlnds,La_Nina,Winter,Dam_Present,6,15,0.4
3214500,EastHghlnds,Neutral,Summer,Dam_Present,1,5,0.2
3221000,CntlPlains,El_Nino,Fall,Dam_Present,8,24,0.3333333333333333
3221000,CntlPlains,El_Nino,Spring,Dam_Present,14,24,0.5833333333333334
3221000,CntlPlains,El_Nino,Summer,Dam_Present,10,24,0.4166666666666667
3221000,CntlPlains,El_Nino,Winter,Dam_Present,8,24,0.3333333333333333
3221000,CntlPlains,La_Nina,Fall,Dam_Present,3,15,0.2
3221000,CntlPlains,La_Nina,Spring,Dam_Present,1,15,0.06666666666666667
3221000,CntlPlains,La_Nina,Summer,Dam_Present,1,15,0.06666666666666667
3221000,CntlPlains,La_Nina,Winter,Dam_Present,2,15,0.13333333333333333
3221000,CntlPlains,Neutral,Fall,Dam_Present,3,5,0.6
3221000,CntlPlains,Neutral,Spring,Dam_Present,3,5,0.6
3223425,NorthEast,El_Nino,Fall,Dam_Present,6,24,0.25
3223425,NorthEast,El_Nino,Spring,Dam_Present,6,24,0.25
3223425,NorthEast,El_Nino,Summer,Dam_Present,7,24,0.2916666666666667
3223425,NorthEast,El_Nino,Winter,Dam_Present,4,24,0.16666666666666666
3223425,NorthEast,La_Nina,Fall,Dam_Present,4,15,0.26666666666666666
3223425,NorthEast,La_Nina,Spring,Dam_Present,3,15,0.2
3223425,NorthEast,La_Nina,Summer,Dam_Present,4,15,0.26666666666666666
3223425,NorthEast,La_Nina,Winter,Dam_Present,3,15,0.2
3223425,NorthEast,Neutral,Spring,Dam_Present,3,5,0.6
3223425,NorthEast,Neutral,Summer,Dam_Present,3,5,0.6
3225500,CntlPlains,El_Nino,Fall,Dam_Present,4,24,0.16666666666666666
3225500,CntlPlains,El_Nino,Spring,Dam_Present,3,24,0.125
3225500,CntlPlains,El_Nino,Summer,Dam_Present,9,24,0.375
3225500,CntlPlains,El_Nino,Winter,Dam_Present,8,24,0.3333333333333333
3225500,CntlPlains,La_Nina,Fall,Dam_Present,6,15,0.4
3225500,CntlPlains,La_Nina,Spring,Dam_Present,3,15,0.2
3225500,CntlPlains,La_Nina,Summer,Dam_Present,3,15,0.2
3225500,CntlPlains,La_Nina,Winter,Dam_Present,6,15,0.4
3225500,CntlPlains,Neutral,Spring,Dam_Present,2,5,0.4
3225500,CntlPlains,Neutral,Summer,Dam_Present,2,5,0.4
3226800,CntlPlains,El_Nino,Fall,Dam_Present,6,24,0.25
3226800,CntlPlains,El_Nino,Spring,Dam_Present,2,24,0.08333333333333333
3226800,CntlPlains,El_Nino,Summer,Dam_Present,6,24,0.25
3226800,CntlPlains,El_Nino,Winter,Dam_Present,4,24,0.16666666666666666
3226800,CntlPlains,La_Nina,Fall,Dam_Present,6,15,0.4
3226800,CntlPlains,La_Nina,Spring,Dam_Present,3,15,0.2
3226800,CntlPlains,La_Nina,Summer,Dam_Present,3,15,0.2
3226800,CntlPlains,La_Nina,Winter,Dam_Present,7,15,0.4666666666666667
3226800,CntlPlains,Neutral,Spring,Dam_Present,3,5,0.6
3226800,CntlPlains,Neutral,Summer,Dam_Present,1,5,0.2
3227500,CntlPlains,El_Nino,Fall,Dam_Present,7,24,0.2916666666666667
3227500,CntlPlains,El_Nino,Spring,Dam_Present,10,24,0.4166666666666667
3227500,CntlPlains,El_Nino,Summer,Dam_Present,5,24,0.20833333333333334
3227500,CntlPlains,El_Nino,Winter,Dam_Present,7,24,0.2916666666666667
3227500,CntlPlains,La_Nina,Fall,Dam_Present,8,15,0.5333333333333333
3227500,CntlPlains,La_Nina,Spring,Dam_Present,5,15,0.3333333333333333
3227500,CntlPlains,La_Nina,Summer,Dam_Present,7,15,0.4666666666666667
3227500,CntlPlains,La_Nina,Winter,Dam_Present,4,15,0.26666666666666666
3227500,CntlPlains,Neutral,Fall,Dam_Present,2,5,0.4
3227500,CntlPlains,Neutral,Spring,Dam_Present,3,5,0.6
3227500,CntlPlains,Neutral,Summer,Dam_Present,2,5,0.4
3227500,CntlPlains,Neutral,Winter,Dam_Present,1,5,0.2
3228500,CntlPlains,El_Nino,Fall,Dam_Present,3,24,0.125
3228500,CntlPlains,El_Nino,Spring,Dam_Present,9,24,0.375
3228500,CntlPlains,El_Nino,Summer,Dam_Present,12,24,0.5
3228500,CntlPlains,El_Nino,Winter,Dam_Present,15,24,0.625
3228500,CntlPlains,La_Nina,Fall,Dam_Present,7,15,0.4666666666666667
3228500,CntlPlains,La_Nina,Spring,Dam_Present,4,15,0.26666666666666666
3228500,CntlPlains,La_Nina,Summer,Dam_Present,1,15,0.06666666666666667
3228500,CntlPlains,La_Nina,Winter,Dam_Present,2,15,0.13333333333333333
3228500,CntlPlains,Neutral,Fall,Dam_Present,1,5,0.2
3228500,CntlPlains,Neutral,Spring,Dam_Present,1,5,0.2
3228500,CntlPlains,Neutral,Winter,Dam_Present,1,5,0.2
3228805,CntlPlains,El_Nino,Fall,Dam_Present,7,24,0.2916666666666667
3228805,CntlPlains,El_Nino,Spring,Dam_Present,11,24,0.4583333333333333
3228805,CntlPlains,El_Nino,Summer,Dam_Present,10,24,0.4166666666666667
3228805,CntlPlains,El_Nino,Winter,Dam_Present,7,24,0.2916666666666667
3228805,CntlPlains,La_Nina,Fall,Dam_Present,3,15,0.2
3228805,CntlPlains,La_Nina,Spring,Dam_Present,2,15,0.13333333333333333
3228805,CntlPlains,La_Nina,Summer,Dam_Present,7,15,0.4666666666666667
3228805,CntlPlains,La_Nina,Winter,Dam_Present,2,15,0.13333333333333333
3228805,CntlPlains,Neutral,Fall,Dam_Present,1,5,0.2
3228805,CntlPlains,Neutral,Spring,Dam_Present,3,5,0.6
3228805,CntlPlains,Neutral,Summer,Dam_Present,1,5,0.2
3228805,CntlPlains,Neutral,Winter,Dam_Present,1,5,0.2
3229000,CntlPlains,El_Nino,Fall,Dam_Absent,3,24,0.125
3229000,CntlPlains,El_Nino,Spring,Dam_Absent,2,24,0.08333333333333333
3229000,CntlPlains,El_Nino,Summer,Dam_Absent,3,24,0.125
3229000,CntlPlains,El_Nino,Winter,Dam_Absent,3,24,0.125
3229000,CntlPlains,Neutral,Summer,Dam_Absent,1,5,0.2
3229500,CntlPlains,El_Nino,Fall,Dam_Absent,7,24,0.2916666666666667
3229500,CntlPlains,El_Nino,Spring,Dam_Absent,9,24,0.375
3229500,CntlPlains,El_Nino,Summer,Dam_Absent,5,24,0.20833333333333334
3229500,CntlPlains,El_Nino,Winter,Dam_Absent,8,24,0.3333333333333333
3229500,CntlPlains,La_Nina,Fall,Dam_Absent,6,15,0.4
3229500,CntlPlains,La_Nina,Spring,Dam_Absent,2,15,0.13333333333333333
3229500,CntlPlains,La_Nina,Summer,Dam_Absent,2,15,0.13333333333333333
3229500,CntlPlains,La_Nina,Winter,Dam_Absent,6,15,0.4
3229500,CntlPlains,Neutral,Fall,Dam_Absent,1,5,0.2
3229500,CntlPlains,Neutral,Summer,Dam_Absent,1,5,0.2
3229500,CntlPlains,Neutral,Winter,Dam_Absent,1,5,0.2
3229610,CntlPlains,El_Nino,Fall,Dam_Absent,5,24,0.20833333333333334
3229610,CntlPlains,El_Nino,Spring,Dam_Absent,4,24,0.16666666666666666
3229610,CntlPlains,El_Nino,Summer,Dam_Absent,1,24,0.041666666666666664
3229610,CntlPlains,El_Nino,Winter,Dam_Absent,4,24,0.16666666666666666
3229610,CntlPlains,La_Nina,Fall,Dam_Absent,2,15,0.13333333333333333
3229610,CntlPlains,La_Nina,Summer,Dam_Absent,3,15,0.2
3229610,CntlPlains,La_Nina,Winter,Dam_Absent,2,15,0.13333333333333333
3229610,CntlPlains,Neutral,Spring,Dam_Absent,3,5,0.6
3229610,CntlPlains,Neutral,Summer,Dam_Absent,1,5,0.2
3230800,CntlPlains,El_Nino,Fall,Dam_Absent,10,24,0.4166666666666667
3230800,CntlPlains,El_Nino,Spring,Dam_Absent,8,24,0.3333333333333333
3230800,CntlPlains,El_Nino,Summer,Dam_Absent,6,24,0.25
3230800,CntlPlains,El_Nino,Winter,Dam_Absent,3,24,0.125
3230800,CntlPlains,La_Nina,Fall,Dam_Absent,3,15,0.2
3230800,CntlPlains,La_Nina,Spring,Dam_Absent,8,15,0.5333333333333333
3230800,CntlPlains,La_Nina,Summer,Dam_Absent,6,15,0.4
3230800,CntlPlains,La_Nina,Winter,Dam_Absent,5,15,0.3333333333333333
3230800,CntlPlains,Neutral,Fall,Dam_Absent,1,5,0.2
3230800,CntlPlains,Neutral,Spring,Dam_Absent,2,5,0.4
3230800,CntlPlains,Neutral,Summer,Dam_Absent,1,5,0.2
3230800,CntlPlains,Neutral,Winter,Dam_Absent,1,5,0.2
3230900,CntlPlains,El_Nino,Fall,Dam_Present,4,24,0.16666666666666666
3230900,CntlPlains,El_Nino,Spring,Dam_Present,4,24,0.16666666666666666
3230900,CntlPlains,El_Nino,Summer,Dam_Present,3,24,0.125
3230900,CntlPlains,El_Nino,Winter,Dam_Present,1,24,0.041666666666666664
3231500,CntlPlains,El_Nino,Fall,Dam_Absent,9,24,0.375
3231500,CntlPlains,El_Nino,Spring,Dam_Absent,9,24,0.375
3231500,CntlPlains,El_Nino,Summer,Dam_Absent,7,24,0.2916666666666667
3231500,CntlPlains,El_Nino,Winter,Dam_Absent,10,24,0.4166666666666667
3231500,CntlPlains,La_Nina,Fall,Dam_Absent,5,15,0.3333333333333333
3231500,CntlPlains,La_Nina,Spring,Dam_Absent,4,15,0.26666666666666666
3231500,CntlPlains,La_Nina,Summer,Dam_Absent,4,15,0.26666666666666666
3231500,CntlPlains,La_Nina,Winter,Dam_Absent,5,15,0.3333333333333333
3231500,CntlPlains,Neutral,Spring,Dam_Absent,3,5,0.6
3231500,CntlPlains,Neutral,Summer,Dam_Absent,1,5,0.2
3232500,CntlPlains,El_Nino,Fall,Dam_Present,7,24,0.2916666666666667
3232500,CntlPlains,El_Nino,Spring,Dam_Present,8,24,0.3333333333333333
3232500,CntlPlains,El_Nino,Summer,Dam_Present,10,24,0.4166666666666667
3232500,CntlPlains,El_Nino,Winter,Dam_Present,4,24,0.16666666666666666
3232500,CntlPlains,La_Nina,Fall,Dam_Present,4,15,0.26666666666666666
3232500,CntlPlains,La_Nina,Spring,Dam_Present,7,15,0.4666666666666667
3232500,CntlPlains,La_Nina,Summer,Dam_Present,3,15,0.2
3232500,CntlPlains,La_Nina,Winter,Dam_Present,5,15,0.3333333333333333
3232500,CntlPlains,Neutral,Fall,Dam_Present,2,5,0.4
3232500,CntlPlains,Neutral,Spring,Dam_Present,2,5,0.4
3232500,CntlPlains,Neutral,Summer,Dam_Present,2,5,0.4
3234000,CntlPlains,El_Nino,Fall,Dam_Absent,1,24,0.041666666666666664
3234000,CntlPlains,El_Nino,Spring,Dam_Absent,6,24,0.25
3234000,CntlPlains,El_Nino,Summer,Dam_Absent,5,24,0.20833333333333334
3234000,CntlPlains,El_Nino,Winter,Dam_Absent,5,24,0.20833333333333334
3234000,CntlPlains,La_Nina,Fall,Dam_Absent,3,15,0.2
3234000,CntlPlains,La_Nina,Spring,Dam_Absent,2,15,0.13333333333333333
3234000,CntlPlains,La_Nina,Summer,Dam_Absent,2,15,0.13333333333333333
3234000,CntlPlains,La_Nina,Winter,Dam_Absent,1,15,0.06666666666666667
3234000,CntlPlains,Neutral,Fall,Dam_Absent,2,5,0.4
3234000,CntlPlains,Neutral,Spring,Dam_Absent,3,5,0.6
3234000,CntlPlains,Neutral,Summer,Dam_Absent,2,5,0.4
3234000,CntlPlains,Neutral,Winter,Dam_Absent,1,5,0.2
3234300,CntlPlains,El_Nino,Fall,Dam_Absent,4,24,0.16666666666666666
3234300,CntlPlains,El_Nino,Spring,Dam_Absent,10,24,0.4166666666666667
3234300,CntlPlains,El_Nino,Summer,Dam_Absent,7,24,0.2916666666666667
3234300,CntlPlains,El_Nino,Winter,Dam_Absent,11,24,0.4583333333333333
3234300,CntlPlains,La_Nina,Fall,Dam_Absent,5,15,0.3333333333333333
3234300,CntlPlains,La_Nina,Spring,Dam_Absent,8,15,0.5333333333333333
3234300,CntlPlains,La_Nina,Summer,Dam_Absent,3,15,0.2
3234300,CntlPlains,La_Nina,Winter,Dam_Absent,3,15,0.2
3234300,CntlPlains,Neutral,Fall,Dam_Absent,3,5,0.6
3234300,CntlPlains,Neutral,Spring,Dam_Absent,2,5,0.4
3234300,CntlPlains,Neutral,Summer,Dam_Absent,2,5,0.4
3247500,CntlPlains,El_Nino,Fall,Dam_Present,8,24,0.3333333333333333
3247500,CntlPlains,El_Nino,Spring,Dam_Present,9,24,0.375
3247500,CntlPlains,El_Nino,Summer,Dam_Present,6,24,0.25
3247500,CntlPlains,El_Nino,Winter,Dam_Present,6,24,0.25
3247500,CntlPlains,La_Nina,Fall,Dam_Present,3,15,0.2
3247500,CntlPlains,La_Nina,Spring,Dam_Present,6,15,0.4
3247500,CntlPlains,La_Nina,Summer,Dam_Present,5,15,0.3333333333333333
3247500,CntlPlains,La_Nina,Winter,Dam_Present,5,15,0.3333333333333333
3247500,CntlPlains,Neutral,Spring,Dam_Present,1,5,0.2
3247500,CntlPlains,Neutral,Summer,Dam_Present,2,5,0.4
3259000,CntlPlains,El_Nino,Fall,Dam_Present,4,24,0.16666666666666666
3259000,CntlPlains,El_Nino,Spring,Dam_Present,4,24,0.16666666666666666
3259000,CntlPlains,El_Nino,Summer,Dam_Present,2,24,0.08333333333333333
3259000,CntlPlains,El_Nino,Winter,Dam_Present,5,24,0.20833333333333334
3259000,CntlPlains,La_Nina,Fall,Dam_Present,2,15,0.13333333333333333
3259000,CntlPlains,La_Nina,Spring,Dam_Present,2,15,0.13333333333333333
3259000,CntlPlains,La_Nina,Summer,Dam_Present,2,15,0.13333333333333333
3259000,CntlPlains,La_Nina,Winter,Dam_Present,2,15,0.13333333333333333
3259000,CntlPlains,Neutral,Summer,Dam_Present,1,5,0.2
3261500,CntlPlains,El_Nino,Fall,Dam_Absent,8,24,0.3333333333333333
3261500,CntlPlains,El_Nino,Spring,Dam_Absent,8,24,0.3333333333333333
3261500,CntlPlains,El_Nino,Summer,Dam_Absent,8,24,0.3333333333333333
3261500,CntlPlains,El_Nino,Winter,Dam_Absent,2,24,0.08333333333333333
3261500,CntlPlains,La_Nina,Fall,Dam_Absent,5,15,0.3333333333333333
3261500,CntlPlains,La_Nina,Spring,Dam_Absent,3,15,0.2
3261500,CntlPlains,La_Nina,Summer,Dam_Absent,4,15,0.26666666666666666
3261500,CntlPlains,La_Nina,Winter,Dam_Absent,5,15,0.3333333333333333
3261500,CntlPlains,Neutral,Spring,Dam_Absent,1,5,0.2
3261500,CntlPlains,Neutral,Summer,Dam_Absent,1,5,0.2
3261950,CntlPlains,El_Nino,Fall,Dam_Present,8,24,0.3333333333333333
3261950,CntlPlains,El_Nino,Spring,Dam_Present,6,24,0.25
3261950,CntlPlains,El_Nino,Summer,Dam_Present,5,24,0.20833333333333334
3261950,CntlPlains,El_Nino,Winter,Dam_Present,6,24,0.25
3261950,CntlPlains,La_Nina,Fall,Dam_Present,6,15,0.4
3261950,CntlPlains,La_Nina,Spring,Dam_Present,5,15,0.3333333333333333
3261950,CntlPlains,La_Nina,Summer,Dam_Present,2,15,0.13333333333333333
3261950,CntlPlains,La_Nina,Winter,Dam_Present,3,15,0.2
3261950,CntlPlains,Neutral,Fall,Dam_Present,1,5,0.2
3261950,CntlPlains,Neutral,Spring,Dam_Present,3,5,0.6
3261950,CntlPlains,Neutral,Summer,Dam_Present,3,5,0.6
3262000,CntlPlains,El_Nino,Fall,Dam_Present,11,24,0.4583333333333333
3262000,CntlPlains,El_Nino,Spring,Dam_Present,10,24,0.4166666666666667
3262000,CntlPlains,El_Nino,Summer,Dam_Present,7,24,0.2916666666666667
3262000,CntlPlains,El_Nino,Winter,Dam_Present,3,24,0.125
3262000,CntlPlains,La_Nina,Fall,Dam_Present,7,15,0.4666666666666667
3262000,CntlPlains,La_Nina,Spring,Dam_Present,6,15,0.4
3262000,CntlPlains,La_Nina,Summer,Dam_Present,5,15,0.3333333333333333
3262000,CntlPlains,La_Nina,Winter,Dam_Present,2,15,0.13333333333333333
3262000,CntlPlains,Neutral,Spring,Dam_Present,2,5,0.4
3262700,CntlPlains,El_Nino,Fall,Dam_Absent,10,24,0.4166666666666667
3262700,CntlPlains,El_Nino,Spring,Dam_Absent,12,24,0.5
3262700,CntlPlains,El_Nino,Summer,Dam_Absent,5,24,0.20833333333333334
3262700,CntlPlains,El_Nino,Winter,Dam_Absent,5,24,0.20833333333333334
3262700,CntlPlains,La_Nina,Fall,Dam_Absent,6,15,0.4
3262700,CntlPlains,La_Nina,Spring,Dam_Absent,6,15,0.4
3262700,CntlPlains,La_Nina,Summer,Dam_Absent,5,15,0.3333333333333333
3262700,CntlPlains,La_Nina,Winter,Dam_Absent,4,15,0.26666666666666666
3262700,CntlPlains,Neutral,Spring,Dam_Absent,1,5,0.2
3262700,CntlPlains,Neutral,Summer,Dam_Absent,1,5,0.2
3263000,CntlPlains,El_Nino,Fall,Dam_Absent,9,24,0.375
3263000,CntlPlains,El_Nino,Spring,Dam_Absent,11,24,0.4583333333333333
3263000,CntlPlains,El_Nino,Summer,Dam_Absent,7,24,0.2916666666666667
3263000,CntlPlains,El_Nino,Winter,Dam_Absent,5,24,0.20833333333333334
3263000,CntlPlains,La_Nina,Fall,Dam_Absent,5,15,0.3333333333333333
3263000,CntlPlains,La_Nina,Spring,Dam_Absent,4,15,0.26666666666666666
3263000,CntlPlains,La_Nina,Summer,Dam_Absent,5,15,0.3333333333333333
3263000,CntlPlains,La_Nina,Winter,Dam_Absent,3,15,0.2
3263000,CntlPlains,Neutral,Spring,Dam_Absent,2,5,0.4
3263000,CntlPlains,Neutral,Summer,Dam_Absent,1,5,0.2
3266000,CntlPlains,El_Nino,Fall,Dam_Present,12,24,0.5
3266000,CntlPlains,El_Nino,Spring,Dam_Present,12,24,0.5
3266000,CntlPlains,El_Nino,Summer,Dam_Present,10,24,0.4166666666666667
3266000,CntlPlains,El_Nino,Winter,Dam_Present,5,24,0.20833333333333334
3266000,CntlPlains,La_Nina,Fall,Dam_Present,5,15,0.3333333333333333
3266000,CntlPlains,La_Nina,Spring,Dam_Present,7,15,0.4666666666666667
3266000,CntlPlains,La_Nina,Summer,Dam_Present,6,15,0.4
3266000,CntlPlains,La_Nina,Winter,Dam_Present,2,15,0.13333333333333333
3266000,CntlPlains,Neutral,Spring,Dam_Present,2,5,0.4
3266000,CntlPlains,Neutral,Summer,Dam_Present,2,5,0.4
3269500,CntlPlains,El_Nino,Fall,Dam_Present,5,24,0.20833333333333334
3269500,CntlPlains,El_Nino,Spring,Dam_Present,12,24,0.5
3269500,CntlPlains,El_Nino,Summer,Dam_Present,7,24,0.2916666666666667
3269500,CntlPlains,El_Nino,Winter,Dam_Present,10,24,0.4166666666666667
3269500,CntlPlains,La_Nina,Fall,Dam_Present,3,15,0.2
3269500,CntlPlains,La_Nina,Spring,Dam_Present,3,15,0.2
3269500,CntlPlains,La_Nina,Summer,Dam_Present,5,15,0.3333333333333333
3269500,CntlPlains,La_Nina,Winter,Dam_Present,6,15,0.4
3269500,CntlPlains,Neutral,Spring,Dam_Present,1,5,0.2
3269500,CntlPlains,Neutral,Summer,Dam_Present,2,5,0.4
3270000,CntlPlains,El_Nino,Fall,Dam_Present,7,24,0.2916666666666667
3270000,CntlPlains,El_Nino,Spring,Dam_Present,9,24,0.375
3270000,CntlPlains,El_Nino,Summer,Dam_Present,8,24,0.3333333333333333
3270000,CntlPlains,El_Nino,Winter,Dam_Present,9,24,0.375
3270000,CntlPlains,La_Nina,Fall,Dam_Present,3,15,0.2
3270000,CntlPlains,La_Nina,Spring,Dam_Present,3,15,0.2
3270000,CntlPlains,La_Nina,Summer,Dam_Present,5,15,0.3333333333333333
3270000,CntlPlains,La_Nina,Winter,Dam_Present,6,15,0.4
3270000,CntlPlains,Neutral,Spring,Dam_Present,3,5,0.6
3270000,CntlPlains,Neutral,Summer,Dam_Present,2,5,0.4
3271500,CntlPlains,El_Nino,Fall,Dam_Absent,4,24,0.16666666666666666
3271500,CntlPlains,El_Nino,Spring,Dam_Absent,6,24,0.25
3271500,CntlPlains,El_Nino,Summer,Dam_Absent,4,24,0.16666666666666666
3271500,CntlPlains,El_Nino,Winter,Dam_Absent,1,24,0.041666666666666664
3271500,CntlPlains,La_Nina,Fall,Dam_Absent,3,15,0.2
3271500,CntlPlains,La_Nina,Spring,Dam_Absent,1,15,0.06666666666666667
3271500,CntlPlains,La_Nina,Summer,Dam_Absent,3,15,0.2
3271500,CntlPlains,La_Nina,Winter,Dam_Absent,3,15,0.2
3271601,CntlPlains,El_Nino,Fall,Dam_Absent,6,24,0.25
3271601,CntlPlains,El_Nino,Spring,Dam_Absent,7,24,0.2916666666666667
3271601,CntlPlains,El_Nino,Summer,Dam_Absent,9,24,0.375
3271601,CntlPlains,El_Nino,Winter,Dam_Absent,7,24,0.2916666666666667
3271601,CntlPlains,La_Nina,Fall,Dam_Absent,2,15,0.13333333333333333
3271601,CntlPlains,La_Nina,Spring,Dam_Absent,5,15,0.3333333333333333
3271601,CntlPlains,La_Nina,Summer,Dam_Absent,2,15,0.13333333333333333
3271601,CntlPlains,La_Nina,Winter,Dam_Absent,2,15,0.13333333333333333
3271601,CntlPlains,Neutral,Spring,Dam_Absent,2,5,0.4
3271601,CntlPlains,Neutral,Summer,Dam_Absent,2,5,0.4
3272000,CntlPlains,El_Nino,Fall,Dam_Present,8,24,0.3333333333333333
3272000,CntlPlains,El_Nino,Spring,Dam_Present,12,24,0.5
3272000,CntlPlains,El_Nino,Summer,Dam_Present,6,24,0.25
3272000,CntlPlains,El_Nino,Winter,Dam_Present,3,24,0.125
3272000,CntlPlains,La_Nina,Fall,Dam_Present,3,15,0.2
3272000,CntlPlains,La_Nina,Spring,Dam_Present,6,15,0.4
3272000,CntlPlains,La_Nina,Summer,Dam_Present,3,15,0.2
3272000,CntlPlains,La_Nina,Winter,Dam_Present,2,15,0.13333333333333333
3272000,CntlPlains,Neutral,Fall,Dam_Present,1,5,0.2
3272000,CntlPlains,Neutral,Spring,Dam_Present,2,5,0.4
3272000,CntlPlains,Neutral,Summer,Dam_Present,1,5,0.2
3272000,CntlPlains,Neutral,Winter,Dam_Present,1,5,0.2
3274000,CntlPlains,El_Nino,Fall,Dam_Absent,10,24,0.4166666666666667
3274000,CntlPlains,El_Nino,Spring,Dam_Absent,8,24,0.3333333333333333
3274000,CntlPlains,El_Nino,Summer,Dam_Absent,8,24,0.3333333333333333
3274000,CntlPlains,El_Nino,Winter,Dam_Absent,7,24,0.2916666666666667
3274000,CntlPlains,La_Nina,Fall,Dam_Absent,3,15,0.2
3274000,CntlPlains,La_Nina,Spring,Dam_Absent,4,15,0.26666666666666666
3274000,CntlPlains,La_Nina,Summer,Dam_Absent,3,15,0.2
3274000,CntlPlains,La_Nina,Winter,Dam_Absent,6,15,0.4
3274000,CntlPlains,Neutral,Spring,Dam_Absent,1,5,0.2
3274000,CntlPlains,Neutral,Summer,Dam_Absent,2,5,0.4
3280000,EastHghlnds,El_Nino,Fall,Dam_Absent,2,24,0.08333333333333333
3280000,EastHghlnds,El_Nino,Spring,Dam_Absent,1,24,0.041666666666666664
3280000,EastHghlnds,El_Nino,Summer,Dam_Absent,1,24,0.041666666666666664
3280000,EastHghlnds,El_Nino,Winter,Dam_Absent,1,24,0.041666666666666664
3280000,EastHghlnds,La_Nina,Fall,Dam_Absent,1,15,0.06666666666666667
3280000,EastHghlnds,La_Nina,Spring,Dam_Absent,4,15,0.26666666666666666
3280000,EastHghlnds,La_Nina,Summer,Dam_Absent,4,15,0.26666666666666666
3280000,EastHghlnds,La_Nina,Winter,Dam_Absent,1,15,0.06666666666666667
3299000,SEPlains,El_Nino,Fall,Dam_Present,1,24,0.041666666666666664
3299000,SEPlains,La_Nina,Spring,Dam_Present,2,15,0.13333333333333333
3299000,SEPlains,Neutral,Winter,Dam_Present,1,5,0.2
3319000,SEPlains,El_Nino,Spring,Dam_Absent,1,24,0.041666666666666664
3319000,SEPlains,El_Nino,Summer,Dam_Absent,2,24,0.08333333333333333
3319000,SEPlains,El_Nino,Winter,Dam_Absent,2,24,0.08333333333333333
3319000,SEPlains,La_Nina,Fall,Dam_Absent,1,15,0.06666666666666667
3319000,SEPlains,La_Nina,Spring,Dam_Absent,1,15,0.06666666666666667
3320000,SEPlains,El_Nino,Fall,Dam_Absent,9,24,0.375
3320000,SEPlains,El_Nino,Spring,Dam_Absent,9,24,0.375
3320000,SEPlains,El_Nino,Summer,Dam_Absent,5,24,0.20833333333333334
3320000,SEPlains,El_Nino,Winter,Dam_Absent,10,24,0.4166666666666667
3320000,SEPlains,La_Nina,Fall,Dam_Absent,6,15,0.4
3320000,SEPlains,La_Nina,Spring,Dam_Absent,7,15,0.4666666666666667
3320000,SEPlains,La_Nina,Summer,Dam_Absent,5,15,0.3333333333333333
3320000,SEPlains,La_Nina,Winter,Dam_Absent,4,15,0.26666666666666666
3320000,SEPlains,Neutral,Fall,Dam_Absent,1,5,0.2
3320000,SEPlains,Neutral,Spring,Dam_Absent,3,5,0.6
3320000,SEPlains,Neutral,Summer,Dam_Absent,2,5,0.4
3320000,SEPlains,Neutral,Winter,Dam_Absent,2,5,0.4
3456100,EastHghlnds,El_Nino,Fall,Dam_Present,12,24,0.5
3456100,EastHghlnds,El_Nino,Spring,Dam_Present,8,24,0.3333333333333333
3456100,EastHghlnds,El_Nino,Summer,Dam_Present,15,24,0.625
3456100,EastHghlnds,El_Nino,Winter,Dam_Present,7,24,0.2916666666666667
3456100,EastHghlnds,La_Nina,Fall,Dam_Present,5,15,0.3333333333333333
3456100,EastHghlnds,La_Nina,Spring,Dam_Present,5,15,0.3333333333333333
3456100,EastHghlnds,La_Nina,Summer,Dam_Present,5,15,0.3333333333333333
3456100,EastHghlnds,La_Nina,Winter,Dam_Present,14,15,0.9333333333333333
3456100,EastHghlnds,Neutral,Fall,Dam_Present,2,5,0.4
3456100,EastHghlnds,Neutral,Summer,Dam_Present,2,5,0.4
3466500,EastHghlnds,El_Nino,Fall,Dam_Present,3,24,0.125
3466500,EastHghlnds,El_Nino,Spring,Dam_Present,5,24,0.20833333333333334
3466500,EastHghlnds,El_Nino,Summer,Dam_Present,5,24,0.20833333333333334
3466500,EastHghlnds,El_Nino,Winter,Dam_Present,4,24,0.16666666666666666
3466500,EastHghlnds,La_Nina,Fall,Dam_Present,2,15,0.13333333333333333
3466500,EastHghlnds,La_Nina,Summer,Dam_Present,1,15,0.06666666666666667
3466500,EastHghlnds,La_Nina,Winter,Dam_Present,2,15,0.13333333333333333
3466500,EastHghlnds,Neutral,Fall,Dam_Present,1,5,0.2
3467609,EastHghlnds,El_Nino,Fall,Dam_Absent,6,24,0.25
3467609,EastHghlnds,El_Nino,Spring,Dam_Absent,8,24,0.3333333333333333
3467609,EastHghlnds,El_Nino,Summer,Dam_Absent,10,24,0.4166666666666667
3467609,EastHghlnds,El_Nino,Winter,Dam_Absent,7,24,0.2916666666666667
3467609,EastHghlnds,La_Nina,Fall,Dam_Absent,6,15,0.4
3467609,EastHghlnds,La_Nina,Spring,Dam_Absent,6,15,0.4
3467609,EastHghlnds,La_Nina,Summer,Dam_Absent,5,15,0.3333333333333333
3467609,EastHghlnds,La_Nina,Winter,Dam_Absent,10,15,0.6666666666666666
3467609,EastHghlnds,Neutral,Winter,Dam_Absent,1,5,0.2
3470000,EastHghlnds,El_Nino,Fall,Dam_Present,3,24,0.125
3470000,EastHghlnds,El_Nino,Spring,Dam_Present,8,24,0.3333333333333333
3470000,EastHghlnds,El_Nino,Summer,Dam_Present,2,24,0.08333333333333333
3470000,EastHghlnds,El_Nino,Winter,Dam_Present,2,24,0.08333333333333333
3470000,EastHghlnds,La_Nina,Fall,Dam_Present,1,15,0.06666666666666667
3470000,EastHghlnds,La_Nina,Summer,Dam_Present,1,15,0.06666666666666667
3470000,EastHghlnds,La_Nina,Winter,Dam_Present,1,15,0.06666666666666667
3471500,EastHghlnds,El_Nino,Fall,Dam_Absent,8,24,0.3333333333333333
3471500,EastHghlnds,El_Nino,Spring,Dam_Absent,10,24,0.4166666666666667
3471500,EastHghlnds,El_Nino,Summer,Dam_Absent,6,24,0.25
3471500,EastHghlnds,El_Nino,Winter,Dam_Absent,4,24,0.16666666666666666
3471500,EastHghlnds,La_Nina,Fall,Dam_Absent,3,15,0.2
3471500,EastHghlnds,La_Nina,Spring,Dam_Absent,5,15,0.3333333333333333
3471500,EastHghlnds,La_Nina,Summer,Dam_Absent,7,15,0.4666666666666667
3471500,EastHghlnds,La_Nina,Winter,Dam_Absent,11,15,0.7333333333333333
3471500,EastHghlnds,Neutral,Spring,Dam_Absent,1,5,0.2
3471500,EastHghlnds,Neutral,Summer,Dam_Absent,2,5,0.4
3471500,EastHghlnds,Neutral,Winter,Dam_Absent,1,5,0.2
3473000,EastHghlnds,El_Nino,Fall,Dam_Absent,8,24,0.3333333333333333
3473000,EastHghlnds,El_Nino,Spring,Dam_Absent,7,24,0.2916666666666667
3473000,EastHghlnds,El_Nino,Summer,Dam_Absent,4,24,0.16666666666666666
3473000,EastHghlnds,El_Nino,Winter,Dam_Absent,7,24,0.2916666666666667
3473000,EastHghlnds,La_Nina,Fall,Dam_Absent,5,15,0.3333333333333333
3473000,EastHghlnds,La_Nina,Spring,Dam_Absent,8,15,0.5333333333333333
3473000,EastHghlnds,La_Nina,Summer,Dam_Absent,6,15,0.4
3473000,EastHghlnds,La_Nina,Winter,Dam_Absent,11,15,0.7333333333333333
3473000,EastHghlnds,Neutral,Fall,Dam_Absent,2,5,0.4
3473000,EastHghlnds,Neutral,Summer,Dam_Absent,2,5,0.4
3478400,EastHghlnds,El_Nino,Fall,Dam_Present,7,24,0.2916666666666667
3478400,EastHghlnds,El_Nino,Spring,Dam_Present,9,24,0.375
3478400,EastHghlnds,El_Nino,Summer,Dam_Present,7,24,0.2916666666666667
3478400,EastHghlnds,El_Nino,Winter,Dam_Present,8,24,0.3333333333333333
3478400,EastHghlnds,La_Nina,Fall,Dam_Present,7,15,0.4666666666666667
3478400,EastHghlnds,La_Nina,Spring,Dam_Present,7,15,0.4666666666666667
3478400,EastHghlnds,La_Nina,Summer,Dam_Present,6,15,0.4
3478400,EastHghlnds,La_Nina,Winter,Dam_Present,9,15,0.6
3478400,EastHghlnds,Neutral,Spring,Dam_Present,1,5,0.2
3478400,EastHghlnds,Neutral,Summer,Dam_Present,1,5,0.2
3486000,EastHghlnds,El_Nino,Fall,Dam_Present,1,24,0.041666666666666664
3486000,EastHghlnds,El_Nino,Winter,Dam_Present,1,24,0.041666666666666664
3486000,EastHghlnds,La_Nina,Spring,Dam_Present,3,15,0.2
3486000,EastHghlnds,La_Nina,Winter,Dam_Present,2,15,0.13333333333333333
3490500,EastHghlnds,La_Nina,Winter,Dam_Absent,1,15,0.06666666666666667
3505550,EastHghlnds,El_Nino,Fall,Dam_Present,3,24,0.125
3505550,EastHghlnds,El_Nino,Spring,Dam_Present,5,24,0.20833333333333334
3505550,EastHghlnds,El_Nino,Summer,Dam_Present,5,24,0.20833333333333334
3505550,EastHghlnds,El_Nino,Winter,Dam_Present,7,24,0.2916666666666667
3505550,EastHghlnds,La_Nina,Fall,Dam_Present,3,15,0.2
3505550,EastHghlnds,La_Nina,Spring,Dam_Present,2,15,0.13333333333333333
3505550,EastHghlnds,La_Nina,Summer,Dam_Present,2,15,0.13333333333333333
3505550,EastHghlnds,La_Nina,Winter,Dam_Present,3,15,0.2
3505550,EastHghlnds,Neutral,Fall,Dam_Present,1,5,0.2
3505550,EastHghlnds,Neutral,Spring,Dam_Present,1,5,0.2
3508050,EastHghlnds,El_Nino,Fall,Dam_Present,8,24,0.3333333333333333
3508050,EastHghlnds,El_Nino,Spring,Dam_Present,7,24,0.2916666666666667
3508050,EastHghlnds,El_Nino,Summer,Dam_Present,4,24,0.16666666666666666
3508050,EastHghlnds,El_Nino,Winter,Dam_Present,7,24,0.2916666666666667
3508050,EastHghlnds,La_Nina,Fall,Dam_Present,3,15,0.2
3508050,EastHghlnds,La_Nina,Spring,Dam_Present,2,15,0.13333333333333333
3508050,EastHghlnds,La_Nina,Summer,Dam_Present,2,15,0.13333333333333333
3508050,EastHghlnds,La_Nina,Winter,Dam_Present,4,15,0.26666666666666666
3508050,EastHghlnds,Neutral,Fall,Dam_Present,1,5,0.2
3510577,EastHghlnds,El_Nino,Fall,Dam_Absent,8,24,0.3333333333333333
3510577,EastHghlnds,El_Nino,Spring,Dam_Absent,6,24,0.25
3510577,EastHghlnds,El_Nino,Summer,Dam_Absent,6,24,0.25
3510577,EastHghlnds,El_Nino,Winter,Dam_Absent,5,24,0.20833333333333334
3510577,EastHghlnds,La_Nina,Fall,Dam_Absent,3,15,0.2
3510577,EastHghlnds,La_Nina,Spring,Dam_Absent,1,15,0.06666666666666667
3510577,EastHghlnds,La_Nina,Summer,Dam_Absent,3,15,0.2
3510577,EastHghlnds,La_Nina,Winter,Dam_Absent,4,15,0.26666666666666666
3510577,EastHghlnds,Neutral,Fall,Dam_Absent,1,5,0.2
3518500,EastHghlnds,El_Nino,Fall,Dam_Present,4,24,0.16666666666666666
3518500,EastHghlnds,El_Nino,Spring,Dam_Present,4,24,0.16666666666666666
3518500,EastHghlnds,El_Nino,Summer,Dam_Present,5,24,0.20833333333333334
3518500,EastHghlnds,El_Nino,Winter,Dam_Present,5,24,0.20833333333333334
3518500,EastHghlnds,La_Nina,Fall,Dam_Present,2,15,0.13333333333333333
3518500,EastHghlnds,La_Nina,Spring,Dam_Present,4,15,0.26666666666666666
3518500,EastHghlnds,La_Nina,Summer,Dam_Present,6,15,0.4
3518500,EastHghlnds,La_Nina,Winter,Dam_Present,4,15,0.26666666666666666
3518500,EastHghlnds,Neutral,Fall,Dam_Present,1,5,0.2
3518500,EastHghlnds,Neutral,Spring,Dam_Present,1,5,0.2
3524000,EastHghlnds,El_Nino,Fall,Dam_Absent,9,24,0.375
3524000,EastHghlnds,El_Nino,Spring,Dam_Absent,13,24,0.5416666666666666
3524000,EastHghlnds,El_Nino,Summer,Dam_Absent,9,24,0.375
3524000,EastHghlnds,El_Nino,Winter,Dam_Absent,7,24,0.2916666666666667
3524000,EastHghlnds,La_Nina,Fall,Dam_Absent,7,15,0.4666666666666667
3524000,EastHghlnds,La_Nina,Spring,Dam_Absent,7,15,0.4666666666666667
3524000,EastHghlnds,La_Nina,Summer,Dam_Absent,6,15,0.4
3524000,EastHghlnds,La_Nina,Winter,Dam_Absent,8,15,0.5333333333333333
3524000,EastHghlnds,Neutral,Fall,Dam_Absent,1,5,0.2
3524000,EastHghlnds,Neutral,Summer,Dam_Absent,2,5,0.4
3524000,EastHghlnds,Neutral,Winter,Dam_Absent,1,5,0.2
3527000,EastHghlnds,El_Nino,Fall,Dam_Absent,3,24,0.125
3527000,EastHghlnds,El_Nino,Spring,Dam_Absent,8,24,0.3333333333333333
3527000,EastHghlnds,El_Nino,Summer,Dam_Absent,4,24,0.16666666666666666
3527000,EastHghlnds,El_Nino,Winter,Dam_Absent,5,24,0.20833333333333334
3527000,EastHghlnds,La_Nina,Fall,Dam_Absent,2,15,0.13333333333333333
3527000,EastHghlnds,La_Nina,Spring,Dam_Absent,3,15,0.2
3527000,EastHghlnds,La_Nina,Summer,Dam_Absent,4,15,0.26666666666666666
3527000,EastHghlnds,La_Nina,Winter,Dam_Absent,7,15,0.4666666666666667
3527000,EastHghlnds,Neutral,Summer,Dam_Absent,1,5,0.2
3527220,EastHghlnds,El_Nino,Fall,Dam_Absent,3,24,0.125
3527220,EastHghlnds,El_Nino,Spring,Dam_Absent,7,24,0.2916666666666667
3527220,EastHghlnds,El_Nino,Summer,Dam_Absent,1,24,0.041666666666666664
3527220,EastHghlnds,El_Nino,Winter,Dam_Absent,3,24,0.125
3527220,EastHghlnds,La_Nina,Fall,Dam_Absent,3,15,0.2
3527220,EastHghlnds,La_Nina,Spring,Dam_Absent,3,15,0.2
3527220,EastHghlnds,La_Nina,Summer,Dam_Absent,5,15,0.3333333333333333
3527220,EastHghlnds,La_Nina,Winter,Dam_Absent,5,15,0.3333333333333333
3527220,EastHghlnds,Neutral,Summer,Dam_Absent,1,5,0.2
3539600,EastHghlnds,El_Nino,Fall,Dam_Present,6,24,0.25
3539600,EastHghlnds,El_Nino,Spring,Dam_Present,8,24,0.3333333333333333
3539600,EastHghlnds,El_Nino,Summer,Dam_Present,6,24,0.25
3539600,EastHghlnds,El_Nino,Winter,Dam_Present,4,24,0.16666666666666666
3539600,EastHghlnds,La_Nina,Fall,Dam_Present,5,15,0.3333333333333333
3539600,EastHghlnds,La_Nina,Spring,Dam_Present,2,15,0.13333333333333333
3539600,EastHghlnds,La_Nina,Summer,Dam_Present,5,15,0.3333333333333333
3539600,EastHghlnds,La_Nina,Winter,Dam_Present,3,15,0.2
3539600,EastHghlnds,Neutral,Spring,Dam_Present,2,5,0.4
3539800,EastHghlnds,El_Nino,Fall,Dam_Absent,5,24,0.20833333333333334
3539800,EastHghlnds,El_Nino,Spring,Dam_Absent,10,24,0.4166666666666667
3539800,EastHghlnds,El_Nino,Summer,Dam_Absent,5,24,0.20833333333333334
3539800,EastHghlnds,El_Nino,Winter,Dam_Absent,5,24,0.20833333333333334
3539800,EastHghlnds,La_Nina,Fall,Dam_Absent,6,15,0.4
3539800,EastHghlnds,La_Nina,Spring,Dam_Absent,3,15,0.2
3539800,EastHghlnds,La_Nina,Summer,Dam_Absent,6,15,0.4
3539800,EastHghlnds,La_Nina,Winter,Dam_Absent,4,15,0.26666666666666666
3539800,EastHghlnds,Neutral,Spring,Dam_Absent,2,5,0.4
3559500,EastHghlnds,El_Nino,Fall,Dam_Absent,2,24,0.08333333333333333
3559500,EastHghlnds,La_Nina,Fall,Dam_Absent,2,15,0.13333333333333333
3559500,EastHghlnds,La_Nina,Spring,Dam_Absent,1,15,0.06666666666666667
3559500,EastHghlnds,La_Nina,Summer,Dam_Absent,1,15,0.06666666666666667
3566000,EastHghlnds,El_Nino,Fall,Dam_Absent,3,24,0.125
3566000,EastHghlnds,El_Nino,Spring,Dam_Absent,2,24,0.08333333333333333
3566000,EastHghlnds,El_Nino,Summer,Dam_Absent,6,24,0.25
3566000,EastHghlnds,El_Nino,Winter,Dam_Absent,5,24,0.20833333333333334
3566000,EastHghlnds,La_Nina,Fall,Dam_Absent,1,15,0.06666666666666667
3566000,EastHghlnds,La_Nina,Spring,Dam_Absent,3,15,0.2
3566000,EastHghlnds,La_Nina,Summer,Dam_Absent,4,15,0.26666666666666666
3566000,EastHghlnds,La_Nina,Winter,Dam_Absent,4,15,0.26666666666666666
3566000,EastHghlnds,Neutral,Spring,Dam_Absent,3,5,0.6
3566525,EastHghlnds,El_Nino,Fall,Dam_Present,3,24,0.125
3566525,EastHghlnds,El_Nino,Spring,Dam_Present,5,24,0.20833333333333334
3566525,EastHghlnds,El_Nino,Summer,Dam_Present,5,24,0.20833333333333334
3566525,EastHghlnds,El_Nino,Winter,Dam_Present,2,24,0.08333333333333333
3566525,EastHghlnds,La_Nina,Fall,Dam_Present,1,15,0.06666666666666667
3566525,EastHghlnds,La_Nina,Summer,Dam_Present,1,15,0.06666666666666667
3566525,EastHghlnds,La_Nina,Winter,Dam_Present,2,15,0.13333333333333333
3570835,EastHghlnds,El_Nino,Fall,Dam_Absent,1,24,0.041666666666666664
3570835,EastHghlnds,El_Nino,Spring,Dam_Absent,2,24,0.08333333333333333
3570835,EastHghlnds,El_Nino,Summer,Dam_Absent,1,24,0.041666666666666664
3570835,EastHghlnds,El_Nino,Winter,Dam_Absent,2,24,0.08333333333333333
3570835,EastHghlnds,La_Nina,Fall,Dam_Absent,1,15,0.06666666666666667
3570835,EastHghlnds,La_Nina,Summer,Dam_Absent,2,15,0.13333333333333333
3570835,EastHghlnds,La_Nina,Winter,Dam_Absent,1,15,0.06666666666666667
3582000,SEPlains,El_Nino,Fall,Dam_Absent,3,24,0.125
3582000,SEPlains,El_Nino,Spring,Dam_Absent,6,24,0.25
3582000,SEPlains,El_Nino,Summer,Dam_Absent,6,24,0.25
3582000,SEPlains,El_Nino,Winter,Dam_Absent,4,24,0.16666666666666666
3582000,SEPlains,La_Nina,Fall,Dam_Absent,2,15,0.13333333333333333
3582000,SEPlains,La_Nina,Summer,Dam_Absent,1,15,0.06666666666666667
3582000,SEPlains,La_Nina,Winter,Dam_Absent,4,15,0.26666666666666666
3582000,SEPlains,Neutral,Spring,Dam_Absent,1,5,0.2
3582000,SEPlains,Neutral,Summer,Dam_Absent,2,5,0.4
3582000,SEPlains,Neutral,Winter,Dam_Absent,1,5,0.2
3584600,SEPlains,El_Nino,Fall,Dam_Present,6,24,0.25
3584600,SEPlains,El_Nino,Spring,Dam_Present,8,24,0.3333333333333333
3584600,SEPlains,El_Nino,Summer,Dam_Present,8,24,0.3333333333333333
3584600,SEPlains,El_Nino,Winter,Dam_Present,6,24,0.25
3584600,SEPlains,La_Nina,Fall,Dam_Present,4,15,0.26666666666666666
3584600,SEPlains,La_Nina,Spring,Dam_Present,1,15,0.06666666666666667
3584600,SEPlains,La_Nina,Summer,Dam_Present,4,15,0.26666666666666666
3584600,SEPlains,La_Nina,Winter,Dam_Present,5,15,0.3333333333333333
3584600,SEPlains,Neutral,Spring,Dam_Present,1,5,0.2
3586500,SEPlains,El_Nino,Fall,Dam_Present,4,24,0.16666666666666666
3586500,SEPlains,El_Nino,Spring,Dam_Present,10,24,0.4166666666666667
3586500,SEPlains,El_Nino,Summer,Dam_Present,5,24,0.20833333333333334
3586500,SEPlains,El_Nino,Winter,Dam_Present,5,24,0.20833333333333334
3586500,SEPlains,La_Nina,Fall,Dam_Present,5,15,0.3333333333333333
3586500,SEPlains,La_Nina,Spring,Dam_Present,2,15,0.13333333333333333
3586500,SEPlains,La_Nina,Summer,Dam_Present,6,15,0.4
3586500,SEPlains,La_Nina,Winter,Dam_Present,3,15,0.2
3586500,SEPlains,Neutral,Fall,Dam_Present,1,5,0.2
3586500,SEPlains,Neutral,Spring,Dam_Present,1,5,0.2
3586500,SEPlains,Neutral,Summer,Dam_Present,1,5,0.2
3592000,SEPlains,El_Nino,Fall,Dam_Present,2,24,0.08333333333333333
3592000,SEPlains,El_Nino,Spring,Dam_Present,2,24,0.08333333333333333
3592000,SEPlains,El_Nino,Winter,Dam_Present,1,24,0.041666666666666664
3592000,SEPlains,La_Nina,Fall,Dam_Present,1,15,0.06666666666666667
3592000,SEPlains,La_Nina,Summer,Dam_Present,1,15,0.06666666666666667
3592000,SEPlains,La_Nina,Winter,Dam_Present,1,15,0.06666666666666667
3592500,SEPlains,El_Nino,Fall,Dam_Absent,4,24,0.16666666666666666
3592500,SEPlains,El_Nino,Spring,Dam_Absent,4,24,0.16666666666666666
3592500,SEPlains,El_Nino,Summer,Dam_Absent,4,24,0.16666666666666666
3592500,SEPlains,El_Nino,Winter,Dam_Absent,2,24,0.08333333333333333
3592500,SEPlains,La_Nina,Fall,Dam_Absent,1,15,0.06666666666666667
3592500,SEPlains,La_Nina,Summer,Dam_Absent,1,15,0.06666666666666667
3592500,SEPlains,La_Nina,Winter,Dam_Absent,1,15,0.06666666666666667
3597860,SEPlains,El_Nino,Fall,Dam_Absent,5,24,0.20833333333333334
3597860,SEPlains,El_Nino,Spring,Dam_Absent,4,24,0.16666666666666666
3597860,SEPlains,El_Nino,Summer,Dam_Absent,3,24,0.125
3597860,SEPlains,La_Nina,Fall,Dam_Absent,2,15,0.13333333333333333
3597860,SEPlains,La_Nina,Spring,Dam_Absent,1,15,0.06666666666666667
3597860,SEPlains,La_Nina,Summer,Dam_Absent,1,15,0.06666666666666667
3597860,SEPlains,La_Nina,Winter,Dam_Absent,1,15,0.06666666666666667
3597860,SEPlains,Neutral,Fall,Dam_Absent,1,5,0.2
3597860,SEPlains,Neutral,Spring,Dam_Absent,1,5,0.2
3597860,SEPlains,Neutral,Summer,Dam_Absent,1,5,0.2
3601990,SEPlains,El_Nino,Fall,Dam_Present,8,24,0.3333333333333333
3601990,SEPlains,El_Nino,Spring,Dam_Present,10,24,0.4166666666666667
3601990,SEPlains,El_Nino,Summer,Dam_Present,3,24,0.125
3601990,SEPlains,El_Nino,Winter,Dam_Present,7,24,0.2916666666666667
3601990,SEPlains,La_Nina,Fall,Dam_Present,4,15,0.26666666666666666
3601990,SEPlains,La_Nina,Summer,Dam_Present,4,15,0.26666666666666666
3601990,SEPlains,La_Nina,Winter,Dam_Present,2,15,0.13333333333333333
3601990,SEPlains,Neutral,Fall,Dam_Present,1,5,0.2
3601990,SEPlains,Neutral,Spring,Dam_Present,2,5,0.4
3602500,SEPlains,El_Nino,Fall,Dam_Present,4,24,0.16666666666666666
3602500,SEPlains,El_Nino,Spring,Dam_Present,7,24,0.2916666666666667
3602500,SEPlains,El_Nino,Summer,Dam_Present,3,24,0.125
3602500,SEPlains,El_Nino,Winter,Dam_Present,10,24,0.4166666666666667
3602500,SEPlains,La_Nina,Fall,Dam_Present,5,15,0.3333333333333333
3602500,SEPlains,La_Nina,Spring,Dam_Present,3,15,0.2
3602500,SEPlains,La_Nina,Summer,Dam_Present,6,15,0.4
3602500,SEPlains,La_Nina,Winter,Dam_Present,3,15,0.2
3602500,SEPlains,Neutral,Fall,Dam_Present,3,5,0.6
3602500,SEPlains,Neutral,Spring,Dam_Present,2,5,0.4
3602500,SEPlains,Neutral,Summer,Dam_Present,3,5,0.6
385106106571000,WestMnts,El_Nino,Fall,Dam_Present,1,24,0.041666666666666664
385106106571000,WestMnts,El_Nino,Spring,Dam_Present,4,24,0.16666666666666666
385106106571000,WestMnts,El_Nino,Summer,Dam_Present,1,24,0.041666666666666664
385106106571000,WestMnts,El_Nino,Winter,Dam_Present,1,24,0.041666666666666664
385106106571000,WestMnts,La_Nina,Fall,Dam_Present,2,15,0.13333333333333333
385106106571000,WestMnts,La_Nina,Spring,Dam_Present,2,15,0.13333333333333333
385106106571000,WestMnts,La_Nina,Summer,Dam_Present,1,15,0.06666666666666667
385106106571000,WestMnts,La_Nina,Winter,Dam_Present,1,15,0.06666666666666667
385106106571000,WestMnts,Neutral,Fall,Dam_Present,2,5,0.4
385106106571000,WestMnts,Neutral,Spring,Dam_Present,1,5,0.2
392547106023400,WestMnts,El_Nino,Fall,Dam_Present,1,24,0.041666666666666664
393109104464500,WestPlains,El_Nino,Fall,Dam_Present,5,24,0.20833333333333334
393109104464500,WestPlains,El_Nino,Spring,Dam_Present,6,24,0.25
393109104464500,WestPlains,El_Nino,Summer,Dam_Present,8,24,0.3333333333333333
393109104464500,WestPlains,El_Nino,Winter,Dam_Present,1,24,0.041666666666666664
393109104464500,WestPlains,La_Nina,Fall,Dam_Present,1,15,0.06666666666666667
393109104464500,WestPlains,La_Nina,Spring,Dam_Present,2,15,0.13333333333333333
393109104464500,WestPlains,La_Nina,Summer,Dam_Present,5,15,0.3333333333333333
393109104464500,WestPlains,La_Nina,Winter,Dam_Present,1,15,0.06666666666666667
393109104464500,WestPlains,Neutral,Fall,Dam_Present,2,5,0.4
393109104464500,WestPlains,Neutral,Spring,Dam_Present,5,5,1.0
393109104464500,WestPlains,Neutral,Summer,Dam_Present,1,5,0.2
393109104464500,WestPlains,Neutral,Winter,Dam_Present,1,5,0.2
394220106431500,WestMnts,El_Nino,Fall,Dam_Absent,2,24,0.08333333333333333
394220106431500,WestMnts,El_Nino,Spring,Dam_Absent,2,24,0.08333333333333333
394220106431500,WestMnts,El_Nino,Summer,Dam_Absent,2,24,0.08333333333333333
394220106431500,WestMnts,El_Nino,Winter,Dam_Absent,3,24,0.125
394220106431500,WestMnts,La_Nina,Fall,Dam_Absent,6,15,0.4
394220106431500,WestMnts,La_Nina,Spring,Dam_Absent,5,15,0.3333333333333333
394220106431500,WestMnts,La_Nina,Summer,Dam_Absent,4,15,0.26666666666666666
394220106431500,WestMnts,La_Nina,Winter,Dam_Absent,2,15,0.13333333333333333
394220106431500,WestMnts,Neutral,Fall,Dam_Absent,1,5,0.2
394220106431500,WestMnts,Neutral,Spring,Dam_Absent,1,5,0.2
394308105413800,WestMnts,El_Nino,Fall,Dam_Present,1,24,0.041666666666666664
394308105413800,WestMnts,El_Nino,Spring,Dam_Present,4,24,0.16666666666666666
394308105413800,WestMnts,El_Nino,Summer,Dam_Present,3,24,0.125
394308105413800,WestMnts,La_Nina,Spring,Dam_Present,2,15,0.13333333333333333
394308105413800,WestMnts,Neutral,Fall,Dam_Present,1,5,0.2
394308105413800,WestMnts,Neutral,Spring,Dam_Present,1,5,0.2
394308105413800,WestMnts,Neutral,Summer,Dam_Present,1,5,0.2
394839104570300,WestPlains,El_Nino,Fall,Dam_Present,2,24,0.08333333333333333
394839104570300,WestPlains,El_Nino,Spring,Dam_Present,2,24,0.08333333333333333
394839104570300,WestPlains,El_Nino,Summer,Dam_Present,2,24,0.08333333333333333
394839104570300,WestPlains,El_Nino,Winter,Dam_Present,3,24,0.125
394839104570300,WestPlains,La_Nina,Fall,Dam_Present,3,15,0.2
394839104570300,WestPlains,La_Nina,Spring,Dam_Present,2,15,0.13333333333333333
394839104570300,WestPlains,La_Nina,Summer,Dam_Present,3,15,0.2
394839104570300,WestPlains,La_Nina,Winter,Dam_Present,4,15,0.26666666666666666
394839104570300,WestPlains,Neutral,Winter,Dam_Present,1,5,0.2
4024000,MxWdShld,El_Nino,Fall,Dam_Absent,1,24,0.041666666666666664
4024000,MxWdShld,El_Nino,Spring,Dam_Absent,9,24,0.375
4024000,MxWdShld,El_Nino,Summer,Dam_Absent,9,24,0.375
4024000,MxWdShld,El_Nino,Winter,Dam_Absent,1,24,0.041666666666666664
4024000,MxWdShld,La_Nina,Fall,Dam_Absent,3,15,0.2
4024000,MxWdShld,La_Nina,Spring,Dam_Absent,4,15,0.26666666666666666
4024000,MxWdShld,La_Nina,Summer,Dam_Absent,3,15,0.2
4024000,MxWdShld,La_Nina,Winter,Dam_Absent,1,15,0.06666666666666667
4073473,CntlPlains,El_Nino,Fall,Dam_Present,2,24,0.08333333333333333
4073473,CntlPlains,El_Nino,Spring,Dam_Present,3,24,0.125
4073473,CntlPlains,El_Nino,Summer,Dam_Present,3,24,0.125
4073473,CntlPlains,La_Nina,Fall,Dam_Present,2,15,0.13333333333333333
4073473,CntlPlains,La_Nina,Winter,Dam_Present,1,15,0.06666666666666667
4073473,CntlPlains,Neutral,Spring,Dam_Present,1,5,0.2
4073473,CntlPlains,Neutral,Summer,Dam_Present,1,5,0.2
4080000,CntlPlains,El_Nino,Fall,Dam_Present,1,24,0.041666666666666664
4080000,CntlPlains,El_Nino,Spring,Dam_Present,6,24,0.25
4080000,CntlPlains,El_Nino,Summer,Dam_Present,1,24,0.041666666666666664
4080000,CntlPlains,La_Nina,Summer,Dam_Present,1,15,0.06666666666666667
4080000,CntlPlains,La_Nina,Winter,Dam_Present,1,15,0.06666666666666667
4080000,CntlPlains,Neutral,Fall,Dam_Present,2,5,0.4
4080000,CntlPlains,Neutral,Spring,Dam_Present,2,5,0.4
4080000,CntlPlains,Neutral,Summer,Dam_Present,1,5,0.2
4080000,CntlPlains,Neutral,Winter,Dam_Present,1,5,0.2
4082400,CntlPlains,El_Nino,Fall,Dam_Absent,1,24,0.041666666666666664
4082400,CntlPlains,El_Nino,Spring,Dam_Absent,3,24,0.125
4082400,CntlPlains,El_Nino,Summer,Dam_Absent,9,24,0.375
4082400,CntlPlains,El_Nino,Winter,Dam_Absent,11,24,0.4583333333333333
4082400,CntlPlains,La_Nina,Spring,Dam_Absent,4,15,0.26666666666666666
4082400,CntlPlains,La_Nina,Winter,Dam_Absent,3,15,0.2
4082400,CntlPlains,Neutral,Spring,Dam_Absent,1,5,0.2
4082400,CntlPlains,Neutral,Summer,Dam_Absent,1,5,0.2
4084445,CntlPlains,El_Nino,Fall,Dam_Present,6,24,0.25
4084445,CntlPlains,El_Nino,Spring,Dam_Present,11,24,0.4583333333333333
4084445,CntlPlains,El_Nino,Summer,Dam_Present,6,24,0.25
4084445,CntlPlains,El_Nino,Winter,Dam_Present,7,24,0.2916666666666667
4084445,CntlPlains,La_Nina,Fall,Dam_Present,4,15,0.26666666666666666
4084445,CntlPlains,La_Nina,Spring,Dam_Present,3,15,0.2
4084445,CntlPlains,La_Nina,Summer,Dam_Present,2,15,0.13333333333333333
4084445,CntlPlains,La_Nina,Winter,Dam_Present,7,15,0.4666666666666667
4084445,CntlPlains,Neutral,Fall,Dam_Present,2,5,0.4
4084445,CntlPlains,Neutral,Spring,Dam_Present,1,5,0.2
4084445,CntlPlains,Neutral,Summer,Dam_Present,2,5,0.4
4084445,CntlPlains,Neutral,Winter,Dam_Present,2,5,0.4
4189000,CntlPlains,El_Nino,Fall,Dam_Present,9,24,0.375
4189000,CntlPlains,El_Nino,Spring,Dam_Present,10,24,0.4166666666666667
4189000,CntlPlains,El_Nino,Summer,Dam_Present,9,24,0.375
4189000,CntlPlains,El_Nino,Winter,Dam_Present,9,24,0.375
4189000,CntlPlains,La_Nina,Fall,Dam_Present,9,15,0.6
4189000,CntlPlains,La_Nina,Spring,Dam_Present,3,15,0.2
4189000,CntlPlains,La_Nina,Summer,Dam_Present,6,15,0.4
4189000,CntlPlains,La_Nina,Winter,Dam_Present,3,15,0.2
4189000,CntlPlains,Neutral,Spring,Dam_Present,2,5,0.4
4191500,CntlPlains,El_Nino,Fall,Dam_Present,7,24,0.2916666666666667
4191500,CntlPlains,El_Nino,Spring,Dam_Present,12,24,0.5
4191500,CntlPlains,El_Nino,Summer,Dam_Present,9,24,0.375
4191500,CntlPlains,El_Nino,Winter,Dam_Present,9,24,0.375
4191500,CntlPlains,La_Nina,Fall,Dam_Present,5,15,0.3333333333333333
4191500,CntlPlains,La_Nina,Spring,Dam_Present,5,15,0.3333333333333333
4191500,CntlPlains,La_Nina,Summer,Dam_Present,4,15,0.26666666666666666
4191500,CntlPlains,La_Nina,Winter,Dam_Present,7,15,0.4666666666666667
4191500,CntlPlains,Neutral,Fall,Dam_Present,1,5,0.2
4191500,CntlPlains,Neutral,Spring,Dam_Present,3,5,0.6
4191500,CntlPlains,Neutral,Summer,Dam_Present,2,5,0.4
4192500,CntlPlains,El_Nino,Fall,Dam_Present,8,24,0.3333333333333333
4192500,CntlPlains,El_Nino,Spring,Dam_Present,14,24,0.5833333333333334
4192500,CntlPlains,El_Nino,Summer,Dam_Present,7,24,0.2916666666666667
4192500,CntlPlains,El_Nino,Winter,Dam_Present,2,24,0.08333333333333333
4192500,CntlPlains,La_Nina,Fall,Dam_Present,4,15,0.26666666666666666
4192500,CntlPlains,La_Nina,Spring,Dam_Present,4,15,0.26666666666666666
4192500,CntlPlains,La_Nina,Summer,Dam_Present,6,15,0.4
4192500,CntlPlains,La_Nina,Winter,Dam_Present,8,15,0.5333333333333333
4192500,CntlPlains,Neutral,Fall,Dam_Present,1,5,0.2
4192500,CntlPlains,Neutral,Spring,Dam_Present,4,5,0.8
4192500,CntlPlains,Neutral,Summer,Dam_Present,2,5,0.4
4192500,CntlPlains,Neutral,Winter,Dam_Present,3,5,0.6
4201500,NorthEast,El_Nino,Fall,Dam_Absent,6,24,0.25
4201500,NorthEast,El_Nino,Spring,Dam_Absent,8,24,0.3333333333333333
4201500,NorthEast,El_Nino,Summer,Dam_Absent,3,24,0.125
4201500,NorthEast,El_Nino,Winter,Dam_Absent,4,24,0.16666666666666666
4201500,NorthEast,La_Nina,Fall,Dam_Absent,3,15,0.2
4201500,NorthEast,La_Nina,Spring,Dam_Absent,5,15,0.3333333333333333
4201500,NorthEast,La_Nina,Summer,Dam_Absent,1,15,0.06666666666666667
4201500,NorthEast,La_Nina,Winter,Dam_Absent,4,15,0.26666666666666666
4201500,NorthEast,Neutral,Spring,Dam_Absent,2,5,0.4
4202000,NorthEast,El_Nino,Fall,Dam_Present,12,24,0.5
4202000,NorthEast,El_Nino,Spring,Dam_Present,12,24,0.5
4202000,NorthEast,El_Nino,Summer,Dam_Present,8,24,0.3333333333333333
4202000,NorthEast,El_Nino,Winter,Dam_Present,9,24,0.375
4202000,NorthEast,La_Nina,Fall,Dam_Present,6,15,0.4
4202000,NorthEast,La_Nina,Spring,Dam_Present,6,15,0.4
4202000,NorthEast,La_Nina,Summer,Dam_Present,5,15,0.3333333333333333
4202000,NorthEast,La_Nina,Winter,Dam_Present,8,15,0.5333333333333333
4202000,NorthEast,Neutral,Spring,Dam_Present,3,5,0.6
4202000,NorthEast,Neutral,Summer,Dam_Present,1,5,0.2
4270510,NorthEast,El_Nino,Fall,Dam_Present,2,24,0.08333333333333333
4282000,NorthEast,El_Nino,Fall,Dam_Absent,5,24,0.20833333333333334
4282000,NorthEast,El_Nino,Spring,Dam_Absent,7,24,0.2916666666666667
4282000,NorthEast,El_Nino,Summer,Dam_Absent,9,24,0.375
4282000,NorthEast,El_Nino,Winter,Dam_Absent,4,24,0.16666666666666666
4282000,NorthEast,La_Nina,Fall,Dam_Absent,5,15,0.3333333333333333
4282000,NorthEast,La_Nina,Spring,Dam_Absent,4,15,0.26666666666666666
4282000,NorthEast,La_Nina,Summer,Dam_Absent,6,15,0.4
4282000,NorthEast,La_Nina,Winter,Dam_Absent,4,15,0.26666666666666666
4282000,NorthEast,Neutral,Fall,Dam_Absent,2,5,0.4
4282000,NorthEast,Neutral,Spring,Dam_Absent,3,5,0.6
4282000,NorthEast,Neutral,Summer,Dam_Absent,2,5,0.4
4282000,NorthEast,Neutral,Winter,Dam_Absent,2,5,0.4
4282500,NorthEast,El_Nino,Fall,Dam_Absent,6,24,0.25
4282500,NorthEast,El_Nino,Spring,Dam_Absent,12,24,0.5
4282500,NorthEast,El_Nino,Summer,Dam_Absent,10,24,0.4166666666666667
4282500,NorthEast,El_Nino,Winter,Dam_Absent,7,24,0.2916666666666667
4282500,NorthEast,La_Nina,Fall,Dam_Absent,7,15,0.4666666666666667
4282500,NorthEast,La_Nina,Spring,Dam_Absent,6,15,0.4
4282500,NorthEast,La_Nina,Summer,Dam_Absent,6,15,0.4
4282500,NorthEast,La_Nina,Winter,Dam_Absent,7,15,0.4666666666666667
4282500,NorthEast,Neutral,Fall,Dam_Absent,1,5,0.2
4282500,NorthEast,Neutral,Spring,Dam_Absent,3,5,0.6
4282500,NorthEast,Neutral,Summer,Dam_Absent,2,5,0.4
4282500,NorthEast,Neutral,Winter,Dam_Absent,2,5,0.4
4285500,NorthEast,El_Nino,Fall,Dam_Present,5,24,0.20833333333333334
4285500,NorthEast,El_Nino,Spring,Dam_Present,4,24,0.16666666666666666
4285500,NorthEast,El_Nino,Summer,Dam_Present,7,24,0.2916666666666667
4285500,NorthEast,El_Nino,Winter,Dam_Present,7,24,0.2916666666666667
4285500,NorthEast,La_Nina,Fall,Dam_Present,4,15,0.26666666666666666
4285500,NorthEast,La_Nina,Spring,Dam_Present,7,15,0.4666666666666667
4285500,NorthEast,La_Nina,Summer,Dam_Present,7,15,0.4666666666666667
4285500,NorthEast,La_Nina,Winter,Dam_Present,4,15,0.26666666666666666
4285500,NorthEast,Neutral,Spring,Dam_Present,2,5,0.4
4285500,NorthEast,Neutral,Summer,Dam_Present,1,5,0.2
4285500,NorthEast,Neutral,Winter,Dam_Present,1,5,0.2
4286000,NorthEast,El_Nino,Fall,Dam_Present,2,24,0.08333333333333333
4286000,NorthEast,El_Nino,Spring,Dam_Present,5,24,0.20833333333333334
4286000,NorthEast,El_Nino,Summer,Dam_Present,7,24,0.2916666666666667
4286000,NorthEast,El_Nino,Winter,Dam_Present,1,24,0.041666666666666664
4286000,NorthEast,La_Nina,Fall,Dam_Present,5,15,0.3333333333333333
4286000,NorthEast,La_Nina,Spring,Dam_Present,3,15,0.2
4286000,NorthEast,La_Nina,Summer,Dam_Present,7,15,0.4666666666666667
4286000,NorthEast,La_Nina,Winter,Dam_Present,4,15,0.26666666666666666
4286000,NorthEast,Neutral,Spring,Dam_Present,3,5,0.6
4286000,NorthEast,Neutral,Summer,Dam_Present,2,5,0.4
4286000,NorthEast,Neutral,Winter,Dam_Present,1,5,0.2
4288225,NorthEast,El_Nino,Fall,Dam_Present,5,24,0.20833333333333334
4288225,NorthEast,El_Nino,Spring,Dam_Present,2,24,0.08333333333333333
4288225,NorthEast,El_Nino,Summer,Dam_Present,4,24,0.16666666666666666
4288225,NorthEast,El_Nino,Winter,Dam_Present,6,24,0.25
4288225,NorthEast,La_Nina,Fall,Dam_Present,1,15,0.06666666666666667
4288225,NorthEast,La_Nina,Spring,Dam_Present,1,15,0.06666666666666667
4288225,NorthEast,La_Nina,Summer,Dam_Present,4,15,0.26666666666666666
4288225,NorthEast,La_Nina,Winter,Dam_Present,5,15,0.3333333333333333
4288225,NorthEast,Neutral,Spring,Dam_Present,1,5,0.2
4288225,NorthEast,Neutral,Summer,Dam_Present,1,5,0.2
4289000,NorthEast,El_Nino,Fall,Dam_Present,9,24,0.375
4289000,NorthEast,El_Nino,Spring,Dam_Present,9,24,0.375
4289000,NorthEast,El_Nino,Summer,Dam_Present,3,24,0.125
4289000,NorthEast,El_Nino,Winter,Dam_Present,8,24,0.3333333333333333
4289000,NorthEast,La_Nina,Spring,Dam_Present,4,15,0.26666666666666666
4289000,NorthEast,La_Nina,Summer,Dam_Present,1,15,0.06666666666666667
4289000,NorthEast,La_Nina,Winter,Dam_Present,4,15,0.26666666666666666
4289000,NorthEast,Neutral,Spring,Dam_Present,1,5,0.2
4289000,NorthEast,Neutral,Summer,Dam_Present,1,5,0.2
4289000,NorthEast,Neutral,Winter,Dam_Present,2,5,0.4
4290500,NorthEast,El_Nino,Fall,Dam_Present,6,24,0.25
4290500,NorthEast,El_Nino,Spring,Dam_Present,6,24,0.25
4290500,NorthEast,El_Nino,Summer,Dam_Present,7,24,0.2916666666666667
4290500,NorthEast,El_Nino,Winter,Dam_Present,6,24,0.25
4290500,NorthEast,La_Nina,Fall,Dam_Present,4,15,0.26666666666666666
4290500,NorthEast,La_Nina,Spring,Dam_Present,5,15,0.3333333333333333
4290500,NorthEast,La_Nina,Summer,Dam_Present,7,15,0.4666666666666667
4290500,NorthEast,La_Nina,Winter,Dam_Present,3,15,0.2
4290500,NorthEast,Neutral,Spring,Dam_Present,4,5,0.8
4290500,NorthEast,Neutral,Summer,Dam_Present,1,5,0.2
4292000,NorthEast,El_Nino,Fall,Dam_Present,3,24,0.125
4292000,NorthEast,El_Nino,Spring,Dam_Present,5,24,0.20833333333333334
4292000,NorthEast,El_Nino,Summer,Dam_Present,7,24,0.2916666666666667
4292000,NorthEast,El_Nino,Winter,Dam_Present,3,24,0.125
4292000,NorthEast,La_Nina,Fall,Dam_Present,5,15,0.3333333333333333
4292000,NorthEast,La_Nina,Spring,Dam_Present,4,15,0.26666666666666666
4292000,NorthEast,La_Nina,Summer,Dam_Present,8,15,0.5333333333333333
4292000,NorthEast,La_Nina,Winter,Dam_Present,3,15,0.2
4292000,NorthEast,Neutral,Spring,Dam_Present,2,5,0.4
4292000,NorthEast,Neutral,Summer,Dam_Present,1,5,0.2
4292000,NorthEast,Neutral,Winter,Dam_Present,1,5,0.2
4296500,NorthEast,El_Nino,Fall,Dam_Absent,5,24,0.20833333333333334
4296500,NorthEast,El_Nino,Spring,Dam_Absent,8,24,0.3333333333333333
4296500,NorthEast,El_Nino,Summer,Dam_Absent,12,24,0.5
4296500,NorthEast,El_Nino,Winter,Dam_Absent,3,24,0.125
4296500,NorthEast,La_Nina,Fall,Dam_Absent,8,15,0.5333333333333333
4296500,NorthEast,La_Nina,Spring,Dam_Absent,3,15,0.2
4296500,NorthEast,La_Nina,Summer,Dam_Absent,4,15,0.26666666666666666
4296500,NorthEast,La_Nina,Winter,Dam_Absent,8,15,0.5333333333333333
4296500,NorthEast,Neutral,Spring,Dam_Absent,3,5,0.6
4296500,NorthEast,Neutral,Summer,Dam_Absent,1,5,0.2
4296500,NorthEast,Neutral,Winter,Dam_Absent,2,5,0.4
5017500,WestMnts,El_Nino,Fall,Dam_Present,3,24,0.125
5017500,WestMnts,El_Nino,Spring,Dam_Present,8,24,0.3333333333333333
5017500,WestMnts,El_Nino,Summer,Dam_Present,11,24,0.4583333333333333
5017500,WestMnts,El_Nino,Winter,Dam_Present,4,24,0.16666666666666666
5017500,WestMnts,La_Nina,Fall,Dam_Present,6,15,0.4
5017500,WestMnts,La_Nina,Spring,Dam_Present,5,15,0.3333333333333333
5017500,WestMnts,La_Nina,Summer,Dam_Present,4,15,0.26666666666666666
5017500,WestMnts,La_Nina,Winter,Dam_Present,2,15,0.13333333333333333
5017500,WestMnts,Neutral,Fall,Dam_Present,1,5,0.2
5046000,CntlPlains,El_Nino,Fall,Dam_Present,3,24,0.125
5046000,CntlPlains,El_Nino,Spring,Dam_Present,3,24,0.125
5046000,CntlPlains,El_Nino,Summer,Dam_Present,4,24,0.16666666666666666
5046000,CntlPlains,El_Nino,Winter,Dam_Present,5,24,0.20833333333333334
5046000,CntlPlains,La_Nina,Fall,Dam_Present,3,15,0.2
5046000,CntlPlains,La_Nina,Spring,Dam_Present,1,15,0.06666666666666667
5046000,CntlPlains,La_Nina,Summer,Dam_Present,3,15,0.2
5046000,CntlPlains,La_Nina,Winter,Dam_Present,1,15,0.06666666666666667
5046000,CntlPlains,Neutral,Spring,Dam_Present,1,5,0.2
5050000,CntlPlains,El_Nino,Fall,Dam_Present,6,24,0.25
5050000,CntlPlains,El_Nino,Spring,Dam_Present,3,24,0.125
5050000,CntlPlains,El_Nino,Summer,Dam_Present,10,24,0.4166666666666667
5050000,CntlPlains,El_Nino,Winter,Dam_Present,1,24,0.041666666666666664
5050000,CntlPlains,La_Nina,Fall,Dam_Present,6,15,0.4
5050000,CntlPlains,La_Nina,Spring,Dam_Present,6,15,0.4
5050000,CntlPlains,La_Nina,Summer,Dam_Present,5,15,0.3333333333333333
5050000,CntlPlains,Neutral,Fall,Dam_Present,1,5,0.2
5050000,CntlPlains,Neutral,Spring,Dam_Present,1,5,0.2
5051300,CntlPlains,El_Nino,Fall,Dam_Absent,5,24,0.20833333333333334
5051300,CntlPlains,El_Nino,Spring,Dam_Absent,2,24,0.08333333333333333
5051300,CntlPlains,El_Nino,Summer,Dam_Absent,8,24,0.3333333333333333
5051300,CntlPlains,El_Nino,Winter,Dam_Absent,1,24,0.041666666666666664
5051300,CntlPlains,La_Nina,Fall,Dam_Absent,1,15,0.06666666666666667
5051300,CntlPlains,La_Nina,Spring,Dam_Absent,5,15,0.3333333333333333
5051300,CntlPlains,La_Nina,Summer,Dam_Absent,6,15,0.4
5051300,CntlPlains,Neutral,Spring,Dam_Absent,2,5,0.4
5051500,CntlPlains,El_Nino,Fall,Dam_Absent,2,24,0.08333333333333333
5051500,CntlPlains,El_Nino,Spring,Dam_Absent,3,24,0.125
5051500,CntlPlains,El_Nino,Summer,Dam_Absent,9,24,0.375
5051500,CntlPlains,El_Nino,Winter,Dam_Absent,2,24,0.08333333333333333
5051500,CntlPlains,La_Nina,Fall,Dam_Absent,1,15,0.06666666666666667
5051500,CntlPlains,La_Nina,Spring,Dam_Absent,2,15,0.13333333333333333
5051500,CntlPlains,La_Nina,Summer,Dam_Absent,3,15,0.2
5051500,CntlPlains,La_Nina,Winter,Dam_Absent,1,15,0.06666666666666667
5051500,CntlPlains,Neutral,Spring,Dam_Absent,2,5,0.4
5051500,CntlPlains,Neutral,Summer,Dam_Absent,1,5,0.2
5051522,CntlPlains,El_Nino,Spring,Dam_Absent,4,24,0.16666666666666666
5051522,CntlPlains,El_Nino,Summer,Dam_Absent,9,24,0.375
5051522,CntlPlains,El_Nino,Winter,Dam_Absent,2,24,0.08333333333333333
5051522,CntlPlains,La_Nina,Spring,Dam_Absent,3,15,0.2
5051522,CntlPlains,La_Nina,Summer,Dam_Absent,1,15,0.06666666666666667
5051522,CntlPlains,La_Nina,Winter,Dam_Absent,1,15,0.06666666666666667
5051522,CntlPlains,Neutral,Spring,Dam_Absent,1,5,0.2
5051522,CntlPlains,Neutral,Summer,Dam_Absent,1,5,0.2
5053000,CntlPlains,El_Nino,Fall,Dam_Absent,2,24,0.08333333333333333
5053000,CntlPlains,El_Nino,Spring,Dam_Absent,6,24,0.25
5053000,CntlPlains,El_Nino,Summer,Dam_Absent,4,24,0.16666666666666666
5053000,CntlPlains,El_Nino,Winter,Dam_Absent,2,24,0.08333333333333333
5053000,CntlPlains,La_Nina,Fall,Dam_Absent,3,15,0.2
5053000,CntlPlains,La_Nina,Spring,Dam_Absent,2,15,0.13333333333333333
5053000,CntlPlains,La_Nina,Summer,Dam_Absent,1,15,0.06666666666666667
5053000,CntlPlains,La_Nina,Winter,Dam_Absent,1,15,0.06666666666666667
5053000,CntlPlains,Neutral,Fall,Dam_Absent,1,5,0.2
5053000,CntlPlains,Neutral,Spring,Dam_Absent,1,5,0.2
5054000,CntlPlains,El_Nino,Fall,Dam_Absent,5,24,0.20833333333333334
5054000,CntlPlains,El_Nino,Spring,Dam_Absent,4,24,0.16666666666666666
5054000,CntlPlains,El_Nino,Summer,Dam_Absent,7,24,0.2916666666666667
5054000,CntlPlains,El_Nino,Winter,Dam_Absent,2,24,0.08333333333333333
5054000,CntlPlains,La_Nina,Fall,Dam_Absent,2,15,0.13333333333333333
5054000,CntlPlains,La_Nina,Spring,Dam_Absent,3,15,0.2
5054000,CntlPlains,La_Nina,Summer,Dam_Absent,1,15,0.06666666666666667
5054000,CntlPlains,La_Nina,Winter,Dam_Absent,1,15,0.06666666666666667
5054000,CntlPlains,Neutral,Summer,Dam_Absent,2,5,0.4
5054500,WestPlains,El_Nino,Fall,Dam_Present,6,24,0.25
5054500,WestPlains,El_Nino,Spring,Dam_Present,3,24,0.125
5054500,WestPlains,El_Nino,Summer,Dam_Present,6,24,0.25
5054500,WestPlains,La_Nina,Fall,Dam_Present,4,15,0.26666666666666666
5054500,WestPlains,La_Nina,Spring,Dam_Present,1,15,0.06666666666666667
5054500,WestPlains,La_Nina,Summer,Dam_Present,1,15,0.06666666666666667
5054500,WestPlains,La_Nina,Winter,Dam_Present,1,15,0.06666666666666667
5055300,CntlPlains,El_Nino,Fall,Dam_Absent,1,24,0.041666666666666664
5055300,CntlPlains,El_Nino,Spring,Dam_Absent,2,24,0.08333333333333333
5055300,CntlPlains,El_Nino,Summer,Dam_Absent,4,24,0.16666666666666666
5055300,CntlPlains,La_Nina,Fall,Dam_Absent,1,15,0.06666666666666667
5055300,CntlPlains,La_Nina,Spring,Dam_Absent,2,15,0.13333333333333333
5055300,CntlPlains,La_Nina,Summer,Dam_Absent,3,15,0.2
5055400,CntlPlains,El_Nino,Fall,Dam_Absent,1,24,0.041666666666666664
5055400,CntlPlains,La_Nina,Fall,Dam_Absent,1,15,0.06666666666666667
5055400,CntlPlains,La_Nina,Spring,Dam_Absent,2,15,0.13333333333333333
5055400,CntlPlains,La_Nina,Summer,Dam_Absent,1,15,0.06666666666666667
5058000,CntlPlains,El_Nino,Fall,Dam_Present,2,24,0.08333333333333333
5058000,CntlPlains,El_Nino,Spring,Dam_Present,3,24,0.125
5058000,CntlPlains,El_Nino,Summer,Dam_Present,5,24,0.20833333333333334
5058000,CntlPlains,El_Nino,Winter,Dam_Present,10,24,0.4166666666666667
5058000,CntlPlains,La_Nina,Fall,Dam_Present,2,15,0.13333333333333333
5058000,CntlPlains,La_Nina,Spring,Dam_Present,3,15,0.2
5058000,CntlPlains,La_Nina,Summer,Dam_Present,2,15,0.13333333333333333
5058000,CntlPlains,La_Nina,Winter,Dam_Present,2,15,0.13333333333333333
5058000,CntlPlains,Neutral,Spring,Dam_Present,1,5,0.2
5058500,CntlPlains,La_Nina,Fall,Dam_Present,1,15,0.06666666666666667
5058500,CntlPlains,La_Nina,Spring,Dam_Present,1,15,0.06666666666666667
5058500,CntlPlains,La_Nina,Winter,Dam_Present,1,15,0.06666666666666667
5058700,CntlPlains,El_Nino,Fall,Dam_Absent,1,24,0.041666666666666664
5058700,CntlPlains,El_Nino,Spring,Dam_Absent,6,24,0.25
5058700,CntlPlains,El_Nino,Summer,Dam_Absent,4,24,0.16666666666666666
5058700,CntlPlains,El_Nino,Winter,Dam_Absent,1,24,0.041666666666666664
5058700,CntlPlains,La_Nina,Fall,Dam_Absent,1,15,0.06666666666666667
5058700,CntlPlains,La_Nina,Spring,Dam_Absent,2,15,0.13333333333333333
5058700,CntlPlains,La_Nina,Summer,Dam_Absent,3,15,0.2
5058700,CntlPlains,La_Nina,Winter,Dam_Absent,1,15,0.06666666666666667
5059000,CntlPlains,El_Nino,Spring,Dam_Absent,6,24,0.25
5059000,CntlPlains,El_Nino,Summer,Dam_Absent,5,24,0.20833333333333334
5059000,CntlPlains,El_Nino,Winter,Dam_Absent,1,24,0.041666666666666664
5059000,CntlPlains,La_Nina,Fall,Dam_Absent,1,15,0.06666666666666667
5059000,CntlPlains,La_Nina,Spring,Dam_Absent,2,15,0.13333333333333333
5059000,CntlPlains,La_Nina,Summer,Dam_Absent,2,15,0.13333333333333333
5059000,CntlPlains,La_Nina,Winter,Dam_Absent,1,15,0.06666666666666667
5060100,CntlPlains,El_Nino,Fall,Dam_Absent,6,24,0.25
5060100,CntlPlains,El_Nino,Spring,Dam_Absent,5,24,0.20833333333333334
5060100,CntlPlains,El_Nino,Summer,Dam_Absent,1,24,0.041666666666666664
5060100,CntlPlains,El_Nino,Winter,Dam_Absent,2,24,0.08333333333333333
5060100,CntlPlains,La_Nina,Fall,Dam_Absent,6,15,0.4
5060100,CntlPlains,La_Nina,Spring,Dam_Absent,4,15,0.26666666666666666
5060100,CntlPlains,La_Nina,Summer,Dam_Absent,4,15,0.26666666666666666
5060100,CntlPlains,La_Nina,Winter,Dam_Absent,1,15,0.06666666666666667
5060100,CntlPlains,Neutral,Fall,Dam_Absent,1,5,0.2
5060100,CntlPlains,Neutral,Spring,Dam_Absent,1,5,0.2
5060100,CntlPlains,Neutral,Summer,Dam_Absent,2,5,0.4
5060500,CntlPlains,El_Nino,Fall,Dam_Absent,5,24,0.20833333333333334
5060500,CntlPlains,El_Nino,Spring,Dam_Absent,7,24,0.2916666666666667
5060500,CntlPlains,El_Nino,Summer,Dam_Absent,4,24,0.16666666666666666
5060500,CntlPlains,La_Nina,Fall,Dam_Absent,5,15,0.3333333333333333
5060500,CntlPlains,La_Nina,Spring,Dam_Absent,4,15,0.26666666666666666
5060500,CntlPlains,La_Nina,Summer,Dam_Absent,2,15,0.13333333333333333
5060500,CntlPlains,La_Nina,Winter,Dam_Absent,1,15,0.06666666666666667
5060500,CntlPlains,Neutral,Fall,Dam_Absent,1,5,0.2
5060500,CntlPlains,Neutral,Spring,Dam_Absent,1,5,0.2
5060500,CntlPlains,Neutral,Summer,Dam_Absent,1,5,0.2
5064000,CntlPlains,El_Nino,Spring,Dam_Absent,2,24,0.08333333333333333
5064000,CntlPlains,El_Nino,Summer,Dam_Absent,4,24,0.16666666666666666
5064000,CntlPlains,La_Nina,Fall,Dam_Absent,1,15,0.06666666666666667
5064000,CntlPlains,La_Nina,Spring,Dam_Absent,2,15,0.13333333333333333
5064000,CntlPlains,La_Nina,Summer,Dam_Absent,1,15,0.06666666666666667
5064000,CntlPlains,Neutral,Spring,Dam_Absent,1,5,0.2
5065500,CntlPlains,El_Nino,Spring,Dam_Present,2,24,0.08333333333333333
5065500,CntlPlains,La_Nina,Fall,Dam_Present,1,15,0.06666666666666667
5065500,CntlPlains,La_Nina,Spring,Dam_Present,1,15,0.06666666666666667
5065500,CntlPlains,La_Nina,Summer,Dam_Present,1,15,0.06666666666666667
5066500,CntlPlains,El_Nino,Fall,Dam_Absent,3,24,0.125
5066500,CntlPlains,El_Nino,Spring,Dam_Absent,6,24,0.25
5066500,CntlPlains,El_Nino,Summer,Dam_Absent,4,24,0.16666666666666666
5066500,CntlPlains,El_Nino,Winter,Dam_Absent,1,24,0.041666666666666664
5066500,CntlPlains,La_Nina,Fall,Dam_Absent,3,15,0.2
5066500,CntlPlains,La_Nina,Spring,Dam_Absent,3,15,0.2
5066500,CntlPlains,La_Nina,Summer,Dam_Absent,2,15,0.13333333333333333
5066500,CntlPlains,La_Nina,Winter,Dam_Absent,1,15,0.06666666666666667
5074500,MxWdShld,La_Nina,Summer,Dam_Present,1,15,0.06666666666666667
5075000,MxWdShld,El_Nino,Spring,Dam_Absent,2,24,0.08333333333333333
5075000,MxWdShld,El_Nino,Summer,Dam_Absent,2,24,0.08333333333333333
5075000,MxWdShld,El_Nino,Winter,Dam_Absent,1,24,0.041666666666666664
5075000,MxWdShld,La_Nina,Spring,Dam_Absent,1,15,0.06666666666666667
5075000,MxWdShld,La_Nina,Summer,Dam_Absent,1,15,0.06666666666666667
5075000,MxWdShld,Neutral,Spring,Dam_Absent,2,5,0.4
5075000,MxWdShld,Neutral,Summer,Dam_Absent,1,5,0.2
5076000,CntlPlains,El_Nino,Fall,Dam_Present,5,24,0.20833333333333334
5076000,CntlPlains,El_Nino,Spring,Dam_Present,3,24,0.125
5076000,CntlPlains,El_Nino,Summer,Dam_Present,3,24,0.125
5076000,CntlPlains,El_Nino,Winter,Dam_Present,1,24,0.041666666666666664
5076000,CntlPlains,La_Nina,Fall,Dam_Present,2,15,0.13333333333333333
5076000,CntlPlains,La_Nina,Spring,Dam_Present,4,15,0.26666666666666666
5076000,CntlPlains,La_Nina,Summer,Dam_Present,2,15,0.13333333333333333
5076000,CntlPlains,Neutral,Fall,Dam_Present,1,5,0.2
5076000,CntlPlains,Neutral,Spring,Dam_Present,1,5,0.2
5076000,CntlPlains,Neutral,Summer,Dam_Present,1,5,0.2
5078000,CntlPlains,El_Nino,Fall,Dam_Absent,3,24,0.125
5078000,CntlPlains,El_Nino,Spring,Dam_Absent,8,24,0.3333333333333333
5078000,CntlPlains,El_Nino,Summer,Dam_Absent,7,24,0.2916666666666667
5078000,CntlPlains,La_Nina,Fall,Dam_Absent,4,15,0.26666666666666666
5078000,CntlPlains,La_Nina,Spring,Dam_Absent,4,15,0.26666666666666666
5078000,CntlPlains,La_Nina,Summer,Dam_Absent,3,15,0.2
5078000,CntlPlains,La_Nina,Winter,Dam_Absent,2,15,0.13333333333333333
5078000,CntlPlains,Neutral,Fall,Dam_Absent,1,5,0.2
5078000,CntlPlains,Neutral,Summer,Dam_Absent,3,5,0.6
5078500,CntlPlains,El_Nino,Summer,Dam_Absent,2,24,0.08333333333333333
5078500,CntlPlains,La_Nina,Fall,Dam_Absent,1,15,0.06666666666666667
5078500,CntlPlains,La_Nina,Spring,Dam_Absent,2,15,0.13333333333333333
5078500,CntlPlains,La_Nina,Winter,Dam_Absent,3,15,0.2
5079000,MxWdShld,El_Nino,Spring,Dam_Absent,7,24,0.2916666666666667
5079000,MxWdShld,El_Nino,Summer,Dam_Absent,5,24,0.20833333333333334
5079000,MxWdShld,La_Nina,Fall,Dam_Absent,2,15,0.13333333333333333
5079000,MxWdShld,La_Nina,Spring,Dam_Absent,2,15,0.13333333333333333
5079000,MxWdShld,La_Nina,Summer,Dam_Absent,2,15,0.13333333333333333
5079000,MxWdShld,Neutral,Summer,Dam_Absent,3,5,0.6
5080000,CntlPlains,El_Nino,Spring,Dam_Absent,4,24,0.16666666666666666
5080000,CntlPlains,El_Nino,Summer,Dam_Absent,3,24,0.125
5080000,CntlPlains,La_Nina,Fall,Dam_Absent,2,15,0.13333333333333333
5080000,CntlPlains,La_Nina,Spring,Dam_Absent,2,15,0.13333333333333333
5080000,CntlPlains,La_Nina,Summer,Dam_Absent,1,15,0.06666666666666667
5080000,CntlPlains,Neutral,Fall,Dam_Absent,1,5,0.2
5080000,CntlPlains,Neutral,Spring,Dam_Absent,1,5,0.2
5080000,CntlPlains,Neutral,Summer,Dam_Absent,2,5,0.4
5082625,CntlPlains,El_Nino,Fall,Dam_Present,3,24,0.125
5082625,CntlPlains,El_Nino,Spring,Dam_Present,6,24,0.25
5082625,CntlPlains,El_Nino,Summer,Dam_Present,4,24,0.16666666666666666
5082625,CntlPlains,La_Nina,Fall,Dam_Present,6,15,0.4
5082625,CntlPlains,La_Nina,Spring,Dam_Present,3,15,0.2
5082625,CntlPlains,La_Nina,Summer,Dam_Present,3,15,0.2
5082625,CntlPlains,La_Nina,Winter,Dam_Present,1,15,0.06666666666666667
5084000,CntlPlains,El_Nino,Fall,Dam_Present,3,24,0.125
5084000,CntlPlains,El_Nino,Spring,Dam_Present,2,24,0.08333333333333333
5084000,CntlPlains,El_Nino,Winter,Dam_Present,2,24,0.08333333333333333
5084000,CntlPlains,La_Nina,Fall,Dam_Present,1,15,0.06666666666666667
5084000,CntlPlains,La_Nina,Spring,Dam_Present,3,15,0.2
5084000,CntlPlains,La_Nina,Summer,Dam_Present,2,15,0.13333333333333333
5084000,CntlPlains,La_Nina,Winter,Dam_Present,1,15,0.06666666666666667
5084000,CntlPlains,Neutral,Fall,Dam_Present,1,5,0.2
5084000,CntlPlains,Neutral,Spring,Dam_Present,1,5,0.2
5085000,CntlPlains,El_Nino,Fall,Dam_Absent,3,24,0.125
5085000,CntlPlains,El_Nino,Spring,Dam_Absent,4,24,0.16666666666666666
5085000,CntlPlains,El_Nino,Winter,Dam_Absent,2,24,0.08333333333333333
5085000,CntlPlains,La_Nina,Fall,Dam_Absent,1,15,0.06666666666666667
5085000,CntlPlains,La_Nina,Spring,Dam_Absent,2,15,0.13333333333333333
5085000,CntlPlains,La_Nina,Summer,Dam_Absent,1,15,0.06666666666666667
5085000,CntlPlains,Neutral,Fall,Dam_Absent,1,5,0.2
5085450,CntlPlains,El_Nino,Fall,Dam_Present,1,24,0.041666666666666664
5085450,CntlPlains,El_Nino,Spring,Dam_Present,2,24,0.08333333333333333
5085450,CntlPlains,El_Nino,Summer,Dam_Present,2,24,0.08333333333333333
5085450,CntlPlains,El_Nino,Winter,Dam_Present,1,24,0.041666666666666664
5085450,CntlPlains,La_Nina,Fall,Dam_Present,4,15,0.26666666666666666
5085450,CntlPlains,La_Nina,Spring,Dam_Present,3,15,0.2
5085450,CntlPlains,La_Nina,Summer,Dam_Present,2,15,0.13333333333333333
5085450,CntlPlains,La_Nina,Winter,Dam_Present,1,15,0.06666666666666667
5085450,CntlPlains,Neutral,Spring,Dam_Present,1,5,0.2
5085450,CntlPlains,Neutral,Summer,Dam_Present,1,5,0.2
5090000,CntlPlains,El_Nino,Fall,Dam_Absent,2,24,0.08333333333333333
5090000,CntlPlains,El_Nino,Spring,Dam_Absent,3,24,0.125
5090000,CntlPlains,El_Nino,Summer,Dam_Absent,3,24,0.125
5090000,CntlPlains,La_Nina,Spring,Dam_Absent,3,15,0.2
5090000,CntlPlains,La_Nina,Summer,Dam_Absent,5,15,0.3333333333333333
5090000,CntlPlains,La_Nina,Winter,Dam_Absent,1,15,0.06666666666666667
5090000,CntlPlains,Neutral,Spring,Dam_Absent,1,5,0.2
5094000,CntlPlains,El_Nino,Fall,Dam_Present,4,24,0.16666666666666666
5094000,CntlPlains,El_Nino,Spring,Dam_Present,4,24,0.16666666666666666
5094000,CntlPlains,El_Nino,Summer,Dam_Present,4,24,0.16666666666666666
5094000,CntlPlains,La_Nina,Fall,Dam_Present,2,15,0.13333333333333333
5094000,CntlPlains,La_Nina,Spring,Dam_Present,6,15,0.4
5094000,CntlPlains,La_Nina,Summer,Dam_Present,1,15,0.06666666666666667
5094000,CntlPlains,La_Nina,Winter,Dam_Present,1,15,0.06666666666666667
5094000,CntlPlains,Neutral,Spring,Dam_Present,1,5,0.2
5099400,CntlPlains,El_Nino,Spring,Dam_Absent,4,24,0.16666666666666666
5099400,CntlPlains,El_Nino,Summer,Dam_Absent,6,24,0.25
5099400,CntlPlains,La_Nina,Spring,Dam_Absent,2,15,0.13333333333333333
5099400,CntlPlains,La_Nina,Summer,Dam_Absent,2,15,0.13333333333333333
5099400,CntlPlains,Neutral,Spring,Dam_Absent,2,5,0.4
5101000,CntlPlains,El_Nino,Fall,Dam_Present,2,24,0.08333333333333333
5101000,CntlPlains,El_Nino,Spring,Dam_Present,8,24,0.3333333333333333
5101000,CntlPlains,El_Nino,Summer,Dam_Present,4,24,0.16666666666666666
5101000,CntlPlains,La_Nina,Spring,Dam_Present,3,15,0.2
5101000,CntlPlains,La_Nina,Summer,Dam_Present,3,15,0.2
5101000,CntlPlains,Neutral,Spring,Dam_Present,2,5,0.4
5116500,CntlPlains,El_Nino,Fall,Dam_Absent,2,24,0.08333333333333333
5116500,CntlPlains,El_Nino,Spring,Dam_Absent,6,24,0.25
5116500,CntlPlains,El_Nino,Summer,Dam_Absent,4,24,0.16666666666666666
5116500,CntlPlains,La_Nina,Spring,Dam_Absent,2,15,0.13333333333333333
5116500,CntlPlains,La_Nina,Summer,Dam_Absent,1,15,0.06666666666666667
5116500,CntlPlains,La_Nina,Winter,Dam_Absent,2,15,0.13333333333333333
5123400,CntlPlains,El_Nino,Spring,Dam_Absent,1,24,0.041666666666666664
5123400,CntlPlains,La_Nina,Spring,Dam_Absent,2,15,0.13333333333333333
5127500,MxWdShld,El_Nino,Spring,Dam_Absent,4,24,0.16666666666666666
5127500,MxWdShld,El_Nino,Summer,Dam_Absent,2,24,0.08333333333333333
5127500,MxWdShld,La_Nina,Spring,Dam_Absent,1,15,0.06666666666666667
5127500,MxWdShld,La_Nina,Summer,Dam_Absent,2,15,0.13333333333333333
5129115,MxWdShld,El_Nino,Spring,Dam_Absent,6,24,0.25
5129115,MxWdShld,El_Nino,Summer,Dam_Absent,2,24,0.08333333333333333
5129115,MxWdShld,La_Nina,Fall,Dam_Absent,1,15,0.06666666666666667
5129115,MxWdShld,La_Nina,Spring,Dam_Absent,3,15,0.2
5129115,MxWdShld,La_Nina,Summer,Dam_Absent,2,15,0.13333333333333333
5130500,MxWdShld,El_Nino,Spring,Dam_Present,1,24,0.041666666666666664
5130500,MxWdShld,El_Nino,Summer,Dam_Present,4,24,0.16666666666666666
5130500,MxWdShld,La_Nina,Fall,Dam_Present,1,15,0.06666666666666667
5130500,MxWdShld,La_Nina,Spring,Dam_Present,1,15,0.06666666666666667
5130500,MxWdShld,La_Nina,Summer,Dam_Present,1,15,0.06666666666666667
5131500,MxWdShld,El_Nino,Fall,Dam_Absent,3,24,0.125
5131500,MxWdShld,El_Nino,Spring,Dam_Absent,6,24,0.25
5131500,MxWdShld,El_Nino,Summer,Dam_Absent,4,24,0.16666666666666666
5131500,MxWdShld,El_Nino,Winter,Dam_Absent,1,24,0.041666666666666664
5131500,MxWdShld,La_Nina,Fall,Dam_Absent,2,15,0.13333333333333333
5131500,MxWdShld,La_Nina,Spring,Dam_Absent,5,15,0.3333333333333333
5131500,MxWdShld,La_Nina,Summer,Dam_Absent,2,15,0.13333333333333333
5131500,MxWdShld,La_Nina,Winter,Dam_Absent,1,15,0.06666666666666667
5131500,MxWdShld,Neutral,Summer,Dam_Absent,1,5,0.2
5132000,MxWdShld,El_Nino,Fall,Dam_Absent,1,24,0.041666666666666664
5132000,MxWdShld,El_Nino,Spring,Dam_Absent,5,24,0.20833333333333334
5132000,MxWdShld,El_Nino,Summer,Dam_Absent,6,24,0.25
5132000,MxWdShld,La_Nina,Spring,Dam_Absent,5,15,0.3333333333333333
5132000,MxWdShld,La_Nina,Summer,Dam_Absent,2,15,0.13333333333333333
5132000,MxWdShld,Neutral,Fall,Dam_Absent,1,5,0.2
5211000,MxWdShld,El_Nino,Fall,Dam_Present,1,24,0.041666666666666664
5211000,MxWdShld,El_Nino,Spring,Dam_Present,5,24,0.20833333333333334
5211000,MxWdShld,El_Nino,Summer,Dam_Present,5,24,0.20833333333333334
5211000,MxWdShld,El_Nino,Winter,Dam_Present,2,24,0.08333333333333333
5211000,MxWdShld,La_Nina,Fall,Dam_Present,1,15,0.06666666666666667
5211000,MxWdShld,La_Nina,Spring,Dam_Present,3,15,0.2
5211000,MxWdShld,La_Nina,Summer,Dam_Present,3,15,0.2
5212700,MxWdShld,El_Nino,Fall,Dam_Absent,3,24,0.125
5212700,MxWdShld,El_Nino,Spring,Dam_Absent,6,24,0.25
5212700,MxWdShld,El_Nino,Summer,Dam_Absent,6,24,0.25
5212700,MxWdShld,El_Nino,Winter,Dam_Absent,2,24,0.08333333333333333
5212700,MxWdShld,La_Nina,Fall,Dam_Absent,1,15,0.06666666666666667
5212700,MxWdShld,La_Nina,Spring,Dam_Absent,3,15,0.2
5212700,MxWdShld,La_Nina,Summer,Dam_Absent,1,15,0.06666666666666667
5212700,MxWdShld,Neutral,Fall,Dam_Absent,1,5,0.2
5227500,MxWdShld,La_Nina,Spring,Dam_Present,2,15,0.13333333333333333
5242300,MxWdShld,El_Nino,Fall,Dam_Present,1,24,0.041666666666666664
5242300,MxWdShld,El_Nino,Spring,Dam_Present,4,24,0.16666666666666666
5242300,MxWdShld,El_Nino,Summer,Dam_Present,3,24,0.125
5242300,MxWdShld,La_Nina,Fall,Dam_Present,1,15,0.06666666666666667
5242300,MxWdShld,La_Nina,Spring,Dam_Present,4,15,0.26666666666666666
5242300,MxWdShld,La_Nina,Summer,Dam_Present,1,15,0.06666666666666667
5242300,MxWdShld,Neutral,Fall,Dam_Present,1,5,0.2
5242300,MxWdShld,Neutral,Spring,Dam_Present,1,5,0.2
5244000,MxWdShld,El_Nino,Fall,Dam_Absent,4,24,0.16666666666666666
5244000,MxWdShld,El_Nino,Spring,Dam_Absent,10,24,0.4166666666666667
5244000,MxWdShld,El_Nino,Summer,Dam_Absent,3,24,0.125
5244000,MxWdShld,El_Nino,Winter,Dam_Absent,1,24,0.041666666666666664
5244000,MxWdShld,La_Nina,Fall,Dam_Absent,3,15,0.2
5244000,MxWdShld,La_Nina,Spring,Dam_Absent,3,15,0.2
5244000,MxWdShld,La_Nina,Winter,Dam_Absent,4,15,0.26666666666666666
5244000,MxWdShld,Neutral,Fall,Dam_Absent,1,5,0.2
5244000,MxWdShld,Neutral,Spring,Dam_Absent,1,5,0.2
5244000,MxWdShld,Neutral,Summer,Dam_Absent,1,5,0.2
5245100,CntlPlains,El_Nino,Fall,Dam_Absent,4,24,0.16666666666666666
5245100,CntlPlains,El_Nino,Spring,Dam_Absent,8,24,0.3333333333333333
5245100,CntlPlains,El_Nino,Summer,Dam_Absent,6,24,0.25
5245100,CntlPlains,La_Nina,Fall,Dam_Absent,2,15,0.13333333333333333
5245100,CntlPlains,La_Nina,Spring,Dam_Absent,3,15,0.2
5247500,CntlPlains,El_Nino,Fall,Dam_Present,7,24,0.2916666666666667
5247500,CntlPlains,El_Nino,Spring,Dam_Present,13,24,0.5416666666666666
5247500,CntlPlains,El_Nino,Summer,Dam_Present,5,24,0.20833333333333334
5247500,CntlPlains,El_Nino,Winter,Dam_Present,5,24,0.20833333333333334
5247500,CntlPlains,La_Nina,Fall,Dam_Present,3,15,0.2
5247500,CntlPlains,La_Nina,Spring,Dam_Present,4,15,0.26666666666666666
5247500,CntlPlains,La_Nina,Summer,Dam_Present,1,15,0.06666666666666667
5247500,CntlPlains,La_Nina,Winter,Dam_Present,3,15,0.2
5247500,CntlPlains,Neutral,Summer,Dam_Present,1,5,0.2
5247500,CntlPlains,Neutral,Winter,Dam_Present,2,5,0.4
5267000,MxWdShld,El_Nino,Spring,Dam_Present,7,24,0.2916666666666667
5267000,MxWdShld,El_Nino,Summer,Dam_Present,2,24,0.08333333333333333
5267000,MxWdShld,El_Nino,Winter,Dam_Present,1,24,0.041666666666666664
5267000,MxWdShld,La_Nina,Fall,Dam_Present,1,15,0.06666666666666667
5267000,MxWdShld,La_Nina,Spring,Dam_Present,3,15,0.2
5267000,MxWdShld,Neutral,Fall,Dam_Present,1,5,0.2
5267000,MxWdShld,Neutral,Spring,Dam_Present,1,5,0.2
5270500,CntlPlains,El_Nino,Fall,Dam_Absent,1,24,0.041666666666666664
5270500,CntlPlains,El_Nino,Spring,Dam_Absent,5,24,0.20833333333333334
5270500,CntlPlains,La_Nina,Fall,Dam_Absent,3,15,0.2
5270500,CntlPlains,La_Nina,Spring,Dam_Absent,1,15,0.06666666666666667
5270500,CntlPlains,La_Nina,Summer,Dam_Absent,2,15,0.13333333333333333
5270500,CntlPlains,La_Nina,Winter,Dam_Absent,2,15,0.13333333333333333
5270500,CntlPlains,Neutral,Spring,Dam_Absent,1,5,0.2
5270500,CntlPlains,Neutral,Summer,Dam_Absent,1,5,0.2
5270700,MxWdShld,El_Nino,Fall,Dam_Present,1,24,0.041666666666666664
5270700,MxWdShld,El_Nino,Spring,Dam_Present,11,24,0.4583333333333333
5270700,MxWdShld,El_Nino,Summer,Dam_Present,3,24,0.125
5270700,MxWdShld,La_Nina,Fall,Dam_Present,3,15,0.2
5270700,MxWdShld,La_Nina,Spring,Dam_Present,4,15,0.26666666666666666
5270700,MxWdShld,La_Nina,Summer,Dam_Present,1,15,0.06666666666666667
5270700,MxWdShld,La_Nina,Winter,Dam_Present,1,15,0.06666666666666667
5270700,MxWdShld,Neutral,Fall,Dam_Present,1,5,0.2
5270700,MxWdShld,Neutral,Spring,Dam_Present,1,5,0.2
5270700,MxWdShld,Neutral,Winter,Dam_Present,1,5,0.2
5275000,CntlPlains,El_Nino,Fall,Dam_Present,2,24,0.08333333333333333
5275000,CntlPlains,El_Nino,Spring,Dam_Present,8,24,0.3333333333333333
5275000,CntlPlains,El_Nino,Summer,Dam_Present,4,24,0.16666666666666666
5275000,CntlPlains,La_Nina,Fall,Dam_Present,3,15,0.2
5275000,CntlPlains,La_Nina,Spring,Dam_Present,3,15,0.2
5275000,CntlPlains,La_Nina,Summer,Dam_Present,2,15,0.13333333333333333
5275000,CntlPlains,Neutral,Spring,Dam_Present,1,5,0.2
5275000,CntlPlains,Neutral,Summer,Dam_Present,1,5,0.2
5280000,CntlPlains,El_Nino,Spring,Dam_Absent,4,24,0.16666666666666666
5280000,CntlPlains,El_Nino,Summer,Dam_Absent,2,24,0.08333333333333333
5280000,CntlPlains,La_Nina,Spring,Dam_Absent,2,15,0.13333333333333333
5280000,CntlPlains,La_Nina,Summer,Dam_Absent,2,15,0.13333333333333333
5280000,CntlPlains,La_Nina,Winter,Dam_Absent,1,15,0.06666666666666667
5280000,CntlPlains,Neutral,Spring,Dam_Absent,1,5,0.2
5286000,CntlPlains,El_Nino,Fall,Dam_Absent,2,24,0.08333333333333333
5286000,CntlPlains,El_Nino,Spring,Dam_Absent,9,24,0.375
5286000,CntlPlains,La_Nina,Fall,Dam_Absent,1,15,0.06666666666666667
5286000,CntlPlains,La_Nina,Spring,Dam_Absent,2,15,0.13333333333333333
5286000,CntlPlains,La_Nina,Summer,Dam_Absent,1,15,0.06666666666666667
5286000,CntlPlains,La_Nina,Winter,Dam_Absent,2,15,0.13333333333333333
5286000,CntlPlains,Neutral,Spring,Dam_Absent,1,5,0.2
5288580,CntlPlains,El_Nino,Spring,Dam_Present,1,24,0.041666666666666664
5288580,CntlPlains,El_Nino,Summer,Dam_Present,1,24,0.041666666666666664
5288580,CntlPlains,La_Nina,Summer,Dam_Present,1,15,0.06666666666666667
5288580,CntlPlains,La_Nina,Winter,Dam_Present,1,15,0.06666666666666667
5288580,CntlPlains,Neutral,Spring,Dam_Present,1,5,0.2
5288580,CntlPlains,Neutral,Summer,Dam_Present,1,5,0.2
5292000,CntlPlains,El_Nino,Fall,Dam_Present,2,24,0.08333333333333333
5292000,CntlPlains,El_Nino,Spring,Dam_Present,5,24,0.20833333333333334
5292000,CntlPlains,El_Nino,Summer,Dam_Present,7,24,0.2916666666666667
5292000,CntlPlains,La_Nina,Fall,Dam_Present,3,15,0.2
5292000,CntlPlains,La_Nina,Spring,Dam_Present,3,15,0.2
5292000,CntlPlains,La_Nina,Summer,Dam_Present,3,15,0.2
5292000,CntlPlains,La_Nina,Winter,Dam_Present,1,15,0.06666666666666667
5292000,CntlPlains,Neutral,Spring,Dam_Present,1,5,0.2
5292000,CntlPlains,Neutral,Summer,Dam_Present,1,5,0.2
5294000,CntlPlains,El_Nino,Fall,Dam_Absent,6,24,0.25
5294000,CntlPlains,El_Nino,Spring,Dam_Absent,5,24,0.20833333333333334
5294000,CntlPlains,El_Nino,Summer,Dam_Absent,3,24,0.125
5294000,CntlPlains,El_Nino,Winter,Dam_Absent,2,24,0.08333333333333333
5294000,CntlPlains,La_Nina,Fall,Dam_Absent,2,15,0.13333333333333333
5294000,CntlPlains,La_Nina,Spring,Dam_Absent,2,15,0.13333333333333333
5294000,CntlPlains,La_Nina,Summer,Dam_Absent,3,15,0.2
5294000,CntlPlains,La_Nina,Winter,Dam_Absent,1,15,0.06666666666666667
5294000,CntlPlains,Neutral,Fall,Dam_Absent,2,5,0.4
5294000,CntlPlains,Neutral,Spring,Dam_Absent,1,5,0.2
5294000,CntlPlains,Neutral,Summer,Dam_Absent,2,5,0.4
5304500,CntlPlains,El_Nino,Fall,Dam_Absent,1,24,0.041666666666666664
5304500,CntlPlains,El_Nino,Spring,Dam_Absent,3,24,0.125
5304500,CntlPlains,El_Nino,Summer,Dam_Absent,2,24,0.08333333333333333
5304500,CntlPlains,La_Nina,Spring,Dam_Absent,2,15,0.13333333333333333
5304500,CntlPlains,La_Nina,Summer,Dam_Absent,1,15,0.06666666666666667
5304500,CntlPlains,La_Nina,Winter,Dam_Absent,1,15,0.06666666666666667
5304500,CntlPlains,Neutral,Spring,Dam_Absent,1,5,0.2
5304500,CntlPlains,Neutral,Summer,Dam_Absent,1,5,0.2
5311000,CntlPlains,El_Nino,Fall,Dam_Present,2,24,0.08333333333333333
5311000,CntlPlains,El_Nino,Spring,Dam_Present,6,24,0.25
5311000,CntlPlains,El_Nino,Summer,Dam_Present,4,24,0.16666666666666666
5311000,CntlPlains,El_Nino,Winter,Dam_Present,2,24,0.08333333333333333
5311000,CntlPlains,La_Nina,Fall,Dam_Present,3,15,0.2
5311000,CntlPlains,La_Nina,Spring,Dam_Present,4,15,0.26666666666666666
5311000,CntlPlains,La_Nina,Summer,Dam_Present,2,15,0.13333333333333333
5311000,CntlPlains,La_Nina,Winter,Dam_Present,2,15,0.13333333333333333
5311000,CntlPlains,Neutral,Spring,Dam_Present,1,5,0.2
5311000,CntlPlains,Neutral,Summer,Dam_Present,1,5,0.2
5313500,CntlPlains,El_Nino,Fall,Dam_Absent,3,24,0.125
5313500,CntlPlains,El_Nino,Spring,Dam_Absent,3,24,0.125
5313500,CntlPlains,El_Nino,Summer,Dam_Absent,3,24,0.125
5313500,CntlPlains,La_Nina,Fall,Dam_Absent,4,15,0.26666666666666666
5313500,CntlPlains,La_Nina,Spring,Dam_Absent,2,15,0.13333333333333333
5313500,CntlPlains,La_Nina,Summer,Dam_Absent,2,15,0.13333333333333333
5313500,CntlPlains,La_Nina,Winter,Dam_Absent,1,15,0.06666666666666667
5313500,CntlPlains,Neutral,Fall,Dam_Absent,1,5,0.2
5313500,CntlPlains,Neutral,Summer,Dam_Absent,1,5,0.2
5316580,CntlPlains,El_Nino,Fall,Dam_Absent,2,24,0.08333333333333333
5316580,CntlPlains,El_Nino,Spring,Dam_Absent,3,24,0.125
5316580,CntlPlains,El_Nino,Summer,Dam_Absent,2,24,0.08333333333333333
5316580,CntlPlains,La_Nina,Spring,Dam_Absent,1,15,0.06666666666666667
5316580,CntlPlains,La_Nina,Summer,Dam_Absent,1,15,0.06666666666666667
5316580,CntlPlains,La_Nina,Winter,Dam_Absent,1,15,0.06666666666666667
5316580,CntlPlains,Neutral,Spring,Dam_Absent,1,5,0.2
5316580,CntlPlains,Neutral,Summer,Dam_Absent,1,5,0.2
5317000,CntlPlains,El_Nino,Fall,Dam_Absent,1,24,0.041666666666666664
5317000,CntlPlains,El_Nino,Spring,Dam_Absent,5,24,0.20833333333333334
5317000,CntlPlains,El_Nino,Summer,Dam_Absent,3,24,0.125
5317000,CntlPlains,La_Nina,Fall,Dam_Absent,2,15,0.13333333333333333
5317000,CntlPlains,La_Nina,Spring,Dam_Absent,4,15,0.26666666666666666
5317000,CntlPlains,La_Nina,Summer,Dam_Absent,1,15,0.06666666666666667
5317000,CntlPlains,Neutral,Spring,Dam_Absent,2,5,0.4
5317000,CntlPlains,Neutral,Summer,Dam_Absent,2,5,0.4
5319500,CntlPlains,El_Nino,Fall,Dam_Absent,1,24,0.041666666666666664
5319500,CntlPlains,El_Nino,Spring,Dam_Absent,2,24,0.08333333333333333
5319500,CntlPlains,El_Nino,Summer,Dam_Absent,4,24,0.16666666666666666
5319500,CntlPlains,La_Nina,Fall,Dam_Absent,1,15,0.06666666666666667
5319500,CntlPlains,La_Nina,Summer,Dam_Absent,3,15,0.2
5319500,CntlPlains,Neutral,Fall,Dam_Absent,1,5,0.2
5320000,CntlPlains,El_Nino,Spring,Dam_Present,5,24,0.20833333333333334
5320000,CntlPlains,El_Nino,Summer,Dam_Present,7,24,0.2916666666666667
5320000,CntlPlains,El_Nino,Winter,Dam_Present,1,24,0.041666666666666664
5320000,CntlPlains,La_Nina,Fall,Dam_Present,4,15,0.26666666666666666
5320000,CntlPlains,La_Nina,Spring,Dam_Present,3,15,0.2
5320000,CntlPlains,La_Nina,Summer,Dam_Present,1,15,0.06666666666666667
5320000,CntlPlains,Neutral,Fall,Dam_Present,1,5,0.2
5320000,CntlPlains,Neutral,Spring,Dam_Present,1,5,0.2
5320000,CntlPlains,Neutral,Summer,Dam_Present,1,5,0.2
5320500,CntlPlains,El_Nino,Spring,Dam_Absent,2,24,0.08333333333333333
5320500,CntlPlains,El_Nino,Summer,Dam_Absent,7,24,0.2916666666666667
5320500,CntlPlains,La_Nina,Fall,Dam_Absent,3,15,0.2
5320500,CntlPlains,La_Nina,Spring,Dam_Absent,4,15,0.26666666666666666
5320500,CntlPlains,La_Nina,Summer,Dam_Absent,3,15,0.2
5320500,CntlPlains,Neutral,Spring,Dam_Absent,1,5,0.2
5320500,CntlPlains,Neutral,Summer,Dam_Absent,1,5,0.2
5325000,CntlPlains,El_Nino,Fall,Dam_Present,1,24,0.041666666666666664
5325000,CntlPlains,El_Nino,Summer,Dam_Present,1,24,0.041666666666666664
5325000,CntlPlains,La_Nina,Spring,Dam_Present,2,15,0.13333333333333333
5325000,CntlPlains,La_Nina,Summer,Dam_Present,1,15,0.06666666666666667
5325000,CntlPlains,Neutral,Summer,Dam_Present,1,5,0.2
5330000,CntlPlains,El_Nino,Spring,Dam_Absent,3,24,0.125
5330000,CntlPlains,El_Nino,Summer,Dam_Absent,5,24,0.20833333333333334
5330000,CntlPlains,El_Nino,Winter,Dam_Absent,1,24,0.041666666666666664
5330000,CntlPlains,La_Nina,Spring,Dam_Absent,2,15,0.13333333333333333
5330000,CntlPlains,La_Nina,Summer,Dam_Absent,2,15,0.13333333333333333
5330000,CntlPlains,La_Nina,Winter,Dam_Absent,1,15,0.06666666666666667
5330000,CntlPlains,Neutral,Spring,Dam_Absent,1,5,0.2
5330000,CntlPlains,Neutral,Summer,Dam_Absent,2,5,0.4
5330920,CntlPlains,El_Nino,Spring,Dam_Absent,1,24,0.041666666666666664
5330920,CntlPlains,El_Nino,Summer,Dam_Absent,1,24,0.041666666666666664
5330920,CntlPlains,La_Nina,Summer,Dam_Absent,1,15,0.06666666666666667
5330920,CntlPlains,Neutral,Spring,Dam_Absent,1,5,0.2
5330920,CntlPlains,Neutral,Summer,Dam_Absent,1,5,0.2
5331833,MxWdShld,El_Nino,Fall,Dam_Absent,3,24,0.125
5331833,MxWdShld,El_Nino,Spring,Dam_Absent,4,24,0.16666666666666666
5331833,MxWdShld,El_Nino,Summer,Dam_Absent,4,24,0.16666666666666666
5331833,MxWdShld,El_Nino,Winter,Dam_Absent,1,24,0.041666666666666664
5331833,MxWdShld,La_Nina,Fall,Dam_Absent,4,15,0.26666666666666666
5331833,MxWdShld,La_Nina,Spring,Dam_Absent,1,15,0.06666666666666667
5331833,MxWdShld,La_Nina,Summer,Dam_Absent,4,15,0.26666666666666666
5331833,MxWdShld,La_Nina,Winter,Dam_Absent,3,15,0.2
5331833,MxWdShld,Neutral,Fall,Dam_Absent,1,5,0.2
5331833,MxWdShld,Neutral,Spring,Dam_Absent,1,5,0.2
5337400,MxWdShld,El_Nino,Fall,Dam_Present,1,24,0.041666666666666664
5337400,MxWdShld,El_Nino,Spring,Dam_Present,1,24,0.041666666666666664
5337400,MxWdShld,El_Nino,Summer,Dam_Present,2,24,0.08333333333333333
5337400,MxWdShld,La_Nina,Fall,Dam_Present,1,15,0.06666666666666667
5337400,MxWdShld,La_Nina,Summer,Dam_Present,2,15,0.13333333333333333
5338500,CntlPlains,El_Nino,Fall,Dam_Present,1,24,0.041666666666666664
5338500,CntlPlains,El_Nino,Spring,Dam_Present,7,24,0.2916666666666667
5338500,CntlPlains,El_Nino,Summer,Dam_Present,4,24,0.16666666666666666
5338500,CntlPlains,El_Nino,Winter,Dam_Present,2,24,0.08333333333333333
5338500,CntlPlains,La_Nina,Fall,Dam_Present,4,15,0.26666666666666666
5338500,CntlPlains,La_Nina,Spring,Dam_Present,3,15,0.2
5338500,CntlPlains,La_Nina,Summer,Dam_Present,1,15,0.06666666666666667
5338500,CntlPlains,La_Nina,Winter,Dam_Present,3,15,0.2
5338500,CntlPlains,Neutral,Fall,Dam_Present,1,5,0.2
5338500,CntlPlains,Neutral,Summer,Dam_Present,1,5,0.2
5338500,CntlPlains,Neutral,Winter,Dam_Present,1,5,0.2
5353800,CntlPlains,El_Nino,Fall,Dam_Absent,2,24,0.08333333333333333
5353800,CntlPlains,El_Nino,Spring,Dam_Absent,8,24,0.3333333333333333
5353800,CntlPlains,El_Nino,Summer,Dam_Absent,9,24,0.375
5353800,CntlPlains,El_Nino,Winter,Dam_Absent,1,24,0.041666666666666664
5353800,CntlPlains,La_Nina,Fall,Dam_Absent,4,15,0.26666666666666666
5353800,CntlPlains,La_Nina,Spring,Dam_Absent,1,15,0.06666666666666667
5353800,CntlPlains,La_Nina,Summer,Dam_Absent,4,15,0.26666666666666666
5353800,CntlPlains,La_Nina,Winter,Dam_Absent,2,15,0.13333333333333333
5353800,CntlPlains,Neutral,Summer,Dam_Absent,2,5,0.4
5353800,CntlPlains,Neutral,Winter,Dam_Absent,1,5,0.2
5355200,CntlPlains,El_Nino,Fall,Dam_Absent,2,24,0.08333333333333333
5355200,CntlPlains,El_Nino,Spring,Dam_Absent,4,24,0.16666666666666666
5355200,CntlPlains,El_Nino,Summer,Dam_Absent,7,24,0.2916666666666667
5355200,CntlPlains,La_Nina,Fall,Dam_Absent,6,15,0.4
5355200,CntlPlains,La_Nina,Spring,Dam_Absent,2,15,0.13333333333333333
5355200,CntlPlains,La_Nina,Summer,Dam_Absent,6,15,0.4
5355200,CntlPlains,La_Nina,Winter,Dam_Absent,3,15,0.2
5355200,CntlPlains,Neutral,Fall,Dam_Absent,2,5,0.4
5355200,CntlPlains,Neutral,Spring,Dam_Absent,1,5,0.2
5355200,CntlPlains,Neutral,Summer,Dam_Absent,1,5,0.2
5359500,MxWdShld,El_Nino,Fall,Dam_Present,1,24,0.041666666666666664
5359500,MxWdShld,El_Nino,Spring,Dam_Present,1,24,0.041666666666666664
5359500,MxWdShld,El_Nino,Winter,Dam_Present,2,24,0.08333333333333333
5359500,MxWdShld,La_Nina,Fall,Dam_Present,2,15,0.13333333333333333
5359500,MxWdShld,La_Nina,Spring,Dam_Present,1,15,0.06666666666666667
5359500,MxWdShld,La_Nina,Summer,Dam_Present,1,15,0.06666666666666667
5359500,MxWdShld,La_Nina,Winter,Dam_Present,1,15,0.06666666666666667
5407470,CntlPlains,El_Nino,Fall,Dam_Absent,6,24,0.25
5407470,CntlPlains,El_Nino,Spring,Dam_Absent,11,24,0.4583333333333333
5407470,CntlPlains,El_Nino,Summer,Dam_Absent,7,24,0.2916666666666667
5407470,CntlPlains,El_Nino,Winter,Dam_Absent,2,24,0.08333333333333333
5407470,CntlPlains,Neutral,Fall,Dam_Absent,1,5,0.2
5407470,CntlPlains,Neutral,Summer,Dam_Absent,3,5,0.6
5407470,CntlPlains,Neutral,Winter,Dam_Absent,1,5,0.2
5408000,CntlPlains,El_Nino,Fall,Dam_Absent,8,24,0.3333333333333333
5408000,CntlPlains,El_Nino,Spring,Dam_Absent,12,24,0.5
5408000,CntlPlains,El_Nino,Summer,Dam_Absent,16,24,0.6666666666666666
5408000,CntlPlains,El_Nino,Winter,Dam_Absent,3,24,0.125
5408000,CntlPlains,La_Nina,Fall,Dam_Absent,8,15,0.5333333333333333
5408000,CntlPlains,La_Nina,Spring,Dam_Absent,4,15,0.26666666666666666
5408000,CntlPlains,La_Nina,Summer,Dam_Absent,3,15,0.2
5408000,CntlPlains,La_Nina,Winter,Dam_Absent,3,15,0.2
5408000,CntlPlains,Neutral,Fall,Dam_Absent,2,5,0.4
5408000,CntlPlains,Neutral,Spring,Dam_Absent,1,5,0.2
5408000,CntlPlains,Neutral,Summer,Dam_Absent,4,5,0.8
5408000,CntlPlains,Neutral,Winter,Dam_Absent,1,5,0.2
5412500,CntlPlains,El_Nino,Fall,Dam_Absent,7,24,0.2916666666666667
5412500,CntlPlains,El_Nino,Spring,Dam_Absent,11,24,0.4583333333333333
5412500,CntlPlains,El_Nino,Summer,Dam_Absent,6,24,0.25
5412500,CntlPlains,El_Nino,Winter,Dam_Absent,1,24,0.041666666666666664
5412500,CntlPlains,La_Nina,Fall,Dam_Absent,1,15,0.06666666666666667
5412500,CntlPlains,La_Nina,Spring,Dam_Absent,5,15,0.3333333333333333
5412500,CntlPlains,La_Nina,Summer,Dam_Absent,6,15,0.4
5412500,CntlPlains,La_Nina,Winter,Dam_Absent,3,15,0.2
5412500,CntlPlains,Neutral,Fall,Dam_Absent,3,5,0.6
5412500,CntlPlains,Neutral,Summer,Dam_Absent,1,5,0.2
5418400,CntlPlains,El_Nino,Fall,Dam_Present,3,24,0.125
5418400,CntlPlains,El_Nino,Spring,Dam_Present,6,24,0.25
5418400,CntlPlains,El_Nino,Summer,Dam_Present,3,24,0.125
5418400,CntlPlains,El_Nino,Winter,Dam_Present,2,24,0.08333333333333333
5418400,CntlPlains,La_Nina,Fall,Dam_Present,3,15,0.2
5418400,CntlPlains,La_Nina,Spring,Dam_Present,1,15,0.06666666666666667
5418400,CntlPlains,La_Nina,Summer,Dam_Present,3,15,0.2
5418400,CntlPlains,La_Nina,Winter,Dam_Present,2,15,0.13333333333333333
5418400,CntlPlains,Neutral,Fall,Dam_Present,2,5,0.4
5418400,CntlPlains,Neutral,Summer,Dam_Present,2,5,0.4
5424000,CntlPlains,El_Nino,Fall,Dam_Present,1,24,0.041666666666666664
5424000,CntlPlains,El_Nino,Spring,Dam_Present,1,24,0.041666666666666664
5424000,CntlPlains,El_Nino,Summer,Dam_Present,1,24,0.041666666666666664
5424000,CntlPlains,La_Nina,Summer,Dam_Present,1,15,0.06666666666666667
5424000,CntlPlains,La_Nina,Winter,Dam_Present,1,15,0.06666666666666667
5455500,CntlPlains,El_Nino,Fall,Dam_Present,4,24,0.16666666666666666
5455500,CntlPlains,El_Nino,Spring,Dam_Present,12,24,0.5
5455500,CntlPlains,El_Nino,Summer,Dam_Present,10,24,0.4166666666666667
5455500,CntlPlains,El_Nino,Winter,Dam_Present,1,24,0.041666666666666664
5455500,CntlPlains,La_Nina,Fall,Dam_Present,2,15,0.13333333333333333
5455500,CntlPlains,La_Nina,Spring,Dam_Present,2,15,0.13333333333333333
5455500,CntlPlains,La_Nina,Summer,Dam_Present,1,15,0.06666666666666667
5455500,CntlPlains,La_Nina,Winter,Dam_Present,3,15,0.2
5455500,CntlPlains,Neutral,Fall,Dam_Present,3,5,0.6
5455500,CntlPlains,Neutral,Summer,Dam_Present,1,5,0.2
5455700,CntlPlains,El_Nino,Fall,Dam_Absent,4,24,0.16666666666666666
5455700,CntlPlains,El_Nino,Spring,Dam_Absent,7,24,0.2916666666666667
5455700,CntlPlains,El_Nino,Summer,Dam_Absent,5,24,0.20833333333333334
5455700,CntlPlains,El_Nino,Winter,Dam_Absent,3,24,0.125
5455700,CntlPlains,La_Nina,Fall,Dam_Absent,4,15,0.26666666666666666
5455700,CntlPlains,La_Nina,Spring,Dam_Absent,3,15,0.2
5455700,CntlPlains,La_Nina,Summer,Dam_Absent,5,15,0.3333333333333333
5455700,CntlPlains,La_Nina,Winter,Dam_Absent,5,15,0.3333333333333333
5455700,CntlPlains,Neutral,Spring,Dam_Absent,1,5,0.2
5455700,CntlPlains,Neutral,Summer,Dam_Absent,1,5,0.2
5455700,CntlPlains,Neutral,Winter,Dam_Absent,1,5,0.2
5457000,CntlPlains,El_Nino,Fall,Dam_Absent,2,24,0.08333333333333333
5457000,CntlPlains,El_Nino,Spring,Dam_Absent,10,24,0.4166666666666667
5457000,CntlPlains,El_Nino,Summer,Dam_Absent,9,24,0.375
5457000,CntlPlains,El_Nino,Winter,Dam_Absent,2,24,0.08333333333333333
5457000,CntlPlains,La_Nina,Fall,Dam_Absent,6,15,0.4
5457000,CntlPlains,La_Nina,Spring,Dam_Absent,3,15,0.2
5457000,CntlPlains,La_Nina,Summer,Dam_Absent,6,15,0.4
5457000,CntlPlains,La_Nina,Winter,Dam_Absent,4,15,0.26666666666666666
5457000,CntlPlains,Neutral,Fall,Dam_Absent,1,5,0.2
5457000,CntlPlains,Neutral,Spring,Dam_Absent,2,5,0.4
5457000,CntlPlains,Neutral,Summer,Dam_Absent,1,5,0.2
5457000,CntlPlains,Neutral,Winter,Dam_Absent,1,5,0.2
5457700,CntlPlains,El_Nino,Fall,Dam_Absent,5,24,0.20833333333333334
5457700,CntlPlains,El_Nino,Spring,Dam_Absent,8,24,0.3333333333333333
5457700,CntlPlains,El_Nino,Summer,Dam_Absent,10,24,0.4166666666666667
5457700,CntlPlains,El_Nino,Winter,Dam_Absent,3,24,0.125
5457700,CntlPlains,La_Nina,Fall,Dam_Absent,2,15,0.13333333333333333
5457700,CntlPlains,La_Nina,Spring,Dam_Absent,2,15,0.13333333333333333
5457700,CntlPlains,La_Nina,Summer,Dam_Absent,2,15,0.13333333333333333
5457700,CntlPlains,Neutral,Spring,Dam_Absent,2,5,0.4
5458300,CntlPlains,El_Nino,Spring,Dam_Absent,4,24,0.16666666666666666
5458300,CntlPlains,El_Nino,Summer,Dam_Absent,1,24,0.041666666666666664
5458300,CntlPlains,La_Nina,Fall,Dam_Absent,3,15,0.2
5458300,CntlPlains,La_Nina,Spring,Dam_Absent,2,15,0.13333333333333333
5458300,CntlPlains,La_Nina,Summer,Dam_Absent,1,15,0.06666666666666667
5458300,CntlPlains,La_Nina,Winter,Dam_Absent,2,15,0.13333333333333333
5458300,CntlPlains,Neutral,Spring,Dam_Absent,1,5,0.2
5458300,CntlPlains,Neutral,Summer,Dam_Absent,1,5,0.2
5458500,CntlPlains,El_Nino,Fall,Dam_Absent,2,24,0.08333333333333333
5458500,CntlPlains,El_Nino,Spring,Dam_Absent,5,24,0.20833333333333334
5458500,CntlPlains,El_Nino,Summer,Dam_Absent,6,24,0.25
5458500,CntlPlains,El_Nino,Winter,Dam_Absent,2,24,0.08333333333333333
5458500,CntlPlains,La_Nina,Fall,Dam_Absent,5,15,0.3333333333333333
5458500,CntlPlains,La_Nina,Spring,Dam_Absent,3,15,0.2
5458500,CntlPlains,La_Nina,Summer,Dam_Absent,3,15,0.2
5458500,CntlPlains,La_Nina,Winter,Dam_Absent,2,15,0.13333333333333333
5458500,CntlPlains,Neutral,Spring,Dam_Absent,2,5,0.4
5459500,CntlPlains,El_Nino,Fall,Dam_Absent,1,24,0.041666666666666664
5459500,CntlPlains,El_Nino,Spring,Dam_Absent,5,24,0.20833333333333334
5459500,CntlPlains,El_Nino,Summer,Dam_Absent,5,24,0.20833333333333334
5459500,CntlPlains,El_Nino,Winter,Dam_Absent,1,24,0.041666666666666664
5459500,CntlPlains,La_Nina,Fall,Dam_Absent,4,15,0.26666666666666666
5459500,CntlPlains,La_Nina,Spring,Dam_Absent,2,15,0.13333333333333333
5459500,CntlPlains,La_Nina,Summer,Dam_Absent,5,15,0.3333333333333333
5459500,CntlPlains,La_Nina,Winter,Dam_Absent,4,15,0.26666666666666666
5459500,CntlPlains,Neutral,Spring,Dam_Absent,3,5,0.6
5462000,CntlPlains,El_Nino,Fall,Dam_Absent,1,24,0.041666666666666664
5462000,CntlPlains,El_Nino,Spring,Dam_Absent,7,24,0.2916666666666667
5462000,CntlPlains,El_Nino,Summer,Dam_Absent,6,24,0.25
5462000,CntlPlains,La_Nina,Fall,Dam_Absent,2,15,0.13333333333333333
5462000,CntlPlains,La_Nina,Spring,Dam_Absent,3,15,0.2
5462000,CntlPlains,La_Nina,Winter,Dam_Absent,2,15,0.13333333333333333
5462000,CntlPlains,Neutral,Spring,Dam_Absent,2,5,0.4
5476500,CntlPlains,El_Nino,Spring,Dam_Absent,2,24,0.08333333333333333
5476500,CntlPlains,El_Nino,Summer,Dam_Absent,1,24,0.041666666666666664
5476750,CntlPlains,El_Nino,Spring,Dam_Absent,5,24,0.20833333333333334
5476750,CntlPlains,El_Nino,Summer,Dam_Absent,6,24,0.25
5476750,CntlPlains,El_Nino,Winter,Dam_Absent,3,24,0.125
5476750,CntlPlains,La_Nina,Fall,Dam_Absent,1,15,0.06666666666666667
5476750,CntlPlains,La_Nina,Spring,Dam_Absent,2,15,0.13333333333333333
5476750,CntlPlains,La_Nina,Summer,Dam_Absent,2,15,0.13333333333333333
5476750,CntlPlains,Neutral,Spring,Dam_Absent,2,5,0.4
5476750,CntlPlains,Neutral,Summer,Dam_Absent,1,5,0.2
5479000,CntlPlains,El_Nino,Spring,Dam_Absent,6,24,0.25
5479000,CntlPlains,El_Nino,Summer,Dam_Absent,2,24,0.08333333333333333
5479000,CntlPlains,El_Nino,Winter,Dam_Absent,1,24,0.041666666666666664
5479000,CntlPlains,La_Nina,Fall,Dam_Absent,6,15,0.4
5479000,CntlPlains,La_Nina,Spring,Dam_Absent,1,15,0.06666666666666667
5479000,CntlPlains,La_Nina,Summer,Dam_Absent,3,15,0.2
5479000,CntlPlains,La_Nina,Winter,Dam_Absent,3,15,0.2
5479000,CntlPlains,Neutral,Spring,Dam_Absent,2,5,0.4
5479000,CntlPlains,Neutral,Winter,Dam_Absent,1,5,0.2
5480500,CntlPlains,El_Nino,Spring,Dam_Absent,5,24,0.20833333333333334
5480500,CntlPlains,El_Nino,Summer,Dam_Absent,7,24,0.2916666666666667
5480500,CntlPlains,El_Nino,Winter,Dam_Absent,1,24,0.041666666666666664
5480500,CntlPlains,La_Nina,Fall,Dam_Absent,1,15,0.06666666666666667
5480500,CntlPlains,La_Nina,Spring,Dam_Absent,2,15,0.13333333333333333
5480500,CntlPlains,La_Nina,Summer,Dam_Absent,4,15,0.26666666666666666
5480500,CntlPlains,La_Nina,Winter,Dam_Absent,1,15,0.06666666666666667
5480500,CntlPlains,Neutral,Spring,Dam_Absent,1,5,0.2
5480500,CntlPlains,Neutral,Summer,Dam_Absent,2,5,0.4
5481300,CntlPlains,El_Nino,Spring,Dam_Absent,6,24,0.25
5481300,CntlPlains,El_Nino,Summer,Dam_Absent,3,24,0.125
5481300,CntlPlains,El_Nino,Winter,Dam_Absent,1,24,0.041666666666666664
5481300,CntlPlains,La_Nina,Fall,Dam_Absent,2,15,0.13333333333333333
5481300,CntlPlains,La_Nina,Spring,Dam_Absent,2,15,0.13333333333333333
5481300,CntlPlains,La_Nina,Summer,Dam_Absent,2,15,0.13333333333333333
5481300,CntlPlains,La_Nina,Winter,Dam_Absent,1,15,0.06666666666666667
5481300,CntlPlains,Neutral,Spring,Dam_Absent,2,5,0.4
5483600,CntlPlains,El_Nino,Fall,Dam_Present,3,24,0.125
5483600,CntlPlains,El_Nino,Spring,Dam_Present,6,24,0.25
5483600,CntlPlains,El_Nino,Summer,Dam_Present,5,24,0.20833333333333334
5483600,CntlPlains,El_Nino,Winter,Dam_Present,3,24,0.125
5483600,CntlPlains,La_Nina,Fall,Dam_Present,4,15,0.26666666666666666
5483600,CntlPlains,La_Nina,Spring,Dam_Present,7,15,0.4666666666666667
5483600,CntlPlains,La_Nina,Summer,Dam_Present,5,15,0.3333333333333333
5483600,CntlPlains,La_Nina,Winter,Dam_Present,3,15,0.2
5483600,CntlPlains,Neutral,Fall,Dam_Present,1,5,0.2
5483600,CntlPlains,Neutral,Spring,Dam_Present,2,5,0.4
5483600,CntlPlains,Neutral,Summer,Dam_Present,1,5,0.2
5483600,CntlPlains,Neutral,Winter,Dam_Present,1,5,0.2
5484000,CntlPlains,El_Nino,Fall,Dam_Absent,1,24,0.041666666666666664
5484000,CntlPlains,El_Nino,Spring,Dam_Absent,9,24,0.375
5484000,CntlPlains,El_Nino,Summer,Dam_Absent,8,24,0.3333333333333333
5484000,CntlPlains,El_Nino,Winter,Dam_Absent,3,24,0.125
5484000,CntlPlains,La_Nina,Fall,Dam_Absent,5,15,0.3333333333333333
5484000,CntlPlains,La_Nina,Spring,Dam_Absent,3,15,0.2
5484000,CntlPlains,La_Nina,Summer,Dam_Absent,6,15,0.4
5484000,CntlPlains,La_Nina,Winter,Dam_Absent,5,15,0.3333333333333333
5484000,CntlPlains,Neutral,Fall,Dam_Absent,1,5,0.2
5484000,CntlPlains,Neutral,Spring,Dam_Absent,1,5,0.2
5484500,CntlPlains,El_Nino,Fall,Dam_Present,2,24,0.08333333333333333
5484500,CntlPlains,El_Nino,Spring,Dam_Present,6,24,0.25
5484500,CntlPlains,El_Nino,Summer,Dam_Present,5,24,0.20833333333333334
5484500,CntlPlains,La_Nina,Fall,Dam_Present,3,15,0.2
5484500,CntlPlains,La_Nina,Spring,Dam_Present,5,15,0.3333333333333333
5484500,CntlPlains,La_Nina,Summer,Dam_Present,5,15,0.3333333333333333
5484500,CntlPlains,La_Nina,Winter,Dam_Present,2,15,0.13333333333333333
5484500,CntlPlains,Neutral,Fall,Dam_Present,1,5,0.2
5484500,CntlPlains,Neutral,Spring,Dam_Present,1,5,0.2
5484500,CntlPlains,Neutral,Winter,Dam_Present,1,5,0.2
5484650,CntlPlains,El_Nino,Fall,Dam_Present,1,24,0.041666666666666664
5484650,CntlPlains,El_Nino,Spring,Dam_Present,5,24,0.20833333333333334
5484650,CntlPlains,El_Nino,Summer,Dam_Present,5,24,0.20833333333333334
5484650,CntlPlains,El_Nino,Winter,Dam_Present,1,24,0.041666666666666664
5484650,CntlPlains,La_Nina,Fall,Dam_Present,6,15,0.4
5484650,CntlPlains,La_Nina,Spring,Dam_Present,1,15,0.06666666666666667
5484650,CntlPlains,La_Nina,Summer,Dam_Present,4,15,0.26666666666666666
5484650,CntlPlains,La_Nina,Winter,Dam_Present,3,15,0.2
5484650,CntlPlains,Neutral,Spring,Dam_Present,3,5,0.6
5484650,CntlPlains,Neutral,Winter,Dam_Present,1,5,0.2
5484900,CntlPlains,El_Nino,Fall,Dam_Present,3,24,0.125
5484900,CntlPlains,El_Nino,Spring,Dam_Present,4,24,0.16666666666666666
5484900,CntlPlains,El_Nino,Summer,Dam_Present,3,24,0.125
5484900,CntlPlains,El_Nino,Winter,Dam_Present,1,24,0.041666666666666664
5484900,CntlPlains,La_Nina,Fall,Dam_Present,6,15,0.4
5484900,CntlPlains,La_Nina,Spring,Dam_Present,3,15,0.2
5484900,CntlPlains,La_Nina,Summer,Dam_Present,2,15,0.13333333333333333
5484900,CntlPlains,La_Nina,Winter,Dam_Present,3,15,0.2
5484900,CntlPlains,Neutral,Fall,Dam_Present,1,5,0.2
5484900,CntlPlains,Neutral,Spring,Dam_Present,1,5,0.2
5484900,CntlPlains,Neutral,Summer,Dam_Present,1,5,0.2
5485500,CntlPlains,El_Nino,Fall,Dam_Absent,1,24,0.041666666666666664
5485500,CntlPlains,El_Nino,Spring,Dam_Absent,7,24,0.2916666666666667
5485500,CntlPlains,El_Nino,Summer,Dam_Absent,4,24,0.16666666666666666
5485500,CntlPlains,El_Nino,Winter,Dam_Absent,2,24,0.08333333333333333
5485500,CntlPlains,La_Nina,Fall,Dam_Absent,4,15,0.26666666666666666
5485500,CntlPlains,La_Nina,Spring,Dam_Absent,4,15,0.26666666666666666
5485500,CntlPlains,La_Nina,Summer,Dam_Absent,1,15,0.06666666666666667
5485500,CntlPlains,La_Nina,Winter,Dam_Absent,1,15,0.06666666666666667
5485500,CntlPlains,Neutral,Fall,Dam_Absent,1,5,0.2
5485500,CntlPlains,Neutral,Spring,Dam_Absent,3,5,0.6
5486000,CntlPlains,El_Nino,Fall,Dam_Absent,3,24,0.125
5486000,CntlPlains,El_Nino,Spring,Dam_Absent,8,24,0.3333333333333333
5486000,CntlPlains,El_Nino,Summer,Dam_Absent,10,24,0.4166666666666667
5486000,CntlPlains,El_Nino,Winter,Dam_Absent,1,24,0.041666666666666664
5486000,CntlPlains,La_Nina,Fall,Dam_Absent,3,15,0.2
5486000,CntlPlains,La_Nina,Spring,Dam_Absent,4,15,0.26666666666666666
5486000,CntlPlains,La_Nina,Summer,Dam_Absent,3,15,0.2
5486000,CntlPlains,La_Nina,Winter,Dam_Absent,6,15,0.4
5486000,CntlPlains,Neutral,Fall,Dam_Absent,1,5,0.2
5486000,CntlPlains,Neutral,Spring,Dam_Absent,2,5,0.4
5486000,CntlPlains,Neutral,Summer,Dam_Absent,1,5,0.2
5487470,CntlPlains,El_Nino,Fall,Dam_Absent,8,24,0.3333333333333333
5487470,CntlPlains,El_Nino,Spring,Dam_Absent,9,24,0.375
5487470,CntlPlains,El_Nino,Summer,Dam_Absent,10,24,0.4166666666666667
5487470,CntlPlains,El_Nino,Winter,Dam_Absent,2,24,0.08333333333333333
5487470,CntlPlains,La_Nina,Fall,Dam_Absent,4,15,0.26666666666666666
5487470,CntlPlains,La_Nina,Spring,Dam_Absent,3,15,0.2
5487470,CntlPlains,La_Nina,Summer,Dam_Absent,4,15,0.26666666666666666
5487470,CntlPlains,La_Nina,Winter,Dam_Absent,2,15,0.13333333333333333
5487470,CntlPlains,Neutral,Fall,Dam_Absent,3,5,0.6
5487470,CntlPlains,Neutral,Spring,Dam_Absent,1,5,0.2
5487470,CntlPlains,Neutral,Summer,Dam_Absent,1,5,0.2
5487500,CntlPlains,El_Nino,Fall,Dam_Absent,1,24,0.041666666666666664
5487500,CntlPlains,El_Nino,Spring,Dam_Absent,3,24,0.125
5487500,CntlPlains,El_Nino,Summer,Dam_Absent,6,24,0.25
5487500,CntlPlains,El_Nino,Winter,Dam_Absent,1,24,0.041666666666666664
5487500,CntlPlains,La_Nina,Fall,Dam_Absent,2,15,0.13333333333333333
5487500,CntlPlains,La_Nina,Spring,Dam_Absent,1,15,0.06666666666666667
5487500,CntlPlains,La_Nina,Summer,Dam_Absent,1,15,0.06666666666666667
5488110,CntlPlains,El_Nino,Fall,Dam_Present,1,24,0.041666666666666664
5488110,CntlPlains,El_Nino,Spring,Dam_Present,10,24,0.4166666666666667
5488110,CntlPlains,El_Nino,Summer,Dam_Present,2,24,0.08333333333333333
5488110,CntlPlains,El_Nino,Winter,Dam_Present,6,24,0.25
5488110,CntlPlains,La_Nina,Fall,Dam_Present,8,15,0.5333333333333333
5488110,CntlPlains,La_Nina,Spring,Dam_Present,6,15,0.4
5488110,CntlPlains,La_Nina,Summer,Dam_Present,6,15,0.4
5488110,CntlPlains,La_Nina,Winter,Dam_Present,4,15,0.26666666666666666
5488110,CntlPlains,Neutral,Spring,Dam_Present,2,5,0.4
5488110,CntlPlains,Neutral,Summer,Dam_Present,1,5,0.2
5488110,CntlPlains,Neutral,Winter,Dam_Present,3,5,0.6
5488500,CntlPlains,El_Nino,Fall,Dam_Absent,1,24,0.041666666666666664
5488500,CntlPlains,El_Nino,Spring,Dam_Absent,10,24,0.4166666666666667
5488500,CntlPlains,El_Nino,Summer,Dam_Absent,2,24,0.08333333333333333
5488500,CntlPlains,El_Nino,Winter,Dam_Absent,7,24,0.2916666666666667
5488500,CntlPlains,La_Nina,Fall,Dam_Absent,5,15,0.3333333333333333
5488500,CntlPlains,La_Nina,Spring,Dam_Absent,4,15,0.26666666666666666
5488500,CntlPlains,La_Nina,Summer,Dam_Absent,7,15,0.4666666666666667
5488500,CntlPlains,La_Nina,Winter,Dam_Absent,4,15,0.26666666666666666
5488500,CntlPlains,Neutral,Spring,Dam_Absent,2,5,0.4
5488500,CntlPlains,Neutral,Summer,Dam_Absent,1,5,0.2
5488500,CntlPlains,Neutral,Winter,Dam_Absent,3,5,0.6
5489500,CntlPlains,El_Nino,Fall,Dam_Present,2,24,0.08333333333333333
5489500,CntlPlains,El_Nino,Spring,Dam_Present,11,24,0.4583333333333333
5489500,CntlPlains,El_Nino,Summer,Dam_Present,3,24,0.125
5489500,CntlPlains,El_Nino,Winter,Dam_Present,5,24,0.20833333333333334
5489500,CntlPlains,La_Nina,Fall,Dam_Present,8,15,0.5333333333333333
5489500,CntlPlains,La_Nina,Spring,Dam_Present,5,15,0.3333333333333333
5489500,CntlPlains,La_Nina,Summer,Dam_Present,5,15,0.3333333333333333
5489500,CntlPlains,La_Nina,Winter,Dam_Present,2,15,0.13333333333333333
5489500,CntlPlains,Neutral,Spring,Dam_Present,1,5,0.2
5489500,CntlPlains,Neutral,Summer,Dam_Present,1,5,0.2
5489500,CntlPlains,Neutral,Winter,Dam_Present,4,5,0.8
5490500,CntlPlains,El_Nino,Fall,Dam_Absent,1,24,0.041666666666666664
5490500,CntlPlains,El_Nino,Spring,Dam_Absent,10,24,0.4166666666666667
5490500,CntlPlains,El_Nino,Summer,Dam_Absent,3,24,0.125
5490500,CntlPlains,El_Nino,Winter,Dam_Absent,5,24,0.20833333333333334
5490500,CntlPlains,La_Nina,Fall,Dam_Absent,7,15,0.4666666666666667
5490500,CntlPlains,La_Nina,Spring,Dam_Absent,4,15,0.26666666666666666
5490500,CntlPlains,La_Nina,Summer,Dam_Absent,5,15,0.3333333333333333
5490500,CntlPlains,La_Nina,Winter,Dam_Absent,6,15,0.4
5490500,CntlPlains,Neutral,Spring,Dam_Absent,1,5,0.2
5490500,CntlPlains,Neutral,Summer,Dam_Absent,1,5,0.2
5490500,CntlPlains,Neutral,Winter,Dam_Absent,3,5,0.6
5495000,CntlPlains,El_Nino,Fall,Dam_Absent,3,24,0.125
5495000,CntlPlains,El_Nino,Spring,Dam_Absent,9,24,0.375
5495000,CntlPlains,El_Nino,Summer,Dam_Absent,5,24,0.20833333333333334
5495000,CntlPlains,El_Nino,Winter,Dam_Absent,4,24,0.16666666666666666
5495000,CntlPlains,La_Nina,Fall,Dam_Absent,5,15,0.3333333333333333
5495000,CntlPlains,La_Nina,Spring,Dam_Absent,1,15,0.06666666666666667
5495000,CntlPlains,La_Nina,Summer,Dam_Absent,2,15,0.13333333333333333
5495000,CntlPlains,La_Nina,Winter,Dam_Absent,4,15,0.26666666666666666
5495000,CntlPlains,Neutral,Fall,Dam_Absent,3,5,0.6
5495000,CntlPlains,Neutral,Spring,Dam_Absent,3,5,0.6
5495000,CntlPlains,Neutral,Summer,Dam_Absent,2,5,0.4
5495000,CntlPlains,Neutral,Winter,Dam_Absent,1,5,0.2
5497000,CntlPlains,El_Nino,Fall,Dam_Absent,1,24,0.041666666666666664
5497000,CntlPlains,El_Nino,Spring,Dam_Absent,1,24,0.041666666666666664
5497000,CntlPlains,El_Nino,Summer,Dam_Absent,2,24,0.08333333333333333
5497000,CntlPlains,La_Nina,Fall,Dam_Absent,2,15,0.13333333333333333
5497000,CntlPlains,La_Nina,Summer,Dam_Absent,3,15,0.2
5497000,CntlPlains,La_Nina,Winter,Dam_Absent,2,15,0.13333333333333333
5497150,CntlPlains,El_Nino,Fall,Dam_Absent,1,24,0.041666666666666664
5497150,CntlPlains,El_Nino,Spring,Dam_Absent,6,24,0.25
5497150,CntlPlains,El_Nino,Summer,Dam_Absent,2,24,0.08333333333333333
5497150,CntlPlains,El_Nino,Winter,Dam_Absent,4,24,0.16666666666666666
5497150,CntlPlains,La_Nina,Fall,Dam_Absent,6,15,0.4
5497150,CntlPlains,La_Nina,Summer,Dam_Absent,3,15,0.2
5497150,CntlPlains,La_Nina,Winter,Dam_Absent,2,15,0.13333333333333333
5497150,CntlPlains,Neutral,Fall,Dam_Absent,3,5,0.6
5497150,CntlPlains,Neutral,Spring,Dam_Absent,1,5,0.2
5497150,CntlPlains,Neutral,Summer,Dam_Absent,1,5,0.2
5507800,CntlPlains,El_Nino,Fall,Dam_Present,5,24,0.20833333333333334
5507800,CntlPlains,El_Nino,Spring,Dam_Present,9,24,0.375
5507800,CntlPlains,El_Nino,Summer,Dam_Present,5,24,0.20833333333333334
5507800,CntlPlains,El_Nino,Winter,Dam_Present,5,24,0.20833333333333334
5507800,CntlPlains,La_Nina,Fall,Dam_Present,2,15,0.13333333333333333
5507800,CntlPlains,La_Nina,Spring,Dam_Present,6,15,0.4
5507800,CntlPlains,La_Nina,Summer,Dam_Present,3,15,0.2
5507800,CntlPlains,La_Nina,Winter,Dam_Present,3,15,0.2
5507800,CntlPlains,Neutral,Fall,Dam_Present,4,5,0.8
5507800,CntlPlains,Neutral,Summer,Dam_Present,1,5,0.2
5507800,CntlPlains,Neutral,Winter,Dam_Present,1,5,0.2
5508000,CntlPlains,El_Nino,Fall,Dam_Absent,7,24,0.2916666666666667
5508000,CntlPlains,El_Nino,Spring,Dam_Absent,10,24,0.4166666666666667
5508000,CntlPlains,El_Nino,Summer,Dam_Absent,6,24,0.25
5508000,CntlPlains,El_Nino,Winter,Dam_Absent,8,24,0.3333333333333333
5508000,CntlPlains,La_Nina,Fall,Dam_Absent,6,15,0.4
5508000,CntlPlains,La_Nina,Spring,Dam_Absent,7,15,0.4666666666666667
5508000,CntlPlains,La_Nina,Summer,Dam_Absent,3,15,0.2
5508000,CntlPlains,La_Nina,Winter,Dam_Absent,4,15,0.26666666666666666
5508000,CntlPlains,Neutral,Fall,Dam_Absent,3,5,0.6
5508000,CntlPlains,Neutral,Summer,Dam_Absent,1,5,0.2
5508000,CntlPlains,Neutral,Winter,Dam_Absent,2,5,0.4
6012500,WestMnts,El_Nino,Spring,Dam_Present,3,24,0.125
6012500,WestMnts,El_Nino,Summer,Dam_Present,8,24,0.3333333333333333
6012500,WestMnts,La_Nina,Fall,Dam_Present,2,15,0.13333333333333333
6012500,WestMnts,La_Nina,Summer,Dam_Present,2,15,0.13333333333333333
6012500,WestMnts,Neutral,Summer,Dam_Present,2,5,0.4
6016000,WestMnts,El_Nino,Spring,Dam_Absent,10,24,0.4166666666666667
6016000,WestMnts,El_Nino,Summer,Dam_Absent,9,24,0.375
6016000,WestMnts,La_Nina,Fall,Dam_Absent,3,15,0.2
6016000,WestMnts,La_Nina,Summer,Dam_Absent,2,15,0.13333333333333333
6017000,WestMnts,El_Nino,Fall,Dam_Absent,2,24,0.08333333333333333
6017000,WestMnts,El_Nino,Spring,Dam_Absent,7,24,0.2916666666666667
6017000,WestMnts,El_Nino,Summer,Dam_Absent,8,24,0.3333333333333333
6017000,WestMnts,La_Nina,Fall,Dam_Absent,5,15,0.3333333333333333
6017000,WestMnts,La_Nina,Spring,Dam_Absent,2,15,0.13333333333333333
6017000,WestMnts,La_Nina,Summer,Dam_Absent,2,15,0.13333333333333333
6018500,WestMnts,El_Nino,Fall,Dam_Absent,3,24,0.125
6018500,WestMnts,El_Nino,Spring,Dam_Absent,10,24,0.4166666666666667
6018500,WestMnts,El_Nino,Summer,Dam_Absent,8,24,0.3333333333333333
6018500,WestMnts,El_Nino,Winter,Dam_Absent,10,24,0.4166666666666667
6018500,WestMnts,La_Nina,Fall,Dam_Absent,8,15,0.5333333333333333
6018500,WestMnts,La_Nina,Spring,Dam_Absent,3,15,0.2
6018500,WestMnts,La_Nina,Summer,Dam_Absent,8,15,0.5333333333333333
6018500,WestMnts,La_Nina,Winter,Dam_Absent,2,15,0.13333333333333333
6018500,WestMnts,Neutral,Spring,Dam_Absent,1,5,0.2
6020600,WestMnts,El_Nino,Fall,Dam_Present,4,24,0.16666666666666666
6020600,WestMnts,El_Nino,Spring,Dam_Present,4,24,0.16666666666666666
6020600,WestMnts,El_Nino,Summer,Dam_Present,11,24,0.4583333333333333
6020600,WestMnts,El_Nino,Winter,Dam_Present,3,24,0.125
6020600,WestMnts,La_Nina,Fall,Dam_Present,4,15,0.26666666666666666
6020600,WestMnts,La_Nina,Spring,Dam_Present,1,15,0.06666666666666667
6020600,WestMnts,La_Nina,Summer,Dam_Present,6,15,0.4
6020600,WestMnts,Neutral,Spring,Dam_Present,2,5,0.4
6020600,WestMnts,Neutral,Summer,Dam_Present,2,5,0.4
6023100,WestMnts,El_Nino,Summer,Dam_Absent,2,24,0.08333333333333333
6023100,WestMnts,La_Nina,Fall,Dam_Absent,1,15,0.06666666666666667
6023100,WestMnts,La_Nina,Summer,Dam_Absent,2,15,0.13333333333333333
6026500,WestMnts,El_Nino,Fall,Dam_Absent,2,24,0.08333333333333333
6026500,WestMnts,El_Nino,Spring,Dam_Absent,6,24,0.25
6026500,WestMnts,El_Nino,Summer,Dam_Absent,6,24,0.25
6026500,WestMnts,El_Nino,Winter,Dam_Absent,4,24,0.16666666666666666
6026500,WestMnts,La_Nina,Fall,Dam_Absent,4,15,0.26666666666666666
6026500,WestMnts,La_Nina,Spring,Dam_Absent,6,15,0.4
6026500,WestMnts,La_Nina,Summer,Dam_Absent,1,15,0.06666666666666667
6026500,WestMnts,La_Nina,Winter,Dam_Absent,2,15,0.13333333333333333
6026500,WestMnts,Neutral,Spring,Dam_Absent,1,5,0.2
6035000,WestMnts,El_Nino,Fall,Dam_Absent,1,24,0.041666666666666664
6035000,WestMnts,El_Nino,Spring,Dam_Absent,7,24,0.2916666666666667
6035000,WestMnts,El_Nino,Summer,Dam_Absent,3,24,0.125
6035000,WestMnts,La_Nina,Fall,Dam_Absent,2,15,0.13333333333333333
6035000,WestMnts,La_Nina,Spring,Dam_Absent,3,15,0.2
6035000,WestMnts,La_Nina,Summer,Dam_Absent,4,15,0.26666666666666666
6035000,WestMnts,Neutral,Spring,Dam_Absent,2,5,0.4
6036650,WestMnts,El_Nino,Fall,Dam_Absent,1,24,0.041666666666666664
6036650,WestMnts,El_Nino,Spring,Dam_Absent,5,24,0.20833333333333334
6036650,WestMnts,El_Nino,Summer,Dam_Absent,5,24,0.20833333333333334
6036650,WestMnts,El_Nino,Winter,Dam_Absent,6,24,0.25
6036650,WestMnts,La_Nina,Fall,Dam_Absent,5,15,0.3333333333333333
6036650,WestMnts,La_Nina,Spring,Dam_Absent,6,15,0.4
6036650,WestMnts,La_Nina,Summer,Dam_Absent,2,15,0.13333333333333333
6036650,WestMnts,La_Nina,Winter,Dam_Absent,1,15,0.06666666666666667
6036650,WestMnts,Neutral,Spring,Dam_Absent,1,5,0.2
6036650,WestMnts,Neutral,Summer,Dam_Absent,1,5,0.2
6038500,WestMnts,El_Nino,Fall,Dam_Present,1,24,0.041666666666666664
6038500,WestMnts,El_Nino,Spring,Dam_Present,2,24,0.08333333333333333
6038500,WestMnts,El_Nino,Summer,Dam_Present,5,24,0.20833333333333334
6038500,WestMnts,El_Nino,Winter,Dam_Present,1,24,0.041666666666666664
6038500,WestMnts,La_Nina,Fall,Dam_Present,3,15,0.2
6038500,WestMnts,La_Nina,Spring,Dam_Present,1,15,0.06666666666666667
6038500,WestMnts,La_Nina,Summer,Dam_Present,6,15,0.4
6038500,WestMnts,La_Nina,Winter,Dam_Present,2,15,0.13333333333333333
6038500,WestMnts,Neutral,Summer,Dam_Present,1,5,0.2
6038800,WestMnts,El_Nino,Fall,Dam_Present,2,24,0.08333333333333333
6038800,WestMnts,El_Nino,Spring,Dam_Present,3,24,0.125
6038800,WestMnts,El_Nino,Summer,Dam_Present,9,24,0.375
6038800,WestMnts,El_Nino,Winter,Dam_Present,4,24,0.16666666666666666
6038800,WestMnts,La_Nina,Fall,Dam_Present,3,15,0.2
6038800,WestMnts,La_Nina,Spring,Dam_Present,1,15,0.06666666666666667
6038800,WestMnts,La_Nina,Summer,Dam_Present,5,15,0.3333333333333333
6038800,WestMnts,La_Nina,Winter,Dam_Present,3,15,0.2
6038800,WestMnts,Neutral,Spring,Dam_Present,1,5,0.2
6038800,WestMnts,Neutral,Summer,Dam_Present,1,5,0.2
6040800,WestMnts,El_Nino,Fall,Dam_Present,8,24,0.3333333333333333
6040800,WestMnts,El_Nino,Spring,Dam_Present,9,24,0.375
6040800,WestMnts,El_Nino,Summer,Dam_Present,8,24,0.3333333333333333
6040800,WestMnts,El_Nino,Winter,Dam_Present,8,24,0.3333333333333333
6040800,WestMnts,La_Nina,Fall,Dam_Present,2,15,0.13333333333333333
6040800,WestMnts,La_Nina,Spring,Dam_Present,2,15,0.13333333333333333
6040800,WestMnts,La_Nina,Summer,Dam_Present,1,15,0.06666666666666667
6040800,WestMnts,La_Nina,Winter,Dam_Present,2,15,0.13333333333333333
6040800,WestMnts,Neutral,Summer,Dam_Present,2,5,0.4
6041000,WestMnts,El_Nino,Fall,Dam_Present,4,24,0.16666666666666666
6041000,WestMnts,El_Nino,Spring,Dam_Present,11,24,0.4583333333333333
6041000,WestMnts,El_Nino,Summer,Dam_Present,11,24,0.4583333333333333
6041000,WestMnts,El_Nino,Winter,Dam_Present,7,24,0.2916666666666667
6041000,WestMnts,La_Nina,Fall,Dam_Present,6,15,0.4
6041000,WestMnts,La_Nina,Spring,Dam_Present,6,15,0.4
6041000,WestMnts,La_Nina,Summer,Dam_Present,2,15,0.13333333333333333
6041000,WestMnts,La_Nina,Winter,Dam_Present,2,15,0.13333333333333333
6041000,WestMnts,Neutral,Fall,Dam_Present,1,5,0.2
6041000,WestMnts,Neutral,Spring,Dam_Present,1,5,0.2
6041000,WestMnts,Neutral,Summer,Dam_Present,1,5,0.2
6041000,WestMnts,Neutral,Winter,Dam_Present,2,5,0.4
6050000,WestMnts,El_Nino,Fall,Dam_Present,2,24,0.08333333333333333
6050000,WestMnts,El_Nino,Spring,Dam_Present,2,24,0.08333333333333333
6050000,WestMnts,El_Nino,Summer,Dam_Present,2,24,0.08333333333333333
6050000,WestMnts,El_Nino,Winter,Dam_Present,1,24,0.041666666666666664
6050000,WestMnts,La_Nina,Fall,Dam_Present,4,15,0.26666666666666666
6050000,WestMnts,La_Nina,Spring,Dam_Present,4,15,0.26666666666666666
6050000,WestMnts,La_Nina,Summer,Dam_Present,3,15,0.2
6050000,WestMnts,La_Nina,Winter,Dam_Present,2,15,0.13333333333333333
6052500,WestMnts,El_Nino,Fall,Dam_Absent,4,24,0.16666666666666666
6052500,WestMnts,El_Nino,Spring,Dam_Absent,6,24,0.25
6052500,WestMnts,El_Nino,Summer,Dam_Absent,7,24,0.2916666666666667
6052500,WestMnts,El_Nino,Winter,Dam_Absent,5,24,0.20833333333333334
6052500,WestMnts,La_Nina,Fall,Dam_Absent,5,15,0.3333333333333333
6052500,WestMnts,La_Nina,Spring,Dam_Absent,4,15,0.26666666666666666
6052500,WestMnts,La_Nina,Summer,Dam_Absent,4,15,0.26666666666666666
6052500,WestMnts,La_Nina,Winter,Dam_Absent,1,15,0.06666666666666667
6052500,WestMnts,Neutral,Fall,Dam_Absent,2,5,0.4
6052500,WestMnts,Neutral,Spring,Dam_Absent,1,5,0.2
6052500,WestMnts,Neutral,Summer,Dam_Absent,1,5,0.2
6054500,WestMnts,El_Nino,Fall,Dam_Present,2,24,0.08333333333333333
6054500,WestMnts,El_Nino,Spring,Dam_Present,6,24,0.25
6054500,WestMnts,El_Nino,Summer,Dam_Present,6,24,0.25
6054500,WestMnts,El_Nino,Winter,Dam_Present,10,24,0.4166666666666667
6054500,WestMnts,La_Nina,Fall,Dam_Present,5,15,0.3333333333333333
6054500,WestMnts,La_Nina,Spring,Dam_Present,6,15,0.4
6054500,WestMnts,La_Nina,Summer,Dam_Present,2,15,0.13333333333333333
6054500,WestMnts,La_Nina,Winter,Dam_Present,1,15,0.06666666666666667
6054500,WestMnts,Neutral,Spring,Dam_Present,2,5,0.4
6054500,WestMnts,Neutral,Summer,Dam_Present,1,5,0.2
6062500,WestMnts,El_Nino,Fall,Dam_Present,5,24,0.20833333333333334
6062500,WestMnts,El_Nino,Spring,Dam_Present,4,24,0.16666666666666666
6062500,WestMnts,El_Nino,Summer,Dam_Present,10,24,0.4166666666666667
6062500,WestMnts,La_Nina,Fall,Dam_Present,6,15,0.4
6062500,WestMnts,La_Nina,Spring,Dam_Present,5,15,0.3333333333333333
6062500,WestMnts,La_Nina,Summer,Dam_Present,4,15,0.26666666666666666
6062500,WestMnts,Neutral,Spring,Dam_Present,1,5,0.2
6065500,WestMnts,El_Nino,Winter,Dam_Present,3,24,0.125
6065500,WestMnts,La_Nina,Fall,Dam_Present,1,15,0.06666666666666667
6065500,WestMnts,La_Nina,Summer,Dam_Present,1,15,0.06666666666666667
6065500,WestMnts,La_Nina,Winter,Dam_Present,4,15,0.26666666666666666
6065500,WestMnts,Neutral,Winter,Dam_Present,1,5,0.2
6066500,WestMnts,El_Nino,Fall,Dam_Present,1,24,0.041666666666666664
6066500,WestMnts,El_Nino,Winter,Dam_Present,4,24,0.16666666666666666
6066500,WestMnts,La_Nina,Fall,Dam_Present,1,15,0.06666666666666667
6066500,WestMnts,La_Nina,Summer,Dam_Present,1,15,0.06666666666666667
6066500,WestMnts,La_Nina,Winter,Dam_Present,5,15,0.3333333333333333
6066500,WestMnts,Neutral,Winter,Dam_Present,1,5,0.2
6076690,WestPlains,El_Nino,Fall,Dam_Present,1,24,0.041666666666666664
6076690,WestPlains,El_Nino,Spring,Dam_Present,2,24,0.08333333333333333
6076690,WestPlains,El_Nino,Summer,Dam_Present,2,24,0.08333333333333333
6076690,WestPlains,El_Nino,Winter,Dam_Present,2,24,0.08333333333333333
6076690,WestPlains,La_Nina,Fall,Dam_Present,4,15,0.26666666666666666
6076690,WestPlains,La_Nina,Spring,Dam_Present,2,15,0.13333333333333333
6076690,WestPlains,La_Nina,Summer,Dam_Present,1,15,0.06666666666666667
6076690,WestPlains,La_Nina,Winter,Dam_Present,3,15,0.2
6077200,WestPlains,El_Nino,Fall,Dam_Absent,3,24,0.125
6077200,WestPlains,El_Nino,Spring,Dam_Absent,3,24,0.125
6077200,WestPlains,El_Nino,Summer,Dam_Absent,5,24,0.20833333333333334
6077200,WestPlains,La_Nina,Fall,Dam_Absent,4,15,0.26666666666666666
6077200,WestPlains,La_Nina,Spring,Dam_Absent,8,15,0.5333333333333333
6077200,WestPlains,La_Nina,Summer,Dam_Absent,3,15,0.2
6077200,WestPlains,La_Nina,Winter,Dam_Absent,2,15,0.13333333333333333
6077200,WestPlains,Neutral,Spring,Dam_Absent,1,5,0.2
6077500,WestPlains,El_Nino,Fall,Dam_Absent,1,24,0.041666666666666664
6077500,WestPlains,El_Nino,Spring,Dam_Absent,1,24,0.041666666666666664
6077500,WestPlains,El_Nino,Summer,Dam_Absent,5,24,0.20833333333333334
6077500,WestPlains,La_Nina,Fall,Dam_Absent,3,15,0.2
6077500,WestPlains,La_Nina,Spring,Dam_Absent,2,15,0.13333333333333333
6077500,WestPlains,La_Nina,Summer,Dam_Absent,2,15,0.13333333333333333
6077500,WestPlains,Neutral,Spring,Dam_Absent,1,5,0.2
6085800,WestMnts,El_Nino,Fall,Dam_Absent,3,24,0.125
6085800,WestMnts,El_Nino,Spring,Dam_Absent,3,24,0.125
6085800,WestMnts,El_Nino,Summer,Dam_Absent,5,24,0.20833333333333334
6085800,WestMnts,El_Nino,Winter,Dam_Absent,1,24,0.041666666666666664
6085800,WestMnts,La_Nina,Fall,Dam_Absent,1,15,0.06666666666666667
6085800,WestMnts,La_Nina,Spring,Dam_Absent,3,15,0.2
6085800,WestMnts,La_Nina,Summer,Dam_Absent,1,15,0.06666666666666667
6085800,WestMnts,Neutral,Summer,Dam_Absent,4,5,0.8
6089000,WestPlains,El_Nino,Fall,Dam_Absent,4,24,0.16666666666666666
6089000,WestPlains,El_Nino,Spring,Dam_Absent,4,24,0.16666666666666666
6089000,WestPlains,El_Nino,Summer,Dam_Absent,11,24,0.4583333333333333
6089000,WestPlains,El_Nino,Winter,Dam_Absent,1,24,0.041666666666666664
6089000,WestPlains,La_Nina,Fall,Dam_Absent,1,15,0.06666666666666667
6089000,WestPlains,La_Nina,Spring,Dam_Absent,5,15,0.3333333333333333
6089000,WestPlains,La_Nina,Summer,Dam_Absent,2,15,0.13333333333333333
6091700,WestMnts,El_Nino,Fall,Dam_Absent,3,24,0.125
6091700,WestMnts,El_Nino,Spring,Dam_Absent,5,24,0.20833333333333334
6091700,WestMnts,El_Nino,Summer,Dam_Absent,9,24,0.375
6091700,WestMnts,El_Nino,Winter,Dam_Absent,1,24,0.041666666666666664
6091700,WestMnts,La_Nina,Fall,Dam_Absent,7,15,0.4666666666666667
6091700,WestMnts,La_Nina,Spring,Dam_Absent,3,15,0.2
6091700,WestMnts,La_Nina,Summer,Dam_Absent,2,15,0.13333333333333333
6091700,WestMnts,La_Nina,Winter,Dam_Absent,2,15,0.13333333333333333
6091700,WestMnts,Neutral,Fall,Dam_Absent,1,5,0.2
6099500,WestPlains,El_Nino,Fall,Dam_Absent,4,24,0.16666666666666666
6099500,WestPlains,El_Nino,Spring,Dam_Absent,7,24,0.2916666666666667
6099500,WestPlains,El_Nino,Summer,Dam_Absent,5,24,0.20833333333333334
6099500,WestPlains,El_Nino,Winter,Dam_Absent,1,24,0.041666666666666664
6099500,WestPlains,La_Nina,Fall,Dam_Absent,4,15,0.26666666666666666
6099500,WestPlains,La_Nina,Spring,Dam_Absent,4,15,0.26666666666666666
6099500,WestPlains,La_Nina,Summer,Dam_Absent,1,15,0.06666666666666667
6099500,WestPlains,Neutral,Fall,Dam_Absent,1,5,0.2
6102050,WestPlains,El_Nino,Fall,Dam_Absent,3,24,0.125
6102050,WestPlains,El_Nino,Spring,Dam_Absent,2,24,0.08333333333333333
6102050,WestPlains,El_Nino,Summer,Dam_Absent,1,24,0.041666666666666664
6102050,WestPlains,La_Nina,Fall,Dam_Absent,1,15,0.06666666666666667
6102050,WestPlains,La_Nina,Spring,Dam_Absent,1,15,0.06666666666666667
6119600,WestPlains,El_Nino,Fall,Dam_Absent,5,24,0.20833333333333334
6119600,WestPlains,El_Nino,Spring,Dam_Absent,3,24,0.125
6119600,WestPlains,El_Nino,Summer,Dam_Absent,1,24,0.041666666666666664
6119600,WestPlains,La_Nina,Fall,Dam_Absent,4,15,0.26666666666666666
6119600,WestPlains,La_Nina,Spring,Dam_Absent,2,15,0.13333333333333333
6119600,WestPlains,La_Nina,Summer,Dam_Absent,3,15,0.2
6119600,WestPlains,Neutral,Spring,Dam_Absent,1,5,0.2
6119600,WestPlains,Neutral,Summer,Dam_Absent,1,5,0.2
6120500,WestPlains,El_Nino,Fall,Dam_Absent,1,24,0.041666666666666664
6120500,WestPlains,El_Nino,Spring,Dam_Absent,4,24,0.16666666666666666
6120500,WestPlains,El_Nino,Summer,Dam_Absent,6,24,0.25
6120500,WestPlains,El_Nino,Winter,Dam_Absent,1,24,0.041666666666666664
6120500,WestPlains,La_Nina,Fall,Dam_Absent,1,15,0.06666666666666667
6120500,WestPlains,La_Nina,Spring,Dam_Absent,2,15,0.13333333333333333
6120500,WestPlains,La_Nina,Summer,Dam_Absent,6,15,0.4
6120500,WestPlains,La_Nina,Winter,Dam_Absent,4,15,0.26666666666666666
6120500,WestPlains,Neutral,Summer,Dam_Absent,2,5,0.4
6123030,WestPlains,El_Nino,Spring,Dam_Absent,2,24,0.08333333333333333
6123030,WestPlains,El_Nino,Summer,Dam_Absent,4,24,0.16666666666666666
6123030,WestPlains,La_Nina,Fall,Dam_Absent,6,15,0.4
6123030,WestPlains,La_Nina,Spring,Dam_Absent,4,15,0.26666666666666666
6123030,WestPlains,La_Nina,Summer,Dam_Absent,4,15,0.26666666666666666
6123030,WestPlains,Neutral,Fall,Dam_Absent,1,5,0.2
6123030,WestPlains,Neutral,Spring,Dam_Absent,1,5,0.2
6123030,WestPlains,Neutral,Summer,Dam_Absent,1,5,0.2
6126050,WestPlains,El_Nino,Spring,Dam_Absent,2,24,0.08333333333333333
6126050,WestPlains,El_Nino,Summer,Dam_Absent,4,24,0.16666666666666666
6126050,WestPlains,La_Nina,Fall,Dam_Absent,1,15,0.06666666666666667
6126050,WestPlains,La_Nina,Spring,Dam_Absent,1,15,0.06666666666666667
6126050,WestPlains,La_Nina,Summer,Dam_Absent,1,15,0.06666666666666667
6204050,WestMnts,El_Nino,Fall,Dam_Present,4,24,0.16666666666666666
6204050,WestMnts,El_Nino,Spring,Dam_Present,2,24,0.08333333333333333
6204050,WestMnts,El_Nino,Summer,Dam_Present,5,24,0.20833333333333334
6204050,WestMnts,El_Nino,Winter,Dam_Present,4,24,0.16666666666666666
6204050,WestMnts,La_Nina,Fall,Dam_Present,4,15,0.26666666666666666
6204050,WestMnts,La_Nina,Spring,Dam_Present,4,15,0.26666666666666666
6204050,WestMnts,La_Nina,Summer,Dam_Present,2,15,0.13333333333333333
6204050,WestMnts,La_Nina,Winter,Dam_Present,2,15,0.13333333333333333
6204050,WestMnts,Neutral,Spring,Dam_Present,1,5,0.2
6204050,WestMnts,Neutral,Summer,Dam_Present,2,5,0.4
6204070,WestMnts,El_Nino,Fall,Dam_Present,3,24,0.125
6204070,WestMnts,El_Nino,Spring,Dam_Present,1,24,0.041666666666666664
6204070,WestMnts,El_Nino,Summer,Dam_Present,2,24,0.08333333333333333
6204070,WestMnts,El_Nino,Winter,Dam_Present,3,24,0.125
6204070,WestMnts,La_Nina,Fall,Dam_Present,6,15,0.4
6204070,WestMnts,La_Nina,Spring,Dam_Present,4,15,0.26666666666666666
6204070,WestMnts,La_Nina,Summer,Dam_Present,3,15,0.2
6204070,WestMnts,La_Nina,Winter,Dam_Present,2,15,0.13333333333333333
6204070,WestMnts,Neutral,Fall,Dam_Present,2,5,0.4
6204070,WestMnts,Neutral,Spring,Dam_Present,2,5,0.4
6204070,WestMnts,Neutral,Summer,Dam_Present,3,5,0.6
6205000,WestMnts,El_Nino,Fall,Dam_Absent,2,24,0.08333333333333333
6205000,WestMnts,El_Nino,Spring,Dam_Absent,8,24,0.3333333333333333
6205000,WestMnts,El_Nino,Summer,Dam_Absent,6,24,0.25
6205000,WestMnts,El_Nino,Winter,Dam_Absent,5,24,0.20833333333333334
6205000,WestMnts,La_Nina,Fall,Dam_Absent,6,15,0.4
6205000,WestMnts,La_Nina,Spring,Dam_Absent,4,15,0.26666666666666666
6205000,WestMnts,La_Nina,Summer,Dam_Absent,4,15,0.26666666666666666
6205000,WestMnts,La_Nina,Winter,Dam_Absent,2,15,0.13333333333333333
6205000,WestMnts,Neutral,Spring,Dam_Absent,1,5,0.2
6205000,WestMnts,Neutral,Summer,Dam_Absent,2,5,0.4
6209500,WestMnts,El_Nino,Fall,Dam_Absent,2,24,0.08333333333333333
6209500,WestMnts,El_Nino,Spring,Dam_Absent,4,24,0.16666666666666666
6209500,WestMnts,El_Nino,Summer,Dam_Absent,8,24,0.3333333333333333
6209500,WestMnts,El_Nino,Winter,Dam_Absent,3,24,0.125
6209500,WestMnts,La_Nina,Fall,Dam_Absent,2,15,0.13333333333333333
6209500,WestMnts,La_Nina,Spring,Dam_Absent,5,15,0.3333333333333333
6209500,WestMnts,La_Nina,Summer,Dam_Absent,6,15,0.4
6209500,WestMnts,La_Nina,Winter,Dam_Absent,3,15,0.2
6209500,WestMnts,Neutral,Spring,Dam_Absent,1,5,0.2
6212500,WestPlains,El_Nino,Spring,Dam_Present,1,24,0.041666666666666664
6235500,WestXeric,El_Nino,Fall,Dam_Absent,4,24,0.16666666666666666
6235500,WestXeric,El_Nino,Spring,Dam_Absent,7,24,0.2916666666666667
6235500,WestXeric,El_Nino,Summer,Dam_Absent,3,24,0.125
6235500,WestXeric,El_Nino,Winter,Dam_Absent,2,24,0.08333333333333333
6235500,WestXeric,La_Nina,Fall,Dam_Absent,2,15,0.13333333333333333
6235500,WestXeric,La_Nina,Spring,Dam_Absent,6,15,0.4
6235500,WestXeric,La_Nina,Summer,Dam_Absent,2,15,0.13333333333333333
6235500,WestXeric,La_Nina,Winter,Dam_Absent,1,15,0.06666666666666667
6235500,WestXeric,Neutral,Spring,Dam_Absent,1,5,0.2
6235500,WestXeric,Neutral,Summer,Dam_Absent,1,5,0.2
6236100,WestXeric,El_Nino,Fall,Dam_Absent,7,24,0.2916666666666667
6236100,WestXeric,El_Nino,Spring,Dam_Absent,9,24,0.375
6236100,WestXeric,El_Nino,Summer,Dam_Absent,2,24,0.08333333333333333
6236100,WestXeric,La_Nina,Fall,Dam_Absent,3,15,0.2
6236100,WestXeric,La_Nina,Spring,Dam_Absent,5,15,0.3333333333333333
6236100,WestXeric,La_Nina,Winter,Dam_Absent,1,15,0.06666666666666667
6236100,WestXeric,Neutral,Fall,Dam_Absent,1,5,0.2
6236100,WestXeric,Neutral,Spring,Dam_Absent,2,5,0.4
6236100,WestXeric,Neutral,Summer,Dam_Absent,1,5,0.2
6253000,WestXeric,El_Nino,Fall,Dam_Absent,1,24,0.041666666666666664
6253000,WestXeric,El_Nino,Spring,Dam_Absent,11,24,0.4583333333333333
6253000,WestXeric,El_Nino,Summer,Dam_Absent,5,24,0.20833333333333334
6253000,WestXeric,La_Nina,Fall,Dam_Absent,1,15,0.06666666666666667
6253000,WestXeric,La_Nina,Spring,Dam_Absent,5,15,0.3333333333333333
6253000,WestXeric,La_Nina,Winter,Dam_Absent,2,15,0.13333333333333333
6253000,WestXeric,Neutral,Fall,Dam_Absent,1,5,0.2
6259000,WestXeric,El_Nino,Fall,Dam_Present,3,24,0.125
6259000,WestXeric,El_Nino,Spring,Dam_Present,1,24,0.041666666666666664
6259000,WestXeric,El_Nino,Summer,Dam_Present,1,24,0.041666666666666664
6259000,WestXeric,La_Nina,Fall,Dam_Present,2,15,0.13333333333333333
6259000,WestXeric,La_Nina,Spring,Dam_Present,1,15,0.06666666666666667
6260400,WestXeric,El_Nino,Spring,Dam_Present,4,24,0.16666666666666666
6260400,WestXeric,El_Nino,Summer,Dam_Present,2,24,0.08333333333333333
6260400,WestXeric,La_Nina,Spring,Dam_Present,1,15,0.06666666666666667
6260400,WestXeric,La_Nina,Summer,Dam_Present,1,15,0.06666666666666667
6274300,WestXeric,El_Nino,Fall,Dam_Absent,4,24,0.16666666666666666
6274300,WestXeric,El_Nino,Spring,Dam_Absent,7,24,0.2916666666666667
6274300,WestXeric,El_Nino,Summer,Dam_Absent,9,24,0.375
6274300,WestXeric,La_Nina,Fall,Dam_Absent,2,15,0.13333333333333333
6274300,WestXeric,La_Nina,Spring,Dam_Absent,4,15,0.26666666666666666
6274300,WestXeric,La_Nina,Summer,Dam_Absent,4,15,0.26666666666666666
6274300,WestXeric,La_Nina,Winter,Dam_Absent,2,15,0.13333333333333333
6274300,WestXeric,Neutral,Fall,Dam_Absent,1,5,0.2
6274300,WestXeric,Neutral,Spring,Dam_Absent,2,5,0.4
6274300,WestXeric,Neutral,Summer,Dam_Absent,1,5,0.2
6276500,WestMnts,El_Nino,Fall,Dam_Present,2,24,0.08333333333333333
6276500,WestMnts,El_Nino,Spring,Dam_Present,9,24,0.375
6276500,WestMnts,El_Nino,Summer,Dam_Present,11,24,0.4583333333333333
6276500,WestMnts,La_Nina,Fall,Dam_Present,1,15,0.06666666666666667
6276500,WestMnts,La_Nina,Spring,Dam_Present,4,15,0.26666666666666666
6276500,WestMnts,La_Nina,Summer,Dam_Present,1,15,0.06666666666666667
6276500,WestMnts,Neutral,Fall,Dam_Present,2,5,0.4
6276500,WestMnts,Neutral,Summer,Dam_Present,1,5,0.2
6278500,WestMnts,El_Nino,Fall,Dam_Absent,1,24,0.041666666666666664
6278500,WestMnts,El_Nino,Spring,Dam_Absent,5,24,0.20833333333333334
6278500,WestMnts,El_Nino,Summer,Dam_Absent,3,24,0.125
6278500,WestMnts,La_Nina,Spring,Dam_Absent,2,15,0.13333333333333333
6279500,WestXeric,El_Nino,Fall,Dam_Absent,4,24,0.16666666666666666
6279500,WestXeric,El_Nino,Spring,Dam_Absent,8,24,0.3333333333333333
6279500,WestXeric,El_Nino,Summer,Dam_Absent,5,24,0.20833333333333334
6279500,WestXeric,La_Nina,Fall,Dam_Absent,2,15,0.13333333333333333
6279500,WestXeric,La_Nina,Spring,Dam_Absent,4,15,0.26666666666666666
6279500,WestXeric,La_Nina,Summer,Dam_Absent,1,15,0.06666666666666667
6279500,WestXeric,Neutral,Spring,Dam_Absent,2,5,0.4
6279500,WestXeric,Neutral,Summer,Dam_Absent,1,5,0.2
6285100,WestMnts,El_Nino,Fall,Dam_Absent,13,24,0.5416666666666666
6285100,WestMnts,El_Nino,Spring,Dam_Absent,7,24,0.2916666666666667
6285100,WestMnts,El_Nino,Summer,Dam_Absent,7,24,0.2916666666666667
6285100,WestMnts,El_Nino,Winter,Dam_Absent,2,24,0.08333333333333333
6285100,WestMnts,La_Nina,Fall,Dam_Absent,3,15,0.2
6285100,WestMnts,La_Nina,Summer,Dam_Absent,2,15,0.13333333333333333
6285100,WestMnts,La_Nina,Winter,Dam_Absent,2,15,0.13333333333333333
6285100,WestMnts,Neutral,Spring,Dam_Absent,2,5,0.4
6285100,WestMnts,Neutral,Summer,Dam_Absent,2,5,0.4
6294000,WestPlains,El_Nino,Fall,Dam_Absent,2,24,0.08333333333333333
6294000,WestPlains,El_Nino,Spring,Dam_Absent,4,24,0.16666666666666666
6294000,WestPlains,El_Nino,Summer,Dam_Absent,1,24,0.041666666666666664
6294000,WestPlains,El_Nino,Winter,Dam_Absent,2,24,0.08333333333333333
6294000,WestPlains,La_Nina,Fall,Dam_Absent,2,15,0.13333333333333333
6294000,WestPlains,La_Nina,Spring,Dam_Absent,3,15,0.2
6294000,WestPlains,La_Nina,Summer,Dam_Absent,3,15,0.2
6294000,WestPlains,La_Nina,Winter,Dam_Absent,1,15,0.06666666666666667
6299980,WestMnts,El_Nino,Fall,Dam_Absent,5,24,0.20833333333333334
6299980,WestMnts,El_Nino,Spring,Dam_Absent,3,24,0.125
6299980,WestMnts,La_Nina,Spring,Dam_Absent,1,15,0.06666666666666667
6299980,WestMnts,Neutral,Spring,Dam_Absent,1,5,0.2
6299980,WestMnts,Neutral,Summer,Dam_Absent,1,5,0.2
6302000,WestMnts,El_Nino,Fall,Dam_Present,2,24,0.08333333333333333
6302000,WestMnts,El_Nino,Spring,Dam_Present,3,24,0.125
6302000,WestMnts,El_Nino,Summer,Dam_Present,2,24,0.08333333333333333
6302000,WestMnts,La_Nina,Fall,Dam_Present,1,15,0.06666666666666667
6302000,WestMnts,La_Nina,Summer,Dam_Present,1,15,0.06666666666666667
6305700,WestMnts,El_Nino,Fall,Dam_Present,5,24,0.20833333333333334
6305700,WestMnts,El_Nino,Spring,Dam_Present,8,24,0.3333333333333333
6305700,WestMnts,El_Nino,Summer,Dam_Present,7,24,0.2916666666666667
6305700,WestMnts,El_Nino,Winter,Dam_Present,2,24,0.08333333333333333
6305700,WestMnts,La_Nina,Fall,Dam_Present,6,15,0.4
6305700,WestMnts,La_Nina,Spring,Dam_Present,2,15,0.13333333333333333
6305700,WestMnts,La_Nina,Summer,Dam_Present,2,15,0.13333333333333333
6305700,WestMnts,La_Nina,Winter,Dam_Present,1,15,0.06666666666666667
6305700,WestMnts,Neutral,Spring,Dam_Present,1,5,0.2
6306250,WestPlains,El_Nino,Fall,Dam_Absent,2,24,0.08333333333333333
6306250,WestPlains,El_Nino,Spring,Dam_Absent,5,24,0.20833333333333334
6306250,WestPlains,El_Nino,Summer,Dam_Absent,1,24,0.041666666666666664
6306250,WestPlains,La_Nina,Spring,Dam_Absent,1,15,0.06666666666666667
6306250,WestPlains,La_Nina,Summer,Dam_Absent,1,15,0.06666666666666667
6306250,WestPlains,Neutral,Spring,Dam_Absent,1,5,0.2
6306250,WestPlains,Neutral,Summer,Dam_Absent,2,5,0.4
6306300,WestPlains,El_Nino,Fall,Dam_Absent,3,24,0.125
6306300,WestPlains,El_Nino,Spring,Dam_Absent,5,24,0.20833333333333334
6306300,WestPlains,El_Nino,Summer,Dam_Absent,2,24,0.08333333333333333
6306300,WestPlains,El_Nino,Winter,Dam_Absent,2,24,0.08333333333333333
6306300,WestPlains,La_Nina,Fall,Dam_Absent,5,15,0.3333333333333333
6306300,WestPlains,La_Nina,Spring,Dam_Absent,3,15,0.2
6306300,WestPlains,La_Nina,Summer,Dam_Absent,1,15,0.06666666666666667
6306300,WestPlains,La_Nina,Winter,Dam_Absent,3,15,0.2
6306300,WestPlains,Neutral,Spring,Dam_Absent,2,5,0.4
6306300,WestPlains,Neutral,Summer,Dam_Absent,2,5,0.4
6307500,WestPlains,El_Nino,Fall,Dam_Present,1,24,0.041666666666666664
6307500,WestPlains,El_Nino,Spring,Dam_Present,2,24,0.08333333333333333
6307500,WestPlains,El_Nino,Summer,Dam_Present,2,24,0.08333333333333333
6307500,WestPlains,La_Nina,Fall,Dam_Present,3,15,0.2
6307500,WestPlains,La_Nina,Spring,Dam_Present,2,15,0.13333333333333333
6307500,WestPlains,La_Nina,Summer,Dam_Present,2,15,0.13333333333333333
6307500,WestPlains,La_Nina,Winter,Dam_Present,1,15,0.06666666666666667
6307500,WestPlains,Neutral,Fall,Dam_Present,1,5,0.2
6307616,WestPlains,El_Nino,Fall,Dam_Absent,1,24,0.041666666666666664
6307616,WestPlains,El_Nino,Spring,Dam_Absent,2,24,0.08333333333333333
6307616,WestPlains,El_Nino,Summer,Dam_Absent,2,24,0.08333333333333333
6307616,WestPlains,La_Nina,Fall,Dam_Absent,2,15,0.13333333333333333
6307616,WestPlains,La_Nina,Spring,Dam_Absent,2,15,0.13333333333333333
6307616,WestPlains,La_Nina,Summer,Dam_Absent,2,15,0.13333333333333333
6307616,WestPlains,Neutral,Fall,Dam_Absent,1,5,0.2
6307616,WestPlains,Neutral,Spring,Dam_Absent,1,5,0.2
6307616,WestPlains,Neutral,Summer,Dam_Absent,1,5,0.2
6308500,WestPlains,El_Nino,Fall,Dam_Absent,4,24,0.16666666666666666
6308500,WestPlains,El_Nino,Spring,Dam_Absent,6,24,0.25
6308500,WestPlains,El_Nino,Summer,Dam_Absent,1,24,0.041666666666666664
6308500,WestPlains,El_Nino,Winter,Dam_Absent,2,24,0.08333333333333333
6308500,WestPlains,La_Nina,Fall,Dam_Absent,2,15,0.13333333333333333
6308500,WestPlains,La_Nina,Spring,Dam_Absent,4,15,0.26666666666666666
6308500,WestPlains,La_Nina,Summer,Dam_Absent,2,15,0.13333333333333333
6308500,WestPlains,La_Nina,Winter,Dam_Absent,1,15,0.06666666666666667
6308500,WestPlains,Neutral,Spring,Dam_Absent,1,5,0.2
6308500,WestPlains,Neutral,Summer,Dam_Absent,2,5,0.4
6311400,WestMnts,El_Nino,Fall,Dam_Absent,1,24,0.041666666666666664
6311400,WestMnts,El_Nino,Spring,Dam_Absent,7,24,0.2916666666666667
6311400,WestMnts,El_Nino,Summer,Dam_Absent,7,24,0.2916666666666667
6311400,WestMnts,El_Nino,Winter,Dam_Absent,4,24,0.16666666666666666
6311400,WestMnts,La_Nina,Fall,Dam_Absent,1,15,0.06666666666666667
6311400,WestMnts,La_Nina,Spring,Dam_Absent,1,15,0.06666666666666667
6311400,WestMnts,La_Nina,Summer,Dam_Absent,3,15,0.2
6311400,WestMnts,La_Nina,Winter,Dam_Absent,1,15,0.06666666666666667
6311400,WestMnts,Neutral,Fall,Dam_Absent,1,5,0.2
6311400,WestMnts,Neutral,Summer,Dam_Absent,1,5,0.2
6313500,WestPlains,El_Nino,Fall,Dam_Absent,9,24,0.375
6313500,WestPlains,El_Nino,Spring,Dam_Absent,8,24,0.3333333333333333
6313500,WestPlains,El_Nino,Summer,Dam_Absent,6,24,0.25
6313500,WestPlains,El_Nino,Winter,Dam_Absent,1,24,0.041666666666666664
6313500,WestPlains,La_Nina,Fall,Dam_Absent,1,15,0.06666666666666667
6313500,WestPlains,La_Nina,Spring,Dam_Absent,2,15,0.13333333333333333
6313500,WestPlains,La_Nina,Summer,Dam_Absent,1,15,0.06666666666666667
6313500,WestPlains,Neutral,Fall,Dam_Absent,2,5,0.4
6313500,WestPlains,Neutral,Spring,Dam_Absent,2,5,0.4
6313500,WestPlains,Neutral,Summer,Dam_Absent,3,5,0.6
6313590,WestPlains,El_Nino,Fall,Dam_Present,2,24,0.08333333333333333
6313590,WestPlains,El_Nino,Spring,Dam_Present,2,24,0.08333333333333333
6313590,WestPlains,El_Nino,Summer,Dam_Present,4,24,0.16666666666666666
6313590,WestPlains,La_Nina,Spring,Dam_Present,1,15,0.06666666666666667
6313590,WestPlains,Neutral,Spring,Dam_Present,1,5,0.2
6313590,WestPlains,Neutral,Summer,Dam_Present,1,5,0.2
6316400,WestPlains,El_Nino,Spring,Dam_Absent,5,24,0.20833333333333334
6316400,WestPlains,El_Nino,Summer,Dam_Absent,2,24,0.08333333333333333
6316400,WestPlains,La_Nina,Fall,Dam_Absent,1,15,0.06666666666666667
6316400,WestPlains,La_Nina,Spring,Dam_Absent,1,15,0.06666666666666667
6316400,WestPlains,Neutral,Fall,Dam_Absent,1,5,0.2
6316400,WestPlains,Neutral,Summer,Dam_Absent,3,5,0.6
6317000,WestPlains,El_Nino,Fall,Dam_Absent,6,24,0.25
6317000,WestPlains,El_Nino,Spring,Dam_Absent,7,24,0.2916666666666667
6317000,WestPlains,El_Nino,Summer,Dam_Absent,3,24,0.125
6317000,WestPlains,El_Nino,Winter,Dam_Absent,2,24,0.08333333333333333
6317000,WestPlains,La_Nina,Fall,Dam_Absent,1,15,0.06666666666666667
6317000,WestPlains,La_Nina,Spring,Dam_Absent,4,15,0.26666666666666666
6317000,WestPlains,La_Nina,Summer,Dam_Absent,4,15,0.26666666666666666
6317000,WestPlains,La_Nina,Winter,Dam_Absent,2,15,0.13333333333333333
6317000,WestPlains,Neutral,Spring,Dam_Absent,1,5,0.2
6318500,WestMnts,El_Nino,Spring,Dam_Present,3,24,0.125
6318500,WestMnts,El_Nino,Summer,Dam_Present,2,24,0.08333333333333333
6318500,WestMnts,La_Nina,Fall,Dam_Present,6,15,0.4
6318500,WestMnts,La_Nina,Spring,Dam_Present,3,15,0.2
6318500,WestMnts,La_Nina,Summer,Dam_Present,5,15,0.3333333333333333
6318500,WestMnts,La_Nina,Winter,Dam_Present,1,15,0.06666666666666667
6320500,WestMnts,El_Nino,Fall,Dam_Present,1,24,0.041666666666666664
6320500,WestMnts,El_Nino,Spring,Dam_Present,1,24,0.041666666666666664
6320500,WestMnts,El_Nino,Summer,Dam_Present,3,24,0.125
6320500,WestMnts,La_Nina,Fall,Dam_Present,1,15,0.06666666666666667
6320500,WestMnts,La_Nina,Summer,Dam_Present,3,15,0.2
6320500,WestMnts,Neutral,Fall,Dam_Present,2,5,0.4
6320500,WestMnts,Neutral,Summer,Dam_Present,2,5,0.4
6323000,WestMnts,El_Nino,Fall,Dam_Absent,1,24,0.041666666666666664
6323000,WestMnts,El_Nino,Spring,Dam_Absent,5,24,0.20833333333333334
6323000,WestMnts,El_Nino,Summer,Dam_Absent,2,24,0.08333333333333333
6323000,WestMnts,La_Nina,Fall,Dam_Absent,1,15,0.06666666666666667
6323000,WestMnts,La_Nina,Spring,Dam_Absent,2,15,0.13333333333333333
6323000,WestMnts,La_Nina,Summer,Dam_Absent,1,15,0.06666666666666667
6323000,WestMnts,Neutral,Fall,Dam_Absent,1,5,0.2
6323000,WestMnts,Neutral,Spring,Dam_Absent,2,5,0.4
6323000,WestMnts,Neutral,Summer,Dam_Absent,2,5,0.4
6324000,WestPlains,El_Nino,Fall,Dam_Absent,3,24,0.125
6324000,WestPlains,El_Nino,Spring,Dam_Absent,4,24,0.16666666666666666
6324000,WestPlains,Neutral,Fall,Dam_Absent,1,5,0.2
6324000,WestPlains,Neutral,Spring,Dam_Absent,2,5,0.4
6324000,WestPlains,Neutral,Summer,Dam_Absent,3,5,0.6
6331000,WestPlains,El_Nino,Fall,Dam_Absent,4,24,0.16666666666666666
6331000,WestPlains,El_Nino,Spring,Dam_Absent,5,24,0.20833333333333334
6331000,WestPlains,El_Nino,Summer,Dam_Absent,3,24,0.125
6331000,WestPlains,El_Nino,Winter,Dam_Absent,1,24,0.041666666666666664
6331000,WestPlains,La_Nina,Fall,Dam_Absent,1,15,0.06666666666666667
6331000,WestPlains,La_Nina,Spring,Dam_Absent,6,15,0.4
6331000,WestPlains,La_Nina,Summer,Dam_Absent,4,15,0.26666666666666666
6331000,WestPlains,La_Nina,Winter,Dam_Absent,4,15,0.26666666666666666
6331000,WestPlains,Neutral,Spring,Dam_Absent,1,5,0.2
6331000,WestPlains,Neutral,Summer,Dam_Absent,2,5,0.4
6335500,WestPlains,El_Nino,Fall,Dam_Absent,2,24,0.08333333333333333
6335500,WestPlains,El_Nino,Spring,Dam_Absent,8,24,0.3333333333333333
6335500,WestPlains,El_Nino,Summer,Dam_Absent,4,24,0.16666666666666666
6335500,WestPlains,La_Nina,Fall,Dam_Absent,2,15,0.13333333333333333
6335500,WestPlains,La_Nina,Spring,Dam_Absent,3,15,0.2
6335500,WestPlains,La_Nina,Summer,Dam_Absent,3,15,0.2
6335500,WestPlains,La_Nina,Winter,Dam_Absent,1,15,0.06666666666666667
6335500,WestPlains,Neutral,Spring,Dam_Absent,2,5,0.4
6335500,WestPlains,Neutral,Summer,Dam_Absent,1,5,0.2
6336000,WestPlains,El_Nino,Fall,Dam_Absent,3,24,0.125
6336000,WestPlains,El_Nino,Spring,Dam_Absent,7,24,0.2916666666666667
6336000,WestPlains,El_Nino,Summer,Dam_Absent,5,24,0.20833333333333334
6336000,WestPlains,La_Nina,Fall,Dam_Absent,3,15,0.2
6336000,WestPlains,La_Nina,Spring,Dam_Absent,5,15,0.3333333333333333
6336000,WestPlains,La_Nina,Summer,Dam_Absent,4,15,0.26666666666666666
6336000,WestPlains,La_Nina,Winter,Dam_Absent,1,15,0.06666666666666667
6336000,WestPlains,Neutral,Spring,Dam_Absent,1,5,0.2
6336000,WestPlains,Neutral,Summer,Dam_Absent,1,5,0.2
6337000,WestPlains,El_Nino,Fall,Dam_Absent,3,24,0.125
6337000,WestPlains,El_Nino,Spring,Dam_Absent,4,24,0.16666666666666666
6337000,WestPlains,El_Nino,Summer,Dam_Absent,7,24,0.2916666666666667
6337000,WestPlains,El_Nino,Winter,Dam_Absent,1,24,0.041666666666666664
6337000,WestPlains,La_Nina,Fall,Dam_Absent,1,15,0.06666666666666667
6337000,WestPlains,La_Nina,Spring,Dam_Absent,6,15,0.4
6337000,WestPlains,La_Nina,Summer,Dam_Absent,5,15,0.3333333333333333
6337000,WestPlains,Neutral,Summer,Dam_Absent,2,5,0.4
6340000,WestPlains,El_Nino,Fall,Dam_Absent,5,24,0.20833333333333334
6340000,WestPlains,El_Nino,Spring,Dam_Absent,6,24,0.25
6340000,WestPlains,El_Nino,Summer,Dam_Absent,7,24,0.2916666666666667
6340000,WestPlains,El_Nino,Winter,Dam_Absent,1,24,0.041666666666666664
6340000,WestPlains,La_Nina,Fall,Dam_Absent,2,15,0.13333333333333333
6340000,WestPlains,La_Nina,Spring,Dam_Absent,2,15,0.13333333333333333
6340000,WestPlains,La_Nina,Summer,Dam_Absent,6,15,0.4
6340000,WestPlains,La_Nina,Winter,Dam_Absent,3,15,0.2
6340500,WestPlains,El_Nino,Fall,Dam_Present,3,24,0.125
6340500,WestPlains,El_Nino,Spring,Dam_Present,7,24,0.2916666666666667
6340500,WestPlains,El_Nino,Summer,Dam_Present,4,24,0.16666666666666666
6340500,WestPlains,El_Nino,Winter,Dam_Present,2,24,0.08333333333333333
6340500,WestPlains,La_Nina,Fall,Dam_Present,5,15,0.3333333333333333
6340500,WestPlains,La_Nina,Spring,Dam_Present,4,15,0.26666666666666666
6340500,WestPlains,La_Nina,Summer,Dam_Present,4,15,0.26666666666666666
6340500,WestPlains,La_Nina,Winter,Dam_Present,3,15,0.2
6342260,WestPlains,El_Nino,Fall,Dam_Present,9,24,0.375
6342260,WestPlains,El_Nino,Spring,Dam_Present,8,24,0.3333333333333333
6342260,WestPlains,El_Nino,Summer,Dam_Present,4,24,0.16666666666666666
6342260,WestPlains,El_Nino,Winter,Dam_Present,3,24,0.125
6342260,WestPlains,La_Nina,Fall,Dam_Present,4,15,0.26666666666666666
6342260,WestPlains,La_Nina,Spring,Dam_Present,2,15,0.13333333333333333
6342260,WestPlains,La_Nina,Summer,Dam_Present,6,15,0.4
6342260,WestPlains,La_Nina,Winter,Dam_Present,3,15,0.2
6342260,WestPlains,Neutral,Fall,Dam_Present,1,5,0.2
6345500,WestPlains,El_Nino,Fall,Dam_Absent,6,24,0.25
6345500,WestPlains,El_Nino,Spring,Dam_Absent,3,24,0.125
6345500,WestPlains,El_Nino,Summer,Dam_Absent,6,24,0.25
6345500,WestPlains,El_Nino,Winter,Dam_Absent,3,24,0.125
6345500,WestPlains,La_Nina,Fall,Dam_Absent,4,15,0.26666666666666666
6345500,WestPlains,La_Nina,Spring,Dam_Absent,3,15,0.2
6345500,WestPlains,La_Nina,Summer,Dam_Absent,3,15,0.2
6345500,WestPlains,La_Nina,Winter,Dam_Absent,2,15,0.13333333333333333
6345500,WestPlains,Neutral,Fall,Dam_Absent,1,5,0.2
6345780,WestPlains,El_Nino,Fall,Dam_Absent,4,24,0.16666666666666666
6345780,WestPlains,El_Nino,Spring,Dam_Absent,5,24,0.20833333333333334
6345780,WestPlains,El_Nino,Summer,Dam_Absent,6,24,0.25
6345780,WestPlains,El_Nino,Winter,Dam_Absent,2,24,0.08333333333333333
6345780,WestPlains,La_Nina,Fall,Dam_Absent,3,15,0.2
6345780,WestPlains,La_Nina,Spring,Dam_Absent,5,15,0.3333333333333333
6345780,WestPlains,La_Nina,Summer,Dam_Absent,4,15,0.26666666666666666
6345780,WestPlains,La_Nina,Winter,Dam_Absent,1,15,0.06666666666666667
6345780,WestPlains,Neutral,Summer,Dam_Absent,2,5,0.4
6348300,WestPlains,El_Nino,Fall,Dam_Absent,5,24,0.20833333333333334
6348300,WestPlains,El_Nino,Spring,Dam_Absent,5,24,0.20833333333333334
6348300,WestPlains,El_Nino,Summer,Dam_Absent,9,24,0.375
6348300,WestPlains,La_Nina,Fall,Dam_Absent,1,15,0.06666666666666667
6348300,WestPlains,La_Nina,Spring,Dam_Absent,2,15,0.13333333333333333
6348300,WestPlains,La_Nina,Summer,Dam_Absent,2,15,0.13333333333333333
6348300,WestPlains,Neutral,Summer,Dam_Absent,1,5,0.2
6348500,WestPlains,El_Nino,Spring,Dam_Present,2,24,0.08333333333333333
6348500,WestPlains,El_Nino,Summer,Dam_Present,4,24,0.16666666666666666
6348500,WestPlains,La_Nina,Spring,Dam_Present,1,15,0.06666666666666667
6348500,WestPlains,La_Nina,Summer,Dam_Present,3,15,0.2
6349000,WestPlains,El_Nino,Fall,Dam_Absent,3,24,0.125
6349000,WestPlains,El_Nino,Spring,Dam_Absent,3,24,0.125
6349000,WestPlains,El_Nino,Summer,Dam_Absent,9,24,0.375
6349000,WestPlains,El_Nino,Winter,Dam_Absent,3,24,0.125
6349000,WestPlains,La_Nina,Spring,Dam_Absent,2,15,0.13333333333333333
6349000,WestPlains,La_Nina,Summer,Dam_Absent,4,15,0.26666666666666666
6349000,WestPlains,La_Nina,Winter,Dam_Absent,1,15,0.06666666666666667
6349000,WestPlains,Neutral,Summer,Dam_Absent,2,5,0.4
6350000,WestPlains,El_Nino,Fall,Dam_Present,7,24,0.2916666666666667
6350000,WestPlains,El_Nino,Spring,Dam_Present,4,24,0.16666666666666666
6350000,WestPlains,El_Nino,Summer,Dam_Present,7,24,0.2916666666666667
6350000,WestPlains,El_Nino,Winter,Dam_Present,1,24,0.041666666666666664
6350000,WestPlains,La_Nina,Spring,Dam_Present,3,15,0.2
6350000,WestPlains,La_Nina,Summer,Dam_Present,1,15,0.06666666666666667
6350000,WestPlains,La_Nina,Winter,Dam_Present,3,15,0.2
6351200,WestPlains,El_Nino,Fall,Dam_Absent,5,24,0.20833333333333334
6351200,WestPlains,El_Nino,Spring,Dam_Absent,3,24,0.125
6351200,WestPlains,El_Nino,Summer,Dam_Absent,5,24,0.20833333333333334
6351200,WestPlains,La_Nina,Fall,Dam_Absent,2,15,0.13333333333333333
6351200,WestPlains,La_Nina,Spring,Dam_Absent,3,15,0.2
6351200,WestPlains,La_Nina,Summer,Dam_Absent,3,15,0.2
6351200,WestPlains,La_Nina,Winter,Dam_Absent,1,15,0.06666666666666667
6351200,WestPlains,Neutral,Fall,Dam_Absent,1,5,0.2
6351200,WestPlains,Neutral,Spring,Dam_Absent,1,5,0.2
6354000,WestPlains,El_Nino,Fall,Dam_Absent,5,24,0.20833333333333334
6354000,WestPlains,El_Nino,Spring,Dam_Absent,7,24,0.2916666666666667
6354000,WestPlains,El_Nino,Summer,Dam_Absent,6,24,0.25
6354000,WestPlains,El_Nino,Winter,Dam_Absent,1,24,0.041666666666666664
6354000,WestPlains,La_Nina,Fall,Dam_Absent,3,15,0.2
6354000,WestPlains,La_Nina,Spring,Dam_Absent,1,15,0.06666666666666667
6354000,WestPlains,La_Nina,Summer,Dam_Absent,4,15,0.26666666666666666
6354000,WestPlains,La_Nina,Winter,Dam_Absent,2,15,0.13333333333333333
6354000,WestPlains,Neutral,Summer,Dam_Absent,2,5,0.4
6354580,WestPlains,El_Nino,Fall,Dam_Absent,5,24,0.20833333333333334
6354580,WestPlains,El_Nino,Spring,Dam_Absent,7,24,0.2916666666666667
6354580,WestPlains,El_Nino,Summer,Dam_Absent,2,24,0.08333333333333333
6354580,WestPlains,El_Nino,Winter,Dam_Absent,2,24,0.08333333333333333
6354580,WestPlains,La_Nina,Fall,Dam_Absent,3,15,0.2
6354580,WestPlains,La_Nina,Summer,Dam_Absent,4,15,0.26666666666666666
6354580,WestPlains,Neutral,Summer,Dam_Absent,2,5,0.4
6355500,WestPlains,El_Nino,Spring,Dam_Absent,6,24,0.25
6355500,WestPlains,El_Nino,Winter,Dam_Absent,1,24,0.041666666666666664
6355500,WestPlains,La_Nina,Spring,Dam_Absent,1,15,0.06666666666666667
6355500,WestPlains,La_Nina,Summer,Dam_Absent,1,15,0.06666666666666667
6357800,WestPlains,El_Nino,Fall,Dam_Absent,3,24,0.125
6357800,WestPlains,El_Nino,Spring,Dam_Absent,9,24,0.375
6357800,WestPlains,El_Nino,Summer,Dam_Absent,12,24,0.5
6357800,WestPlains,El_Nino,Winter,Dam_Absent,1,24,0.041666666666666664
6357800,WestPlains,La_Nina,Spring,Dam_Absent,1,15,0.06666666666666667
6357800,WestPlains,La_Nina,Summer,Dam_Absent,4,15,0.26666666666666666
6357800,WestPlains,Neutral,Fall,Dam_Absent,1,5,0.2
6357800,WestPlains,Neutral,Spring,Dam_Absent,3,5,0.6
6365900,WestPlains,El_Nino,Spring,Dam_Absent,1,24,0.041666666666666664
6365900,WestPlains,El_Nino,Winter,Dam_Absent,1,24,0.041666666666666664
6386500,WestPlains,El_Nino,Fall,Dam_Absent,1,24,0.041666666666666664
6386500,WestPlains,El_Nino,Spring,Dam_Absent,1,24,0.041666666666666664
6386500,WestPlains,El_Nino,Summer,Dam_Absent,3,24,0.125
6386500,WestPlains,La_Nina,Fall,Dam_Absent,1,15,0.06666666666666667
6386500,WestPlains,La_Nina,Summer,Dam_Absent,2,15,0.13333333333333333
6386500,WestPlains,Neutral,Spring,Dam_Absent,2,5,0.4
6386500,WestPlains,Neutral,Summer,Dam_Absent,1,5,0.2
6395000,WestPlains,El_Nino,Fall,Dam_Present,6,24,0.25
6395000,WestPlains,El_Nino,Spring,Dam_Present,5,24,0.20833333333333334
6395000,WestPlains,El_Nino,Summer,Dam_Present,6,24,0.25
6395000,WestPlains,El_Nino,Winter,Dam_Present,1,24,0.041666666666666664
6395000,WestPlains,La_Nina,Fall,Dam_Present,1,15,0.06666666666666667
6395000,WestPlains,La_Nina,Spring,Dam_Present,2,15,0.13333333333333333
6395000,WestPlains,La_Nina,Summer,Dam_Present,2,15,0.13333333333333333
6395000,WestPlains,La_Nina,Winter,Dam_Present,1,15,0.06666666666666667
6395000,WestPlains,Neutral,Fall,Dam_Present,1,5,0.2
6395000,WestPlains,Neutral,Spring,Dam_Present,2,5,0.4
6401500,WestPlains,El_Nino,Spring,Dam_Present,8,24,0.3333333333333333
6401500,WestPlains,El_Nino,Winter,Dam_Present,2,24,0.08333333333333333
6401500,WestPlains,La_Nina,Spring,Dam_Present,1,15,0.06666666666666667
6401500,WestPlains,La_Nina,Summer,Dam_Present,1,15,0.06666666666666667
6401500,WestPlains,Neutral,Spring,Dam_Present,2,5,0.4
6402000,WestMnts,El_Nino,Fall,Dam_Present,1,24,0.041666666666666664
6402000,WestMnts,El_Nino,Spring,Dam_Present,7,24,0.2916666666666667
6402000,WestMnts,El_Nino,Summer,Dam_Present,9,24,0.375
6402000,WestMnts,El_Nino,Winter,Dam_Present,1,24,0.041666666666666664
6402000,WestMnts,La_Nina,Summer,Dam_Present,2,15,0.13333333333333333
6402000,WestMnts,Neutral,Summer,Dam_Present,3,5,0.6
6402600,WestPlains,El_Nino,Fall,Dam_Absent,1,24,0.041666666666666664
6402600,WestPlains,El_Nino,Spring,Dam_Absent,3,24,0.125
6402600,WestPlains,El_Nino,Summer,Dam_Absent,3,24,0.125
6402600,WestPlains,El_Nino,Winter,Dam_Absent,2,24,0.08333333333333333
6402600,WestPlains,La_Nina,Fall,Dam_Absent,4,15,0.26666666666666666
6402600,WestPlains,La_Nina,Spring,Dam_Absent,4,15,0.26666666666666666
6402600,WestPlains,La_Nina,Summer,Dam_Absent,3,15,0.2
6402600,WestPlains,La_Nina,Winter,Dam_Absent,1,15,0.06666666666666667
6402600,WestPlains,Neutral,Spring,Dam_Absent,2,5,0.4
6403300,WestMnts,El_Nino,Fall,Dam_Present,2,24,0.08333333333333333
6403300,WestMnts,El_Nino,Spring,Dam_Present,6,24,0.25
6403300,WestMnts,El_Nino,Summer,Dam_Present,7,24,0.2916666666666667
6403300,WestMnts,El_Nino,Winter,Dam_Present,1,24,0.041666666666666664
6403300,WestMnts,La_Nina,Fall,Dam_Present,3,15,0.2
6403300,WestMnts,La_Nina,Spring,Dam_Present,1,15,0.06666666666666667
6403300,WestMnts,La_Nina,Summer,Dam_Present,1,15,0.06666666666666667
6403300,WestMnts,La_Nina,Winter,Dam_Present,2,15,0.13333333333333333
6403300,WestMnts,Neutral,Spring,Dam_Present,3,5,0.6
6403300,WestMnts,Neutral,Summer,Dam_Present,3,5,0.6
6403700,WestPlains,El_Nino,Fall,Dam_Absent,5,24,0.20833333333333334
6403700,WestPlains,El_Nino,Spring,Dam_Absent,6,24,0.25
6403700,WestPlains,El_Nino,Summer,Dam_Absent,5,24,0.20833333333333334
6403700,WestPlains,El_Nino,Winter,Dam_Absent,3,24,0.125
6403700,WestPlains,La_Nina,Fall,Dam_Absent,8,15,0.5333333333333333
6403700,WestPlains,La_Nina,Spring,Dam_Absent,2,15,0.13333333333333333
6403700,WestPlains,La_Nina,Summer,Dam_Absent,3,15,0.2
6403700,WestPlains,Neutral,Spring,Dam_Absent,2,5,0.4
6403700,WestPlains,Neutral,Summer,Dam_Absent,3,5,0.6
6403700,WestPlains,Neutral,Winter,Dam_Absent,1,5,0.2
6404000,WestMnts,El_Nino,Fall,Dam_Present,4,24,0.16666666666666666
6404000,WestMnts,El_Nino,Spring,Dam_Present,13,24,0.5416666666666666
6404000,WestMnts,El_Nino,Summer,Dam_Present,3,24,0.125
6404000,WestMnts,El_Nino,Winter,Dam_Present,3,24,0.125
6404000,WestMnts,La_Nina,Fall,Dam_Present,1,15,0.06666666666666667
6404000,WestMnts,La_Nina,Spring,Dam_Present,2,15,0.13333333333333333
6404000,WestMnts,La_Nina,Summer,Dam_Present,1,15,0.06666666666666667
6404000,WestMnts,Neutral,Spring,Dam_Present,3,5,0.6
6404000,WestMnts,Neutral,Summer,Dam_Present,1,5,0.2
6406000,WestMnts,El_Nino,Summer,Dam_Absent,2,24,0.08333333333333333
6406000,WestMnts,La_Nina,Summer,Dam_Absent,2,15,0.13333333333333333
6408650,WestPlains,El_Nino,Fall,Dam_Absent,2,24,0.08333333333333333
6408650,WestPlains,El_Nino,Spring,Dam_Absent,1,24,0.041666666666666664
6408650,WestPlains,El_Nino,Summer,Dam_Absent,1,24,0.041666666666666664
6408650,WestPlains,El_Nino,Winter,Dam_Absent,2,24,0.08333333333333333
6408650,WestPlains,La_Nina,Fall,Dam_Absent,4,15,0.26666666666666666
6408650,WestPlains,La_Nina,Spring,Dam_Absent,5,15,0.3333333333333333
6408650,WestPlains,La_Nina,Summer,Dam_Absent,3,15,0.2
6408650,WestPlains,Neutral,Fall,Dam_Absent,1,5,0.2
6408650,WestPlains,Neutral,Summer,Dam_Absent,2,5,0.4
6423500,WestPlains,El_Nino,Fall,Dam_Absent,12,24,0.5
6423500,WestPlains,El_Nino,Spring,Dam_Absent,11,24,0.4583333333333333
6423500,WestPlains,El_Nino,Summer,Dam_Absent,12,24,0.5
6423500,WestPlains,El_Nino,Winter,Dam_Absent,1,24,0.041666666666666664
6423500,WestPlains,La_Nina,Fall,Dam_Absent,3,15,0.2
6423500,WestPlains,La_Nina,Spring,Dam_Absent,4,15,0.26666666666666666
6423500,WestPlains,La_Nina,Summer,Dam_Absent,2,15,0.13333333333333333
6423500,WestPlains,Neutral,Fall,Dam_Absent,1,5,0.2
6423500,WestPlains,Neutral,Summer,Dam_Absent,2,5,0.4
6427500,WestPlains,El_Nino,Summer,Dam_Present,1,24,0.041666666666666664
6427500,WestPlains,Neutral,Summer,Dam_Present,1,5,0.2
6428200,WestPlains,El_Nino,Fall,Dam_Absent,1,24,0.041666666666666664
6428200,WestPlains,El_Nino,Spring,Dam_Absent,1,24,0.041666666666666664
6428200,WestPlains,El_Nino,Summer,Dam_Absent,6,24,0.25
6428200,WestPlains,Neutral,Spring,Dam_Absent,2,5,0.4
6428200,WestPlains,Neutral,Summer,Dam_Absent,1,5,0.2
6428500,WestPlains,El_Nino,Fall,Dam_Absent,8,24,0.3333333333333333
6428500,WestPlains,El_Nino,Spring,Dam_Absent,9,24,0.375
6428500,WestPlains,El_Nino,Summer,Dam_Absent,6,24,0.25
6428500,WestPlains,La_Nina,Fall,Dam_Absent,2,15,0.13333333333333333
6428500,WestPlains,La_Nina,Spring,Dam_Absent,2,15,0.13333333333333333
6428500,WestPlains,La_Nina,Summer,Dam_Absent,6,15,0.4
6428500,WestPlains,La_Nina,Winter,Dam_Absent,1,15,0.06666666666666667
6428500,WestPlains,Neutral,Summer,Dam_Absent,1,5,0.2
6436000,WestPlains,El_Nino,Fall,Dam_Absent,11,24,0.4583333333333333
6436000,WestPlains,El_Nino,Spring,Dam_Absent,11,24,0.4583333333333333
6436000,WestPlains,El_Nino,Summer,Dam_Absent,8,24,0.3333333333333333
6436000,WestPlains,El_Nino,Winter,Dam_Absent,5,24,0.20833333333333334
6436000,WestPlains,La_Nina,Fall,Dam_Absent,3,15,0.2
6436000,WestPlains,La_Nina,Spring,Dam_Absent,2,15,0.13333333333333333
6436000,WestPlains,La_Nina,Summer,Dam_Absent,4,15,0.26666666666666666
6436000,WestPlains,Neutral,Summer,Dam_Absent,2,5,0.4
6436180,WestMnts,El_Nino,Fall,Dam_Absent,4,24,0.16666666666666666
6436180,WestMnts,El_Nino,Spring,Dam_Absent,5,24,0.20833333333333334
6436180,WestMnts,El_Nino,Summer,Dam_Absent,7,24,0.2916666666666667
6436180,WestMnts,El_Nino,Winter,Dam_Absent,3,24,0.125
6436180,WestMnts,La_Nina,Fall,Dam_Absent,3,15,0.2
6436180,WestMnts,La_Nina,Spring,Dam_Absent,3,15,0.2
6436180,WestMnts,La_Nina,Summer,Dam_Absent,5,15,0.3333333333333333
6436180,WestMnts,La_Nina,Winter,Dam_Absent,3,15,0.2
6436180,WestMnts,Neutral,Spring,Dam_Absent,2,5,0.4
6436180,WestMnts,Neutral,Summer,Dam_Absent,1,5,0.2
6436190,WestMnts,El_Nino,Fall,Dam_Absent,4,24,0.16666666666666666
6436190,WestMnts,El_Nino,Spring,Dam_Absent,6,24,0.25
6436190,WestMnts,El_Nino,Summer,Dam_Absent,5,24,0.20833333333333334
6436190,WestMnts,El_Nino,Winter,Dam_Absent,2,24,0.08333333333333333
6436190,WestMnts,La_Nina,Fall,Dam_Absent,2,15,0.13333333333333333
6436190,WestMnts,La_Nina,Spring,Dam_Absent,5,15,0.3333333333333333
6436190,WestMnts,La_Nina,Summer,Dam_Absent,1,15,0.06666666666666667
6436190,WestMnts,La_Nina,Winter,Dam_Absent,3,15,0.2
6436190,WestMnts,Neutral,Spring,Dam_Absent,1,5,0.2
6436190,WestMnts,Neutral,Summer,Dam_Absent,1,5,0.2
6436198,WestMnts,El_Nino,Fall,Dam_Absent,2,24,0.08333333333333333
6436198,WestMnts,El_Nino,Spring,Dam_Absent,6,24,0.25
6436198,WestMnts,El_Nino,Summer,Dam_Absent,6,24,0.25
6436198,WestMnts,El_Nino,Winter,Dam_Absent,3,24,0.125
6436198,WestMnts,La_Nina,Fall,Dam_Absent,2,15,0.13333333333333333
6436198,WestMnts,La_Nina,Spring,Dam_Absent,4,15,0.26666666666666666
6436198,WestMnts,La_Nina,Summer,Dam_Absent,1,15,0.06666666666666667
6436198,WestMnts,La_Nina,Winter,Dam_Absent,1,15,0.06666666666666667
6436198,WestMnts,Neutral,Spring,Dam_Absent,2,5,0.4
6437000,WestPlains,El_Nino,Fall,Dam_Absent,6,24,0.25
6437000,WestPlains,El_Nino,Spring,Dam_Absent,5,24,0.20833333333333334
6437000,WestPlains,El_Nino,Summer,Dam_Absent,10,24,0.4166666666666667
6437000,WestPlains,El_Nino,Winter,Dam_Absent,1,24,0.041666666666666664
6437000,WestPlains,La_Nina,Fall,Dam_Absent,2,15,0.13333333333333333
6437000,WestPlains,La_Nina,Spring,Dam_Absent,3,15,0.2
6437000,WestPlains,La_Nina,Summer,Dam_Absent,4,15,0.26666666666666666
6437000,WestPlains,La_Nina,Winter,Dam_Absent,1,15,0.06666666666666667
6437000,WestPlains,Neutral,Fall,Dam_Absent,1,5,0.2
6437000,WestPlains,Neutral,Spring,Dam_Absent,1,5,0.2
6438000,WestPlains,El_Nino,Fall,Dam_Absent,3,24,0.125
6438000,WestPlains,El_Nino,Spring,Dam_Absent,7,24,0.2916666666666667
6438000,WestPlains,El_Nino,Summer,Dam_Absent,10,24,0.4166666666666667
6438000,WestPlains,La_Nina,Fall,Dam_Absent,4,15,0.26666666666666666
6438000,WestPlains,La_Nina,Summer,Dam_Absent,2,15,0.13333333333333333
6438000,WestPlains,Neutral,Spring,Dam_Absent,2,5,0.4
6441500,WestPlains,El_Nino,Spring,Dam_Absent,6,24,0.25
6441500,WestPlains,El_Nino,Summer,Dam_Absent,2,24,0.08333333333333333
6441500,WestPlains,El_Nino,Winter,Dam_Absent,1,24,0.041666666666666664
6441500,WestPlains,La_Nina,Fall,Dam_Absent,1,15,0.06666666666666667
6441500,WestPlains,La_Nina,Winter,Dam_Absent,1,15,0.06666666666666667
6441500,WestPlains,Neutral,Spring,Dam_Absent,1,5,0.2
6445685,WestPlains,El_Nino,Fall,Dam_Absent,6,24,0.25
6445685,WestPlains,El_Nino,Spring,Dam_Absent,8,24,0.3333333333333333
6445685,WestPlains,El_Nino,Summer,Dam_Absent,5,24,0.20833333333333334
6445685,WestPlains,La_Nina,Fall,Dam_Absent,2,15,0.13333333333333333
6445685,WestPlains,La_Nina,Spring,Dam_Absent,2,15,0.13333333333333333
6445685,WestPlains,La_Nina,Summer,Dam_Absent,3,15,0.2
6445685,WestPlains,La_Nina,Winter,Dam_Absent,1,15,0.06666666666666667
6445685,WestPlains,Neutral,Fall,Dam_Absent,2,5,0.4
6445685,WestPlains,Neutral,Spring,Dam_Absent,2,5,0.4
6445685,WestPlains,Neutral,Summer,Dam_Absent,1,5,0.2
6446000,WestPlains,El_Nino,Fall,Dam_Present,3,24,0.125
6446000,WestPlains,El_Nino,Spring,Dam_Present,6,24,0.25
6446000,WestPlains,El_Nino,Summer,Dam_Present,5,24,0.20833333333333334
6446000,WestPlains,El_Nino,Winter,Dam_Present,1,24,0.041666666666666664
6446000,WestPlains,La_Nina,Fall,Dam_Present,3,15,0.2
6446000,WestPlains,La_Nina,Summer,Dam_Present,3,15,0.2
6446000,WestPlains,La_Nina,Winter,Dam_Present,1,15,0.06666666666666667
6446000,WestPlains,Neutral,Spring,Dam_Present,1,5,0.2
6446000,WestPlains,Neutral,Summer,Dam_Present,1,5,0.2
6446500,WestPlains,El_Nino,Fall,Dam_Absent,3,24,0.125
6446500,WestPlains,El_Nino,Spring,Dam_Absent,5,24,0.20833333333333334
6446500,WestPlains,El_Nino,Summer,Dam_Absent,5,24,0.20833333333333334
6446500,WestPlains,El_Nino,Winter,Dam_Absent,4,24,0.16666666666666666
6446500,WestPlains,La_Nina,Fall,Dam_Absent,4,15,0.26666666666666666
6446500,WestPlains,La_Nina,Spring,Dam_Absent,3,15,0.2
6446500,WestPlains,La_Nina,Summer,Dam_Absent,1,15,0.06666666666666667
6446500,WestPlains,Neutral,Fall,Dam_Absent,1,5,0.2
6446500,WestPlains,Neutral,Spring,Dam_Absent,1,5,0.2
6446500,WestPlains,Neutral,Summer,Dam_Absent,2,5,0.4
6447000,WestPlains,El_Nino,Fall,Dam_Absent,7,24,0.2916666666666667
6447000,WestPlains,El_Nino,Spring,Dam_Absent,8,24,0.3333333333333333
6447000,WestPlains,El_Nino,Summer,Dam_Absent,6,24,0.25
6447000,WestPlains,El_Nino,Winter,Dam_Absent,1,24,0.041666666666666664
6447000,WestPlains,La_Nina,Fall,Dam_Absent,1,15,0.06666666666666667
6447000,WestPlains,La_Nina,Spring,Dam_Absent,2,15,0.13333333333333333
6447000,WestPlains,La_Nina,Summer,Dam_Absent,4,15,0.26666666666666666
6447000,WestPlains,La_Nina,Winter,Dam_Absent,1,15,0.06666666666666667
6447000,WestPlains,Neutral,Fall,Dam_Absent,2,5,0.4
6447000,WestPlains,Neutral,Spring,Dam_Absent,1,5,0.2
6447000,WestPlains,Neutral,Summer,Dam_Absent,2,5,0.4
6447230,WestPlains,El_Nino,Spring,Dam_Absent,7,24,0.2916666666666667
6447230,WestPlains,El_Nino,Summer,Dam_Absent,4,24,0.16666666666666666
6447230,WestPlains,El_Nino,Winter,Dam_Absent,4,24,0.16666666666666666
6447230,WestPlains,La_Nina,Spring,Dam_Absent,2,15,0.13333333333333333
6447230,WestPlains,La_Nina,Winter,Dam_Absent,1,15,0.06666666666666667
6447230,WestPlains,Neutral,Summer,Dam_Absent,2,5,0.4
6447450,WestPlains,El_Nino,Fall,Dam_Absent,4,24,0.16666666666666666
6447450,WestPlains,El_Nino,Spring,Dam_Absent,8,24,0.3333333333333333
6447450,WestPlains,El_Nino,Summer,Dam_Absent,4,24,0.16666666666666666
6447450,WestPlains,El_Nino,Winter,Dam_Absent,2,24,0.08333333333333333
6447450,WestPlains,La_Nina,Fall,Dam_Absent,1,15,0.06666666666666667
6447450,WestPlains,La_Nina,Spring,Dam_Absent,2,15,0.13333333333333333
6447450,WestPlains,La_Nina,Summer,Dam_Absent,6,15,0.4
6447450,WestPlains,La_Nina,Winter,Dam_Absent,3,15,0.2
6449000,WestPlains,El_Nino,Fall,Dam_Present,9,24,0.375
6449000,WestPlains,El_Nino,Spring,Dam_Present,7,24,0.2916666666666667
6449000,WestPlains,El_Nino,Summer,Dam_Present,5,24,0.20833333333333334
6449000,WestPlains,El_Nino,Winter,Dam_Present,3,24,0.125
6449000,WestPlains,La_Nina,Fall,Dam_Present,8,15,0.5333333333333333
6449000,WestPlains,La_Nina,Spring,Dam_Present,5,15,0.3333333333333333
6449000,WestPlains,La_Nina,Summer,Dam_Present,3,15,0.2
6449000,WestPlains,La_Nina,Winter,Dam_Present,3,15,0.2
6449000,WestPlains,Neutral,Spring,Dam_Present,3,5,0.6
6449100,WestPlains,El_Nino,Fall,Dam_Absent,4,24,0.16666666666666666
6449100,WestPlains,El_Nino,Spring,Dam_Absent,9,24,0.375
6449100,WestPlains,El_Nino,Summer,Dam_Absent,3,24,0.125
6449100,WestPlains,El_Nino,Winter,Dam_Absent,3,24,0.125
6449100,WestPlains,La_Nina,Fall,Dam_Absent,2,15,0.13333333333333333
6449100,WestPlains,La_Nina,Spring,Dam_Absent,3,15,0.2
6449100,WestPlains,La_Nina,Summer,Dam_Absent,2,15,0.13333333333333333
6449100,WestPlains,La_Nina,Winter,Dam_Absent,3,15,0.2
6449100,WestPlains,Neutral,Fall,Dam_Absent,2,5,0.4
6449100,WestPlains,Neutral,Spring,Dam_Absent,1,5,0.2
6449100,WestPlains,Neutral,Winter,Dam_Absent,2,5,0.4
6449500,WestPlains,El_Nino,Fall,Dam_Absent,6,24,0.25
6449500,WestPlains,El_Nino,Spring,Dam_Absent,11,24,0.4583333333333333
6449500,WestPlains,El_Nino,Summer,Dam_Absent,4,24,0.16666666666666666
6449500,WestPlains,El_Nino,Winter,Dam_Absent,4,24,0.16666666666666666
6449500,WestPlains,La_Nina,Fall,Dam_Absent,3,15,0.2
6449500,WestPlains,La_Nina,Spring,Dam_Absent,1,15,0.06666666666666667
6449500,WestPlains,La_Nina,Summer,Dam_Absent,2,15,0.13333333333333333
6449500,WestPlains,La_Nina,Winter,Dam_Absent,1,15,0.06666666666666667
6449500,WestPlains,Neutral,Spring,Dam_Absent,2,5,0.4
6450500,WestPlains,El_Nino,Fall,Dam_Present,5,24,0.20833333333333334
6450500,WestPlains,El_Nino,Spring,Dam_Present,9,24,0.375
6450500,WestPlains,El_Nino,Summer,Dam_Present,4,24,0.16666666666666666
6450500,WestPlains,El_Nino,Winter,Dam_Present,4,24,0.16666666666666666
6450500,WestPlains,La_Nina,Fall,Dam_Present,4,15,0.26666666666666666
6450500,WestPlains,La_Nina,Spring,Dam_Present,2,15,0.13333333333333333
6450500,WestPlains,La_Nina,Winter,Dam_Present,4,15,0.26666666666666666
6450500,WestPlains,Neutral,Fall,Dam_Present,2,5,0.4
6450500,WestPlains,Neutral,Spring,Dam_Present,1,5,0.2
6450500,WestPlains,Neutral,Summer,Dam_Present,2,5,0.4
6452000,WestPlains,El_Nino,Fall,Dam_Present,4,24,0.16666666666666666
6452000,WestPlains,El_Nino,Spring,Dam_Present,8,24,0.3333333333333333
6452000,WestPlains,El_Nino,Summer,Dam_Present,4,24,0.16666666666666666
6452000,WestPlains,El_Nino,Winter,Dam_Present,1,24,0.041666666666666664
6452000,WestPlains,La_Nina,Fall,Dam_Present,1,15,0.06666666666666667
6452000,WestPlains,La_Nina,Spring,Dam_Present,3,15,0.2
6452000,WestPlains,La_Nina,Summer,Dam_Present,4,15,0.26666666666666666
6452000,WestPlains,La_Nina,Winter,Dam_Present,3,15,0.2
6452000,WestPlains,Neutral,Spring,Dam_Present,2,5,0.4
6452000,WestPlains,Neutral,Summer,Dam_Present,2,5,0.4
6453600,WestPlains,El_Nino,Spring,Dam_Absent,10,24,0.4166666666666667
6453600,WestPlains,El_Nino,Summer,Dam_Absent,3,24,0.125
6453600,WestPlains,La_Nina,Summer,Dam_Absent,2,15,0.13333333333333333
6453600,WestPlains,Neutral,Fall,Dam_Absent,1,5,0.2
6453600,WestPlains,Neutral,Spring,Dam_Absent,2,5,0.4
6461500,WestPlains,El_Nino,Fall,Dam_Absent,8,24,0.3333333333333333
6461500,WestPlains,El_Nino,Spring,Dam_Absent,10,24,0.4166666666666667
6461500,WestPlains,El_Nino,Summer,Dam_Absent,5,24,0.20833333333333334
6461500,WestPlains,El_Nino,Winter,Dam_Absent,11,24,0.4583333333333333
6461500,WestPlains,La_Nina,Fall,Dam_Absent,5,15,0.3333333333333333
6461500,WestPlains,La_Nina,Spring,Dam_Absent,1,15,0.06666666666666667
6461500,WestPlains,La_Nina,Summer,Dam_Absent,3,15,0.2
6461500,WestPlains,La_Nina,Winter,Dam_Absent,3,15,0.2
6461500,WestPlains,Neutral,Spring,Dam_Absent,2,5,0.4
6461500,WestPlains,Neutral,Summer,Dam_Absent,1,5,0.2
6461500,WestPlains,Neutral,Winter,Dam_Absent,1,5,0.2
6464500,WestPlains,El_Nino,Fall,Dam_Absent,4,24,0.16666666666666666
6464500,WestPlains,El_Nino,Spring,Dam_Absent,7,24,0.2916666666666667
6464500,WestPlains,El_Nino,Summer,Dam_Absent,4,24,0.16666666666666666
6464500,WestPlains,El_Nino,Winter,Dam_Absent,2,24,0.08333333333333333
6464500,WestPlains,La_Nina,Fall,Dam_Absent,1,15,0.06666666666666667
6464500,WestPlains,La_Nina,Spring,Dam_Absent,2,15,0.13333333333333333
6464500,WestPlains,La_Nina,Summer,Dam_Absent,4,15,0.26666666666666666
6464500,WestPlains,Neutral,Spring,Dam_Absent,4,5,0.8
6465500,WestPlains,El_Nino,Fall,Dam_Absent,9,24,0.375
6465500,WestPlains,El_Nino,Spring,Dam_Absent,16,24,0.6666666666666666
6465500,WestPlains,El_Nino,Summer,Dam_Absent,7,24,0.2916666666666667
6465500,WestPlains,El_Nino,Winter,Dam_Absent,5,24,0.20833333333333334
6465500,WestPlains,La_Nina,Fall,Dam_Absent,2,15,0.13333333333333333
6465500,WestPlains,La_Nina,Spring,Dam_Absent,1,15,0.06666666666666667
6465500,WestPlains,La_Nina,Summer,Dam_Absent,3,15,0.2
6465500,WestPlains,La_Nina,Winter,Dam_Absent,2,15,0.13333333333333333
6465500,WestPlains,Neutral,Fall,Dam_Absent,2,5,0.4
6465500,WestPlains,Neutral,Spring,Dam_Absent,1,5,0.2
6465500,WestPlains,Neutral,Summer,Dam_Absent,3,5,0.6
6465500,WestPlains,Neutral,Winter,Dam_Absent,2,5,0.4
6475000,CntlPlains,El_Nino,Fall,Dam_Present,2,24,0.08333333333333333
6475000,CntlPlains,El_Nino,Spring,Dam_Present,1,24,0.041666666666666664
6475000,CntlPlains,El_Nino,Summer,Dam_Present,1,24,0.041666666666666664
6475000,CntlPlains,La_Nina,Fall,Dam_Present,2,15,0.13333333333333333
6475000,CntlPlains,La_Nina,Winter,Dam_Present,1,15,0.06666666666666667
6476000,CntlPlains,El_Nino,Fall,Dam_Absent,1,24,0.041666666666666664
6476000,CntlPlains,El_Nino,Spring,Dam_Absent,7,24,0.2916666666666667
6476000,CntlPlains,El_Nino,Summer,Dam_Absent,2,24,0.08333333333333333
6476000,CntlPlains,La_Nina,Spring,Dam_Absent,1,15,0.06666666666666667
6476000,CntlPlains,La_Nina,Winter,Dam_Absent,2,15,0.13333333333333333
6476000,CntlPlains,Neutral,Spring,Dam_Absent,1,5,0.2
6477000,CntlPlains,El_Nino,Spring,Dam_Absent,2,24,0.08333333333333333
6477000,CntlPlains,El_Nino,Summer,Dam_Absent,1,24,0.041666666666666664
6477000,CntlPlains,La_Nina,Winter,Dam_Absent,1,15,0.06666666666666667
6477000,CntlPlains,Neutral,Spring,Dam_Absent,1,5,0.2
6478600,CntlPlains,El_Nino,Fall,Dam_Absent,2,24,0.08333333333333333
6478600,CntlPlains,El_Nino,Spring,Dam_Absent,7,24,0.2916666666666667
6478600,CntlPlains,El_Nino,Summer,Dam_Absent,6,24,0.25
6478600,CntlPlains,La_Nina,Fall,Dam_Absent,2,15,0.13333333333333333
6478600,CntlPlains,La_Nina,Spring,Dam_Absent,2,15,0.13333333333333333
6478600,CntlPlains,La_Nina,Summer,Dam_Absent,3,15,0.2
6478600,CntlPlains,Neutral,Fall,Dam_Absent,1,5,0.2
6479010,CntlPlains,El_Nino,Fall,Dam_Absent,1,24,0.041666666666666664
6479010,CntlPlains,El_Nino,Spring,Dam_Absent,4,24,0.16666666666666666
6479010,CntlPlains,El_Nino,Summer,Dam_Absent,1,24,0.041666666666666664
6479010,CntlPlains,La_Nina,Fall,Dam_Absent,2,15,0.13333333333333333
6479010,CntlPlains,La_Nina,Spring,Dam_Absent,2,15,0.13333333333333333
6479010,CntlPlains,La_Nina,Summer,Dam_Absent,1,15,0.06666666666666667
6479010,CntlPlains,La_Nina,Winter,Dam_Absent,1,15,0.06666666666666667
6479010,CntlPlains,Neutral,Fall,Dam_Absent,1,5,0.2
6479010,CntlPlains,Neutral,Summer,Dam_Absent,1,5,0.2
6485500,CntlPlains,El_Nino,Fall,Dam_Absent,2,24,0.08333333333333333
6485500,CntlPlains,El_Nino,Spring,Dam_Absent,6,24,0.25
6485500,CntlPlains,El_Nino,Summer,Dam_Absent,4,24,0.16666666666666666
6485500,CntlPlains,La_Nina,Spring,Dam_Absent,1,15,0.06666666666666667
6485500,CntlPlains,La_Nina,Summer,Dam_Absent,2,15,0.13333333333333333
6485500,CntlPlains,La_Nina,Winter,Dam_Absent,1,15,0.06666666666666667
6485500,CntlPlains,Neutral,Summer,Dam_Absent,1,5,0.2
6600000,CntlPlains,El_Nino,Fall,Dam_Present,4,24,0.16666666666666666
6600000,CntlPlains,El_Nino,Spring,Dam_Present,7,24,0.2916666666666667
6600000,CntlPlains,El_Nino,Summer,Dam_Present,5,24,0.20833333333333334
6600000,CntlPlains,El_Nino,Winter,Dam_Present,6,24,0.25
6600000,CntlPlains,La_Nina,Fall,Dam_Present,1,15,0.06666666666666667
6600000,CntlPlains,La_Nina,Summer,Dam_Present,1,15,0.06666666666666667
6600000,CntlPlains,La_Nina,Winter,Dam_Present,1,15,0.06666666666666667
6600500,CntlPlains,El_Nino,Fall,Dam_Present,1,24,0.041666666666666664
6600500,CntlPlains,El_Nino,Spring,Dam_Present,2,24,0.08333333333333333
6600500,CntlPlains,El_Nino,Summer,Dam_Present,2,24,0.08333333333333333
6600500,CntlPlains,La_Nina,Fall,Dam_Present,3,15,0.2
6600500,CntlPlains,La_Nina,Spring,Dam_Present,2,15,0.13333333333333333
6600500,CntlPlains,La_Nina,Winter,Dam_Present,1,15,0.06666666666666667
6600500,CntlPlains,Neutral,Fall,Dam_Present,1,5,0.2
6600500,CntlPlains,Neutral,Spring,Dam_Present,2,5,0.4
6600500,CntlPlains,Neutral,Summer,Dam_Present,3,5,0.6
6605850,CntlPlains,El_Nino,Spring,Dam_Absent,7,24,0.2916666666666667
6605850,CntlPlains,El_Nino,Summer,Dam_Absent,8,24,0.3333333333333333
6605850,CntlPlains,El_Nino,Winter,Dam_Absent,2,24,0.08333333333333333
6605850,CntlPlains,La_Nina,Spring,Dam_Absent,2,15,0.13333333333333333
6605850,CntlPlains,La_Nina,Summer,Dam_Absent,2,15,0.13333333333333333
6605850,CntlPlains,La_Nina,Winter,Dam_Absent,1,15,0.06666666666666667
6605850,CntlPlains,Neutral,Spring,Dam_Absent,1,5,0.2
6605850,CntlPlains,Neutral,Summer,Dam_Absent,1,5,0.2
6606600,CntlPlains,El_Nino,Spring,Dam_Absent,5,24,0.20833333333333334
6606600,CntlPlains,El_Nino,Summer,Dam_Absent,7,24,0.2916666666666667
6606600,CntlPlains,El_Nino,Winter,Dam_Absent,4,24,0.16666666666666666
6606600,CntlPlains,La_Nina,Fall,Dam_Absent,2,15,0.13333333333333333
6606600,CntlPlains,La_Nina,Spring,Dam_Absent,1,15,0.06666666666666667
6606600,CntlPlains,La_Nina,Summer,Dam_Absent,2,15,0.13333333333333333
6606600,CntlPlains,La_Nina,Winter,Dam_Absent,2,15,0.13333333333333333
6606600,CntlPlains,Neutral,Spring,Dam_Absent,1,5,0.2
6606600,CntlPlains,Neutral,Summer,Dam_Absent,1,5,0.2
6607500,CntlPlains,El_Nino,Fall,Dam_Present,3,24,0.125
6607500,CntlPlains,El_Nino,Spring,Dam_Present,5,24,0.20833333333333334
6607500,CntlPlains,El_Nino,Summer,Dam_Present,4,24,0.16666666666666666
6607500,CntlPlains,La_Nina,Fall,Dam_Present,1,15,0.06666666666666667
6607500,CntlPlains,La_Nina,Spring,Dam_Present,2,15,0.13333333333333333
6607500,CntlPlains,La_Nina,Summer,Dam_Present,2,15,0.13333333333333333
6607500,CntlPlains,La_Nina,Winter,Dam_Present,1,15,0.06666666666666667
6607500,CntlPlains,Neutral,Spring,Dam_Present,1,5,0.2
6607500,CntlPlains,Neutral,Summer,Dam_Present,2,5,0.4
6608500,CntlPlains,El_Nino,Fall,Dam_Present,5,24,0.20833333333333334
6608500,CntlPlains,El_Nino,Spring,Dam_Present,8,24,0.3333333333333333
6608500,CntlPlains,El_Nino,Summer,Dam_Present,9,24,0.375
6608500,CntlPlains,El_Nino,Winter,Dam_Present,1,24,0.041666666666666664
6608500,CntlPlains,La_Nina,Fall,Dam_Present,2,15,0.13333333333333333
6608500,CntlPlains,La_Nina,Spring,Dam_Present,1,15,0.06666666666666667
6608500,CntlPlains,La_Nina,Summer,Dam_Present,5,15,0.3333333333333333
6608500,CntlPlains,La_Nina,Winter,Dam_Present,4,15,0.26666666666666666
6608500,CntlPlains,Neutral,Fall,Dam_Present,2,5,0.4
6608500,CntlPlains,Neutral,Spring,Dam_Present,2,5,0.4
6608500,CntlPlains,Neutral,Summer,Dam_Present,3,5,0.6
6609500,CntlPlains,El_Nino,Fall,Dam_Present,1,24,0.041666666666666664
6609500,CntlPlains,El_Nino,Spring,Dam_Present,8,24,0.3333333333333333
6609500,CntlPlains,El_Nino,Summer,Dam_Present,7,24,0.2916666666666667
6609500,CntlPlains,El_Nino,Winter,Dam_Present,1,24,0.041666666666666664
6609500,CntlPlains,La_Nina,Fall,Dam_Present,1,15,0.06666666666666667
6609500,CntlPlains,La_Nina,Spring,Dam_Present,2,15,0.13333333333333333
6609500,CntlPlains,La_Nina,Summer,Dam_Present,3,15,0.2
6609500,CntlPlains,La_Nina,Winter,Dam_Present,2,15,0.13333333333333333
6609500,CntlPlains,Neutral,Spring,Dam_Present,2,5,0.4
6609500,CntlPlains,Neutral,Summer,Dam_Present,2,5,0.4
6609500,CntlPlains,Neutral,Winter,Dam_Present,1,5,0.2
6610732,CntlPlains,El_Nino,Fall,Dam_Present,1,24,0.041666666666666664
6610732,CntlPlains,El_Nino,Spring,Dam_Present,4,24,0.16666666666666666
6610732,CntlPlains,El_Nino,Summer,Dam_Present,1,24,0.041666666666666664
6610732,CntlPlains,La_Nina,Spring,Dam_Present,1,15,0.06666666666666667
6610732,CntlPlains,La_Nina,Summer,Dam_Present,2,15,0.13333333333333333
6610732,CntlPlains,Neutral,Fall,Dam_Present,1,5,0.2
6610732,CntlPlains,Neutral,Spring,Dam_Present,1,5,0.2
6610732,CntlPlains,Neutral,Summer,Dam_Present,3,5,0.6
6610750,CntlPlains,El_Nino,Fall,Dam_Present,1,24,0.041666666666666664
6610750,CntlPlains,El_Nino,Spring,Dam_Present,2,24,0.08333333333333333
6610750,CntlPlains,El_Nino,Summer,Dam_Present,1,24,0.041666666666666664
6610750,CntlPlains,La_Nina,Fall,Dam_Present,2,15,0.13333333333333333
6610750,CntlPlains,La_Nina,Spring,Dam_Present,2,15,0.13333333333333333
6610750,CntlPlains,La_Nina,Summer,Dam_Present,2,15,0.13333333333333333
6610750,CntlPlains,Neutral,Fall,Dam_Present,3,5,0.6
6610750,CntlPlains,Neutral,Summer,Dam_Present,2,5,0.4
6610795,CntlPlains,El_Nino,Fall,Dam_Present,2,24,0.08333333333333333
6610795,CntlPlains,El_Nino,Spring,Dam_Present,1,24,0.041666666666666664
6610795,CntlPlains,El_Nino,Summer,Dam_Present,1,24,0.041666666666666664
6610795,CntlPlains,El_Nino,Winter,Dam_Present,1,24,0.041666666666666664
6610795,CntlPlains,La_Nina,Fall,Dam_Present,2,15,0.13333333333333333
6610795,CntlPlains,La_Nina,Spring,Dam_Present,1,15,0.06666666666666667
6610795,CntlPlains,La_Nina,Summer,Dam_Present,1,15,0.06666666666666667
6610795,CntlPlains,La_Nina,Winter,Dam_Present,3,15,0.2
6610795,CntlPlains,Neutral,Fall,Dam_Present,3,5,0.6
6610795,CntlPlains,Neutral,Summer,Dam_Present,3,5,0.6
6620000,WestMnts,El_Nino,Fall,Dam_Absent,6,24,0.25
6620000,WestMnts,El_Nino,Spring,Dam_Absent,6,24,0.25
6620000,WestMnts,El_Nino,Summer,Dam_Absent,4,24,0.16666666666666666
6620000,WestMnts,El_Nino,Winter,Dam_Absent,1,24,0.041666666666666664
6620000,WestMnts,La_Nina,Fall,Dam_Absent,3,15,0.2
6620000,WestMnts,La_Nina,Spring,Dam_Absent,3,15,0.2
6620000,WestMnts,La_Nina,Summer,Dam_Absent,3,15,0.2
6620000,WestMnts,La_Nina,Winter,Dam_Absent,2,15,0.13333333333333333
6620000,WestMnts,Neutral,Spring,Dam_Absent,2,5,0.4
6620000,WestMnts,Neutral,Summer,Dam_Absent,1,5,0.2
6625000,WestMnts,El_Nino,Fall,Dam_Absent,8,24,0.3333333333333333
6625000,WestMnts,El_Nino,Spring,Dam_Absent,10,24,0.4166666666666667
6625000,WestMnts,El_Nino,Summer,Dam_Absent,5,24,0.20833333333333334
6625000,WestMnts,La_Nina,Fall,Dam_Absent,3,15,0.2
6625000,WestMnts,La_Nina,Spring,Dam_Absent,2,15,0.13333333333333333
6625000,WestMnts,La_Nina,Summer,Dam_Absent,6,15,0.4
6625000,WestMnts,La_Nina,Winter,Dam_Absent,2,15,0.13333333333333333
6625000,WestMnts,Neutral,Fall,Dam_Absent,2,5,0.4
6625000,WestMnts,Neutral,Spring,Dam_Absent,1,5,0.2
6630000,WestMnts,El_Nino,Fall,Dam_Absent,3,24,0.125
6630000,WestMnts,El_Nino,Spring,Dam_Absent,9,24,0.375
6630000,WestMnts,El_Nino,Summer,Dam_Absent,2,24,0.08333333333333333
6630000,WestMnts,El_Nino,Winter,Dam_Absent,1,24,0.041666666666666664
6630000,WestMnts,La_Nina,Fall,Dam_Absent,4,15,0.26666666666666666
6630000,WestMnts,La_Nina,Spring,Dam_Absent,2,15,0.13333333333333333
6630000,WestMnts,La_Nina,Summer,Dam_Absent,3,15,0.2
6630000,WestMnts,La_Nina,Winter,Dam_Absent,1,15,0.06666666666666667
6630000,WestMnts,Neutral,Spring,Dam_Absent,2,5,0.4
6630000,WestMnts,Neutral,Winter,Dam_Absent,1,5,0.2
6635000,WestXeric,El_Nino,Fall,Dam_Absent,7,24,0.2916666666666667
6635000,WestXeric,El_Nino,Spring,Dam_Absent,10,24,0.4166666666666667
6635000,WestXeric,El_Nino,Summer,Dam_Absent,8,24,0.3333333333333333
6635000,WestXeric,El_Nino,Winter,Dam_Absent,3,24,0.125
6635000,WestXeric,La_Nina,Fall,Dam_Absent,3,15,0.2
6635000,WestXeric,La_Nina,Spring,Dam_Absent,2,15,0.13333333333333333
6635000,WestXeric,La_Nina,Summer,Dam_Absent,4,15,0.26666666666666666
6635000,WestXeric,La_Nina,Winter,Dam_Absent,3,15,0.2
6635000,WestXeric,Neutral,Fall,Dam_Absent,1,5,0.2
6635000,WestXeric,Neutral,Spring,Dam_Absent,1,5,0.2
6635000,WestXeric,Neutral,Summer,Dam_Absent,2,5,0.4
6639000,WestXeric,El_Nino,Fall,Dam_Absent,1,24,0.041666666666666664
6639000,WestXeric,El_Nino,Spring,Dam_Absent,5,24,0.20833333333333334
6639000,WestXeric,Neutral,Spring,Dam_Absent,2,5,0.4
6642000,WestXeric,El_Nino,Fall,Dam_Present,4,24,0.16666666666666666
6642000,WestXeric,El_Nino,Spring,Dam_Present,4,24,0.16666666666666666
6642000,WestXeric,El_Nino,Summer,Dam_Present,2,24,0.08333333333333333
6642000,WestXeric,El_Nino,Winter,Dam_Present,3,24,0.125
6642000,WestXeric,Neutral,Fall,Dam_Present,1,5,0.2
6642000,WestXeric,Neutral,Spring,Dam_Present,1,5,0.2
6642000,WestXeric,Neutral,Winter,Dam_Present,1,5,0.2
6656000,WestXeric,El_Nino,Fall,Dam_Present,4,24,0.16666666666666666
6656000,WestXeric,El_Nino,Spring,Dam_Present,3,24,0.125
6656000,WestXeric,El_Nino,Summer,Dam_Present,2,24,0.08333333333333333
6656000,WestXeric,Neutral,Fall,Dam_Present,1,5,0.2
6656000,WestXeric,Neutral,Summer,Dam_Present,2,5,0.4
6657000,WestXeric,El_Nino,Fall,Dam_Present,7,24,0.2916666666666667
6657000,WestXeric,El_Nino,Spring,Dam_Present,8,24,0.3333333333333333
6657000,WestXeric,El_Nino,Summer,Dam_Present,12,24,0.5
6657000,WestXeric,El_Nino,Winter,Dam_Present,1,24,0.041666666666666664
6657000,WestXeric,La_Nina,Fall,Dam_Present,1,15,0.06666666666666667
6657000,WestXeric,La_Nina,Spring,Dam_Present,2,15,0.13333333333333333
6657000,WestXeric,La_Nina,Summer,Dam_Present,2,15,0.13333333333333333
6657000,WestXeric,La_Nina,Winter,Dam_Present,1,15,0.06666666666666667
6657000,WestXeric,Neutral,Fall,Dam_Present,2,5,0.4
6657000,WestXeric,Neutral,Spring,Dam_Present,3,5,0.6
6657000,WestXeric,Neutral,Summer,Dam_Present,2,5,0.4
6660000,WestXeric,El_Nino,Spring,Dam_Absent,1,24,0.041666666666666664
6660000,WestXeric,El_Nino,Summer,Dam_Absent,1,24,0.041666666666666664
6660000,WestXeric,El_Nino,Winter,Dam_Absent,4,24,0.16666666666666666
6660000,WestXeric,La_Nina,Fall,Dam_Absent,3,15,0.2
6660000,WestXeric,La_Nina,Spring,Dam_Absent,6,15,0.4
6660000,WestXeric,La_Nina,Summer,Dam_Absent,3,15,0.2
6661585,WestXeric,El_Nino,Fall,Dam_Absent,2,24,0.08333333333333333
6661585,WestXeric,El_Nino,Spring,Dam_Absent,6,24,0.25
6661585,WestXeric,El_Nino,Summer,Dam_Absent,1,24,0.041666666666666664
6661585,WestXeric,La_Nina,Spring,Dam_Absent,1,15,0.06666666666666667
6661585,WestXeric,La_Nina,Summer,Dam_Absent,2,15,0.13333333333333333
6661585,WestXeric,Neutral,Spring,Dam_Absent,1,5,0.2
6661585,WestXeric,Neutral,Summer,Dam_Absent,1,5,0.2
6662000,WestXeric,El_Nino,Summer,Dam_Absent,1,24,0.041666666666666664
6670500,WestMnts,El_Nino,Fall,Dam_Present,4,24,0.16666666666666666
6670500,WestMnts,El_Nino,Spring,Dam_Present,8,24,0.3333333333333333
6670500,WestMnts,El_Nino,Summer,Dam_Present,8,24,0.3333333333333333
6670500,WestMnts,La_Nina,Spring,Dam_Present,1,15,0.06666666666666667
6670500,WestMnts,La_Nina,Summer,Dam_Present,3,15,0.2
6670500,WestMnts,La_Nina,Winter,Dam_Present,4,15,0.26666666666666666
6670500,WestMnts,Neutral,Fall,Dam_Present,1,5,0.2
6670500,WestMnts,Neutral,Spring,Dam_Present,1,5,0.2
6670500,WestMnts,Neutral,Summer,Dam_Present,2,5,0.4
6700000,WestMnts,El_Nino,Fall,Dam_Absent,2,24,0.08333333333333333
6700000,WestMnts,El_Nino,Spring,Dam_Absent,3,24,0.125
6700000,WestMnts,El_Nino,Summer,Dam_Absent,9,24,0.375
6700000,WestMnts,La_Nina,Spring,Dam_Absent,1,15,0.06666666666666667
6700000,WestMnts,La_Nina,Summer,Dam_Absent,2,15,0.13333333333333333
6700000,WestMnts,Neutral,Fall,Dam_Absent,1,5,0.2
6700000,WestMnts,Neutral,Spring,Dam_Absent,1,5,0.2
6701620,WestMnts,El_Nino,Spring,Dam_Absent,2,24,0.08333333333333333
6701620,WestMnts,El_Nino,Summer,Dam_Absent,3,24,0.125
6701620,WestMnts,La_Nina,Spring,Dam_Absent,4,15,0.26666666666666666
6701620,WestMnts,La_Nina,Summer,Dam_Absent,3,15,0.2
6701620,WestMnts,Neutral,Spring,Dam_Absent,2,5,0.4
6701900,WestMnts,El_Nino,Fall,Dam_Present,7,24,0.2916666666666667
6701900,WestMnts,El_Nino,Spring,Dam_Present,6,24,0.25
6701900,WestMnts,El_Nino,Summer,Dam_Present,3,24,0.125
6701900,WestMnts,El_Nino,Winter,Dam_Present,7,24,0.2916666666666667
6701900,WestMnts,La_Nina,Fall,Dam_Present,3,15,0.2
6701900,WestMnts,La_Nina,Spring,Dam_Present,1,15,0.06666666666666667
6701900,WestMnts,La_Nina,Summer,Dam_Present,2,15,0.13333333333333333
6701900,WestMnts,Neutral,Fall,Dam_Present,2,5,0.4
6701900,WestMnts,Neutral,Spring,Dam_Present,1,5,0.2
6701900,WestMnts,Neutral,Summer,Dam_Present,1,5,0.2
6701900,WestMnts,Neutral,Winter,Dam_Present,1,5,0.2
6710247,WestMnts,El_Nino,Fall,Dam_Present,5,24,0.20833333333333334
6710247,WestMnts,El_Nino,Spring,Dam_Present,5,24,0.20833333333333334
6710247,WestMnts,El_Nino,Summer,Dam_Present,5,24,0.20833333333333334
6710247,WestMnts,El_Nino,Winter,Dam_Present,10,24,0.4166666666666667
6710247,WestMnts,La_Nina,Fall,Dam_Present,10,15,0.6666666666666666
6710247,WestMnts,La_Nina,Spring,Dam_Present,5,15,0.3333333333333333
6710247,WestMnts,La_Nina,Summer,Dam_Present,2,15,0.13333333333333333
6710247,WestMnts,La_Nina,Winter,Dam_Present,6,15,0.4
6710247,WestMnts,Neutral,Fall,Dam_Present,1,5,0.2
6710247,WestMnts,Neutral,Spring,Dam_Present,3,5,0.6
6710247,WestMnts,Neutral,Summer,Dam_Present,2,5,0.4
6710247,WestMnts,Neutral,Winter,Dam_Present,1,5,0.2
6710605,WestMnts,El_Nino,Fall,Dam_Present,5,24,0.20833333333333334
6710605,WestMnts,El_Nino,Spring,Dam_Present,6,24,0.25
6710605,WestMnts,El_Nino,Summer,Dam_Present,4,24,0.16666666666666666
6710605,WestMnts,El_Nino,Winter,Dam_Present,2,24,0.08333333333333333
6710605,WestMnts,La_Nina,Fall,Dam_Present,2,15,0.13333333333333333
6710605,WestMnts,La_Nina,Spring,Dam_Present,5,15,0.3333333333333333
6710605,WestMnts,La_Nina,Summer,Dam_Present,2,15,0.13333333333333333
6710605,WestMnts,Neutral,Fall,Dam_Present,1,5,0.2
6710605,WestMnts,Neutral,Summer,Dam_Present,1,5,0.2
6720990,WestPlains,El_Nino,Fall,Dam_Present,9,24,0.375
6720990,WestPlains,El_Nino,Spring,Dam_Present,3,24,0.125
6720990,WestPlains,El_Nino,Summer,Dam_Present,5,24,0.20833333333333334
6720990,WestPlains,El_Nino,Winter,Dam_Present,7,24,0.2916666666666667
6720990,WestPlains,La_Nina,Fall,Dam_Present,8,15,0.5333333333333333
6720990,WestPlains,La_Nina,Spring,Dam_Present,7,15,0.4666666666666667
6720990,WestPlains,La_Nina,Summer,Dam_Present,2,15,0.13333333333333333
6720990,WestPlains,La_Nina,Winter,Dam_Present,1,15,0.06666666666666667
6720990,WestPlains,Neutral,Fall,Dam_Present,1,5,0.2
6720990,WestPlains,Neutral,Spring,Dam_Present,1,5,0.2
6720990,WestPlains,Neutral,Summer,Dam_Present,4,5,0.8
6720990,WestPlains,Neutral,Winter,Dam_Present,2,5,0.4
6721000,WestMnts,El_Nino,Fall,Dam_Absent,7,24,0.2916666666666667
6721000,WestMnts,El_Nino,Spring,Dam_Absent,7,24,0.2916666666666667
6721000,WestMnts,El_Nino,Summer,Dam_Absent,2,24,0.08333333333333333
6721000,WestMnts,El_Nino,Winter,Dam_Absent,3,24,0.125
6721000,WestMnts,La_Nina,Fall,Dam_Absent,7,15,0.4666666666666667
6721000,WestMnts,La_Nina,Spring,Dam_Absent,4,15,0.26666666666666666
6721000,WestMnts,La_Nina,Summer,Dam_Absent,3,15,0.2
6721000,WestMnts,La_Nina,Winter,Dam_Absent,3,15,0.2
6721000,WestMnts,Neutral,Fall,Dam_Absent,1,5,0.2
6721000,WestMnts,Neutral,Spring,Dam_Absent,2,5,0.4
6721000,WestMnts,Neutral,Summer,Dam_Absent,3,5,0.6
6746110,WestMnts,El_Nino,Fall,Dam_Present,6,24,0.25
6746110,WestMnts,El_Nino,Spring,Dam_Present,2,24,0.08333333333333333
6746110,WestMnts,El_Nino,Summer,Dam_Present,13,24,0.5416666666666666
6746110,WestMnts,La_Nina,Fall,Dam_Present,4,15,0.26666666666666666
6746110,WestMnts,La_Nina,Spring,Dam_Present,1,15,0.06666666666666667
6746110,WestMnts,La_Nina,Summer,Dam_Present,9,15,0.6
6746110,WestMnts,Neutral,Fall,Dam_Present,3,5,0.6
6746110,WestMnts,Neutral,Spring,Dam_Present,1,5,0.2
6746110,WestMnts,Neutral,Summer,Dam_Present,2,5,0.4
6751150,WestMnts,El_Nino,Fall,Dam_Present,6,24,0.25
6751150,WestMnts,El_Nino,Spring,Dam_Present,7,24,0.2916666666666667
6751150,WestMnts,La_Nina,Fall,Dam_Present,3,15,0.2
6751150,WestMnts,La_Nina,Spring,Dam_Present,2,15,0.13333333333333333
6751150,WestMnts,La_Nina,Summer,Dam_Present,4,15,0.26666666666666666
6751150,WestMnts,Neutral,Fall,Dam_Present,1,5,0.2
6751150,WestMnts,Neutral,Spring,Dam_Present,1,5,0.2
6751490,WestMnts,El_Nino,Fall,Dam_Present,6,24,0.25
6751490,WestMnts,El_Nino,Spring,Dam_Present,10,24,0.4166666666666667
6751490,WestMnts,El_Nino,Summer,Dam_Present,5,24,0.20833333333333334
6751490,WestMnts,El_Nino,Winter,Dam_Present,1,24,0.041666666666666664
6751490,WestMnts,La_Nina,Fall,Dam_Present,7,15,0.4666666666666667
6751490,WestMnts,La_Nina,Spring,Dam_Present,5,15,0.3333333333333333
6751490,WestMnts,La_Nina,Summer,Dam_Present,3,15,0.2
6751490,WestMnts,La_Nina,Winter,Dam_Present,1,15,0.06666666666666667
6751490,WestMnts,Neutral,Fall,Dam_Present,1,5,0.2
6751490,WestMnts,Neutral,Spring,Dam_Present,1,5,0.2
6751490,WestMnts,Neutral,Summer,Dam_Present,2,5,0.4
6755960,WestMnts,El_Nino,Fall,Dam_Absent,6,24,0.25
6755960,WestMnts,El_Nino,Spring,Dam_Absent,3,24,0.125
6755960,WestMnts,El_Nino,Summer,Dam_Absent,7,24,0.2916666666666667
6755960,WestMnts,El_Nino,Winter,Dam_Absent,1,24,0.041666666666666664
6755960,WestMnts,La_Nina,Spring,Dam_Absent,2,15,0.13333333333333333
6755960,WestMnts,La_Nina,Summer,Dam_Absent,1,15,0.06666666666666667
6755960,WestMnts,Neutral,Fall,Dam_Absent,1,5,0.2
6755960,WestMnts,Neutral,Spring,Dam_Absent,2,5,0.4
6755960,WestMnts,Neutral,Summer,Dam_Absent,2,5,0.4
6759500,WestPlains,El_Nino,Fall,Dam_Present,9,24,0.375
6759500,WestPlains,El_Nino,Spring,Dam_Present,8,24,0.3333333333333333
6759500,WestPlains,El_Nino,Summer,Dam_Present,5,24,0.20833333333333334
6759500,WestPlains,El_Nino,Winter,Dam_Present,3,24,0.125
6759500,WestPlains,La_Nina,Fall,Dam_Present,5,15,0.3333333333333333
6759500,WestPlains,La_Nina,Spring,Dam_Present,4,15,0.26666666666666666
6759500,WestPlains,La_Nina,Summer,Dam_Present,2,15,0.13333333333333333
6759500,WestPlains,La_Nina,Winter,Dam_Present,5,15,0.3333333333333333
6759500,WestPlains,Neutral,Spring,Dam_Present,2,5,0.4
6759500,WestPlains,Neutral,Summer,Dam_Present,2,5,0.4
6769000,WestPlains,El_Nino,Spring,Dam_Absent,4,24,0.16666666666666666
6769000,WestPlains,El_Nino,Summer,Dam_Absent,6,24,0.25
6769000,WestPlains,La_Nina,Spring,Dam_Absent,1,15,0.06666666666666667
6769000,WestPlains,La_Nina,Summer,Dam_Absent,1,15,0.06666666666666667
6769000,WestPlains,Neutral,Fall,Dam_Absent,1,5,0.2
6769000,WestPlains,Neutral,Summer,Dam_Absent,3,5,0.6
6779000,WestPlains,El_Nino,Fall,Dam_Absent,1,24,0.041666666666666664
6785000,WestPlains,El_Nino,Fall,Dam_Absent,9,24,0.375
6785000,WestPlains,El_Nino,Spring,Dam_Absent,8,24,0.3333333333333333
6785000,WestPlains,El_Nino,Summer,Dam_Absent,7,24,0.2916666666666667
6785000,WestPlains,El_Nino,Winter,Dam_Absent,8,24,0.3333333333333333
6785000,WestPlains,La_Nina,Fall,Dam_Absent,4,15,0.26666666666666666
6785000,WestPlains,La_Nina,Spring,Dam_Absent,4,15,0.26666666666666666
6785000,WestPlains,La_Nina,Summer,Dam_Absent,5,15,0.3333333333333333
6785000,WestPlains,La_Nina,Winter,Dam_Absent,4,15,0.26666666666666666
6785000,WestPlains,Neutral,Spring,Dam_Absent,2,5,0.4
6785000,WestPlains,Neutral,Summer,Dam_Absent,2,5,0.4
6785000,WestPlains,Neutral,Winter,Dam_Absent,1,5,0.2
6786000,WestPlains,El_Nino,Fall,Dam_Absent,13,24,0.5416666666666666
6786000,WestPlains,El_Nino,Spring,Dam_Absent,10,24,0.4166666666666667
6786000,WestPlains,El_Nino,Summer,Dam_Absent,9,24,0.375
6786000,WestPlains,El_Nino,Winter,Dam_Absent,8,24,0.3333333333333333
6786000,WestPlains,La_Nina,Fall,Dam_Absent,2,15,0.13333333333333333
6786000,WestPlains,La_Nina,Spring,Dam_Absent,2,15,0.13333333333333333
6786000,WestPlains,La_Nina,Summer,Dam_Absent,4,15,0.26666666666666666
6786000,WestPlains,La_Nina,Winter,Dam_Absent,3,15,0.2
6786000,WestPlains,Neutral,Fall,Dam_Absent,2,5,0.4
6786000,WestPlains,Neutral,Spring,Dam_Absent,1,5,0.2
6786000,WestPlains,Neutral,Summer,Dam_Absent,3,5,0.6
6790500,WestPlains,El_Nino,Fall,Dam_Absent,10,24,0.4166666666666667
6790500,WestPlains,El_Nino,Spring,Dam_Absent,11,24,0.4583333333333333
6790500,WestPlains,El_Nino,Summer,Dam_Absent,7,24,0.2916666666666667
6790500,WestPlains,El_Nino,Winter,Dam_Absent,6,24,0.25
6790500,WestPlains,La_Nina,Fall,Dam_Absent,1,15,0.06666666666666667
6790500,WestPlains,La_Nina,Spring,Dam_Absent,2,15,0.13333333333333333
6790500,WestPlains,La_Nina,Summer,Dam_Absent,5,15,0.3333333333333333
6790500,WestPlains,La_Nina,Winter,Dam_Absent,7,15,0.4666666666666667
6790500,WestPlains,Neutral,Fall,Dam_Absent,1,5,0.2
6790500,WestPlains,Neutral,Spring,Dam_Absent,1,5,0.2
6790500,WestPlains,Neutral,Summer,Dam_Absent,2,5,0.4
6793000,WestPlains,El_Nino,Fall,Dam_Absent,10,24,0.4166666666666667
6793000,WestPlains,El_Nino,Spring,Dam_Absent,12,24,0.5
6793000,WestPlains,El_Nino,Summer,Dam_Absent,9,24,0.375
6793000,WestPlains,El_Nino,Winter,Dam_Absent,5,24,0.20833333333333334
6793000,WestPlains,La_Nina,Fall,Dam_Absent,4,15,0.26666666666666666
6793000,WestPlains,La_Nina,Spring,Dam_Absent,3,15,0.2
6793000,WestPlains,La_Nina,Summer,Dam_Absent,4,15,0.26666666666666666
6793000,WestPlains,La_Nina,Winter,Dam_Absent,2,15,0.13333333333333333
6793000,WestPlains,Neutral,Spring,Dam_Absent,1,5,0.2
6793000,WestPlains,Neutral,Summer,Dam_Absent,2,5,0.4
6794000,WestPlains,El_Nino,Fall,Dam_Absent,6,24,0.25
6794000,WestPlains,El_Nino,Spring,Dam_Absent,9,24,0.375
6794000,WestPlains,El_Nino,Summer,Dam_Absent,8,24,0.3333333333333333
6794000,WestPlains,El_Nino,Winter,Dam_Absent,4,24,0.16666666666666666
6794000,WestPlains,La_Nina,Fall,Dam_Absent,1,15,0.06666666666666667
6794000,WestPlains,La_Nina,Spring,Dam_Absent,2,15,0.13333333333333333
6794000,WestPlains,La_Nina,Summer,Dam_Absent,5,15,0.3333333333333333
6794000,WestPlains,La_Nina,Winter,Dam_Absent,3,15,0.2
6794000,WestPlains,Neutral,Fall,Dam_Absent,1,5,0.2
6794000,WestPlains,Neutral,Summer,Dam_Absent,2,5,0.4
6794000,WestPlains,Neutral,Winter,Dam_Absent,1,5,0.2
6799100,CntlPlains,El_Nino,Fall,Dam_Present,2,24,0.08333333333333333
6799100,CntlPlains,El_Nino,Spring,Dam_Present,8,24,0.3333333333333333
6799100,CntlPlains,El_Nino,Summer,Dam_Present,7,24,0.2916666666666667
6799100,CntlPlains,El_Nino,Winter,Dam_Present,3,24,0.125
6799100,CntlPlains,La_Nina,Fall,Dam_Present,1,15,0.06666666666666667
6799100,CntlPlains,La_Nina,Summer,Dam_Present,1,15,0.06666666666666667
6799100,CntlPlains,Neutral,Fall,Dam_Present,1,5,0.2
6799100,CntlPlains,Neutral,Spring,Dam_Present,1,5,0.2
6799100,CntlPlains,Neutral,Summer,Dam_Present,3,5,0.6
6799315,WestPlains,El_Nino,Fall,Dam_Absent,3,24,0.125
6799315,WestPlains,El_Nino,Spring,Dam_Absent,7,24,0.2916666666666667
6799315,WestPlains,El_Nino,Summer,Dam_Absent,5,24,0.20833333333333334
6799315,WestPlains,El_Nino,Winter,Dam_Absent,2,24,0.08333333333333333
6799315,WestPlains,La_Nina,Summer,Dam_Absent,2,15,0.13333333333333333
6799315,WestPlains,La_Nina,Winter,Dam_Absent,1,15,0.06666666666666667
6799315,WestPlains,Neutral,Spring,Dam_Absent,1,5,0.2
6799315,WestPlains,Neutral,Summer,Dam_Absent,2,5,0.4
6799350,CntlPlains,El_Nino,Fall,Dam_Absent,4,24,0.16666666666666666
6799350,CntlPlains,El_Nino,Spring,Dam_Absent,8,24,0.3333333333333333
6799350,CntlPlains,El_Nino,Summer,Dam_Absent,6,24,0.25
6799350,CntlPlains,El_Nino,Winter,Dam_Absent,2,24,0.08333333333333333
6799350,CntlPlains,La_Nina,Spring,Dam_Absent,1,15,0.06666666666666667
6799350,CntlPlains,La_Nina,Summer,Dam_Absent,2,15,0.13333333333333333
6799350,CntlPlains,Neutral,Fall,Dam_Absent,2,5,0.4
6799350,CntlPlains,Neutral,Summer,Dam_Absent,2,5,0.4
6800500,CntlPlains,El_Nino,Fall,Dam_Absent,4,24,0.16666666666666666
6800500,CntlPlains,El_Nino,Spring,Dam_Absent,10,24,0.4166666666666667
6800500,CntlPlains,El_Nino,Summer,Dam_Absent,4,24,0.16666666666666666
6800500,CntlPlains,El_Nino,Winter,Dam_Absent,1,24,0.041666666666666664
6800500,CntlPlains,La_Nina,Spring,Dam_Absent,4,15,0.26666666666666666
6800500,CntlPlains,La_Nina,Summer,Dam_Absent,2,15,0.13333333333333333
6800500,CntlPlains,La_Nina,Winter,Dam_Absent,3,15,0.2
6800500,CntlPlains,Neutral,Fall,Dam_Absent,1,5,0.2
6800500,CntlPlains,Neutral,Spring,Dam_Absent,1,5,0.2
6800500,CntlPlains,Neutral,Summer,Dam_Absent,2,5,0.4
6803000,CntlPlains,El_Nino,Fall,Dam_Present,3,24,0.125
6803000,CntlPlains,El_Nino,Spring,Dam_Present,6,24,0.25
6803000,CntlPlains,El_Nino,Summer,Dam_Present,10,24,0.4166666666666667
6803000,CntlPlains,El_Nino,Winter,Dam_Present,3,24,0.125
6803000,CntlPlains,La_Nina,Spring,Dam_Present,2,15,0.13333333333333333
6803000,CntlPlains,La_Nina,Summer,Dam_Present,2,15,0.13333333333333333
6803000,CntlPlains,La_Nina,Winter,Dam_Present,1,15,0.06666666666666667
6803000,CntlPlains,Neutral,Fall,Dam_Present,3,5,0.6
6803000,CntlPlains,Neutral,Summer,Dam_Present,3,5,0.6
6803000,CntlPlains,Neutral,Winter,Dam_Present,1,5,0.2
6803080,CntlPlains,El_Nino,Fall,Dam_Present,6,24,0.25
6803080,CntlPlains,El_Nino,Spring,Dam_Present,9,24,0.375
6803080,CntlPlains,El_Nino,Summer,Dam_Present,9,24,0.375
6803080,CntlPlains,El_Nino,Winter,Dam_Present,7,24,0.2916666666666667
6803080,CntlPlains,La_Nina,Fall,Dam_Present,3,15,0.2
6803080,CntlPlains,La_Nina,Spring,Dam_Present,3,15,0.2
6803080,CntlPlains,La_Nina,Summer,Dam_Present,5,15,0.3333333333333333
6803080,CntlPlains,La_Nina,Winter,Dam_Present,3,15,0.2
6803080,CntlPlains,Neutral,Fall,Dam_Present,4,5,0.8
6803080,CntlPlains,Neutral,Spring,Dam_Present,2,5,0.4
6803080,CntlPlains,Neutral,Summer,Dam_Present,3,5,0.6
6803093,CntlPlains,El_Nino,Fall,Dam_Present,3,24,0.125
6803093,CntlPlains,El_Nino,Spring,Dam_Present,6,24,0.25
6803093,CntlPlains,El_Nino,Summer,Dam_Present,4,24,0.16666666666666666
6803093,CntlPlains,El_Nino,Winter,Dam_Present,2,24,0.08333333333333333
6803093,CntlPlains,La_Nina,Fall,Dam_Present,2,15,0.13333333333333333
6803093,CntlPlains,La_Nina,Spring,Dam_Present,3,15,0.2
6803093,CntlPlains,La_Nina,Summer,Dam_Present,1,15,0.06666666666666667
6803093,CntlPlains,La_Nina,Winter,Dam_Present,1,15,0.06666666666666667
6803093,CntlPlains,Neutral,Fall,Dam_Present,2,5,0.4
6803093,CntlPlains,Neutral,Spring,Dam_Present,1,5,0.2
6803093,CntlPlains,Neutral,Summer,Dam_Present,3,5,0.6
6803170,CntlPlains,El_Nino,Fall,Dam_Present,4,24,0.16666666666666666
6803170,CntlPlains,El_Nino,Spring,Dam_Present,8,24,0.3333333333333333
6803170,CntlPlains,El_Nino,Summer,Dam_Present,6,24,0.25
6803170,CntlPlains,El_Nino,Winter,Dam_Present,3,24,0.125
6803170,CntlPlains,La_Nina,Fall,Dam_Present,2,15,0.13333333333333333
6803170,CntlPlains,La_Nina,Summer,Dam_Present,1,15,0.06666666666666667
6803170,CntlPlains,La_Nina,Winter,Dam_Present,1,15,0.06666666666666667
6803170,CntlPlains,Neutral,Fall,Dam_Present,1,5,0.2
6803170,CntlPlains,Neutral,Spring,Dam_Present,1,5,0.2
6803170,CntlPlains,Neutral,Summer,Dam_Present,1,5,0.2
6803170,CntlPlains,Neutral,Winter,Dam_Present,1,5,0.2
6803486,CntlPlains,El_Nino,Fall,Dam_Present,7,24,0.2916666666666667
6803486,CntlPlains,El_Nino,Spring,Dam_Present,8,24,0.3333333333333333
6803486,CntlPlains,El_Nino,Summer,Dam_Present,8,24,0.3333333333333333
6803486,CntlPlains,El_Nino,Winter,Dam_Present,4,24,0.16666666666666666
6803486,CntlPlains,La_Nina,Fall,Dam_Present,1,15,0.06666666666666667
6803486,CntlPlains,La_Nina,Spring,Dam_Present,1,15,0.06666666666666667
6803486,CntlPlains,La_Nina,Summer,Dam_Present,1,15,0.06666666666666667
6803486,CntlPlains,La_Nina,Winter,Dam_Present,2,15,0.13333333333333333
6803486,CntlPlains,Neutral,Fall,Dam_Present,1,5,0.2
6803486,CntlPlains,Neutral,Spring,Dam_Present,1,5,0.2
6803486,CntlPlains,Neutral,Summer,Dam_Present,1,5,0.2
6803495,CntlPlains,El_Nino,Fall,Dam_Present,6,24,0.25
6803495,CntlPlains,El_Nino,Spring,Dam_Present,5,24,0.20833333333333334
6803495,CntlPlains,El_Nino,Summer,Dam_Present,3,24,0.125
6803495,CntlPlains,El_Nino,Winter,Dam_Present,5,24,0.20833333333333334
6803495,CntlPlains,La_Nina,Fall,Dam_Present,1,15,0.06666666666666667
6803495,CntlPlains,La_Nina,Spring,Dam_Present,1,15,0.06666666666666667
6803495,CntlPlains,La_Nina,Summer,Dam_Present,1,15,0.06666666666666667
6803495,CntlPlains,La_Nina,Winter,Dam_Present,2,15,0.13333333333333333
6803495,CntlPlains,Neutral,Fall,Dam_Present,3,5,0.6
6803495,CntlPlains,Neutral,Spring,Dam_Present,1,5,0.2
6803495,CntlPlains,Neutral,Summer,Dam_Present,3,5,0.6
6803500,CntlPlains,El_Nino,Fall,Dam_Present,9,24,0.375
6803500,CntlPlains,El_Nino,Spring,Dam_Present,6,24,0.25
6803500,CntlPlains,El_Nino,Summer,Dam_Present,7,24,0.2916666666666667
6803500,CntlPlains,El_Nino,Winter,Dam_Present,8,24,0.3333333333333333
6803500,CntlPlains,La_Nina,Fall,Dam_Present,4,15,0.26666666666666666
6803500,CntlPlains,La_Nina,Spring,Dam_Present,1,15,0.06666666666666667
6803500,CntlPlains,La_Nina,Summer,Dam_Present,2,15,0.13333333333333333
6803500,CntlPlains,La_Nina,Winter,Dam_Present,5,15,0.3333333333333333
6803500,CntlPlains,Neutral,Fall,Dam_Present,2,5,0.4
6803500,CntlPlains,Neutral,Spring,Dam_Present,2,5,0.4
6803500,CntlPlains,Neutral,Summer,Dam_Present,3,5,0.6
6803500,CntlPlains,Neutral,Winter,Dam_Present,2,5,0.4
6803513,CntlPlains,El_Nino,Fall,Dam_Present,8,24,0.3333333333333333
6803513,CntlPlains,El_Nino,Spring,Dam_Present,10,24,0.4166666666666667
6803513,CntlPlains,El_Nino,Summer,Dam_Present,8,24,0.3333333333333333
6803513,CntlPlains,El_Nino,Winter,Dam_Present,10,24,0.4166666666666667
6803513,CntlPlains,La_Nina,Fall,Dam_Present,3,15,0.2
6803513,CntlPlains,La_Nina,Spring,Dam_Present,2,15,0.13333333333333333
6803513,CntlPlains,La_Nina,Summer,Dam_Present,2,15,0.13333333333333333
6803513,CntlPlains,La_Nina,Winter,Dam_Present,3,15,0.2
6803513,CntlPlains,Neutral,Fall,Dam_Present,3,5,0.6
6803513,CntlPlains,Neutral,Spring,Dam_Present,1,5,0.2
6803513,CntlPlains,Neutral,Summer,Dam_Present,4,5,0.8
6803513,CntlPlains,Neutral,Winter,Dam_Present,2,5,0.4
6803555,CntlPlains,El_Nino,Fall,Dam_Absent,8,24,0.3333333333333333
6803555,CntlPlains,El_Nino,Spring,Dam_Absent,12,24,0.5
6803555,CntlPlains,El_Nino,Summer,Dam_Absent,11,24,0.4583333333333333
6803555,CntlPlains,El_Nino,Winter,Dam_Absent,8,24,0.3333333333333333
6803555,CntlPlains,La_Nina,Fall,Dam_Absent,5,15,0.3333333333333333
6803555,CntlPlains,La_Nina,Spring,Dam_Absent,2,15,0.13333333333333333
6803555,CntlPlains,La_Nina,Summer,Dam_Absent,3,15,0.2
6803555,CntlPlains,La_Nina,Winter,Dam_Absent,6,15,0.4
6803555,CntlPlains,Neutral,Fall,Dam_Absent,2,5,0.4
6803555,CntlPlains,Neutral,Spring,Dam_Absent,1,5,0.2
6803555,CntlPlains,Neutral,Summer,Dam_Absent,3,5,0.6
6803555,CntlPlains,Neutral,Winter,Dam_Absent,1,5,0.2
6804000,CntlPlains,El_Nino,Fall,Dam_Absent,4,24,0.16666666666666666
6804000,CntlPlains,El_Nino,Spring,Dam_Absent,10,24,0.4166666666666667
6804000,CntlPlains,El_Nino,Summer,Dam_Absent,8,24,0.3333333333333333
6804000,CntlPlains,El_Nino,Winter,Dam_Absent,2,24,0.08333333333333333
6804000,CntlPlains,La_Nina,Summer,Dam_Absent,1,15,0.06666666666666667
6804000,CntlPlains,La_Nina,Winter,Dam_Absent,1,15,0.06666666666666667
6804000,CntlPlains,Neutral,Fall,Dam_Absent,2,5,0.4
6804000,CntlPlains,Neutral,Summer,Dam_Absent,1,5,0.2
6804700,CntlPlains,El_Nino,Fall,Dam_Absent,9,24,0.375
6804700,CntlPlains,El_Nino,Spring,Dam_Absent,9,24,0.375
6804700,CntlPlains,El_Nino,Summer,Dam_Absent,8,24,0.3333333333333333
6804700,CntlPlains,El_Nino,Winter,Dam_Absent,2,24,0.08333333333333333
6804700,CntlPlains,La_Nina,Summer,Dam_Absent,1,15,0.06666666666666667
6804700,CntlPlains,Neutral,Fall,Dam_Absent,3,5,0.6
6804700,CntlPlains,Neutral,Spring,Dam_Absent,1,5,0.2
6804700,CntlPlains,Neutral,Summer,Dam_Absent,3,5,0.6
6804900,CntlPlains,El_Nino,Fall,Dam_Present,5,24,0.20833333333333334
6804900,CntlPlains,El_Nino,Spring,Dam_Present,6,24,0.25
6804900,CntlPlains,El_Nino,Summer,Dam_Present,5,24,0.20833333333333334
6804900,CntlPlains,El_Nino,Winter,Dam_Present,5,24,0.20833333333333334
6804900,CntlPlains,La_Nina,Fall,Dam_Present,2,15,0.13333333333333333
6806500,CntlPlains,El_Nino,Fall,Dam_Absent,5,24,0.20833333333333334
6806500,CntlPlains,El_Nino,Spring,Dam_Absent,6,24,0.25
6806500,CntlPlains,El_Nino,Summer,Dam_Absent,10,24,0.4166666666666667
6806500,CntlPlains,El_Nino,Winter,Dam_Absent,2,24,0.08333333333333333
6806500,CntlPlains,La_Nina,Fall,Dam_Absent,1,15,0.06666666666666667
6806500,CntlPlains,La_Nina,Spring,Dam_Absent,1,15,0.06666666666666667
6806500,CntlPlains,La_Nina,Summer,Dam_Absent,1,15,0.06666666666666667
6806500,CntlPlains,La_Nina,Winter,Dam_Absent,1,15,0.06666666666666667
6806500,CntlPlains,Neutral,Fall,Dam_Absent,2,5,0.4
6807410,CntlPlains,El_Nino,Fall,Dam_Absent,1,24,0.041666666666666664
6807410,CntlPlains,El_Nino,Spring,Dam_Absent,3,24,0.125
6807410,CntlPlains,El_Nino,Summer,Dam_Absent,3,24,0.125
6807410,CntlPlains,El_Nino,Winter,Dam_Absent,2,24,0.08333333333333333
6807410,CntlPlains,La_Nina,Fall,Dam_Absent,2,15,0.13333333333333333
6807410,CntlPlains,La_Nina,Summer,Dam_Absent,1,15,0.06666666666666667
6807410,CntlPlains,La_Nina,Winter,Dam_Absent,1,15,0.06666666666666667
6807410,CntlPlains,Neutral,Fall,Dam_Absent,1,5,0.2
6807410,CntlPlains,Neutral,Spring,Dam_Absent,1,5,0.2
6808500,CntlPlains,El_Nino,Fall,Dam_Absent,1,24,0.041666666666666664
6808500,CntlPlains,El_Nino,Spring,Dam_Absent,5,24,0.20833333333333334
6808500,CntlPlains,El_Nino,Summer,Dam_Absent,2,24,0.08333333333333333
6808500,CntlPlains,La_Nina,Spring,Dam_Absent,1,15,0.06666666666666667
6808500,CntlPlains,La_Nina,Summer,Dam_Absent,5,15,0.3333333333333333
6808500,CntlPlains,La_Nina,Winter,Dam_Absent,1,15,0.06666666666666667
6808500,CntlPlains,Neutral,Spring,Dam_Absent,1,5,0.2
6810000,CntlPlains,El_Nino,Fall,Dam_Present,1,24,0.041666666666666664
6810000,CntlPlains,El_Nino,Spring,Dam_Present,4,24,0.16666666666666666
6810000,CntlPlains,El_Nino,Summer,Dam_Present,2,24,0.08333333333333333
6810000,CntlPlains,El_Nino,Winter,Dam_Present,1,24,0.041666666666666664
6810000,CntlPlains,La_Nina,Spring,Dam_Present,2,15,0.13333333333333333
6810000,CntlPlains,La_Nina,Summer,Dam_Present,4,15,0.26666666666666666
6810000,CntlPlains,La_Nina,Winter,Dam_Present,1,15,0.06666666666666667
6810000,CntlPlains,Neutral,Fall,Dam_Present,1,5,0.2
6810000,CntlPlains,Neutral,Spring,Dam_Present,2,5,0.4
6810000,CntlPlains,Neutral,Summer,Dam_Present,2,5,0.4
6811500,CntlPlains,El_Nino,Fall,Dam_Absent,6,24,0.25
6811500,CntlPlains,El_Nino,Spring,Dam_Absent,9,24,0.375
6811500,CntlPlains,El_Nino,Summer,Dam_Absent,12,24,0.5
6811500,CntlPlains,El_Nino,Winter,Dam_Absent,3,24,0.125
6811500,CntlPlains,La_Nina,Fall,Dam_Absent,2,15,0.13333333333333333
6811500,CntlPlains,La_Nina,Spring,Dam_Absent,2,15,0.13333333333333333
6811500,CntlPlains,La_Nina,Summer,Dam_Absent,1,15,0.06666666666666667
6811500,CntlPlains,La_Nina,Winter,Dam_Absent,2,15,0.13333333333333333
6811500,CntlPlains,Neutral,Spring,Dam_Absent,1,5,0.2
6811500,CntlPlains,Neutral,Summer,Dam_Absent,2,5,0.4
6811500,CntlPlains,Neutral,Winter,Dam_Absent,2,5,0.4
6814000,CntlPlains,El_Nino,Fall,Dam_Absent,8,24,0.3333333333333333
6814000,CntlPlains,El_Nino,Spring,Dam_Absent,8,24,0.3333333333333333
6814000,CntlPlains,El_Nino,Summer,Dam_Absent,10,24,0.4166666666666667
6814000,CntlPlains,El_Nino,Winter,Dam_Absent,3,24,0.125
6814000,CntlPlains,La_Nina,Fall,Dam_Absent,4,15,0.26666666666666666
6814000,CntlPlains,La_Nina,Spring,Dam_Absent,4,15,0.26666666666666666
6814000,CntlPlains,La_Nina,Summer,Dam_Absent,4,15,0.26666666666666666
6814000,CntlPlains,La_Nina,Winter,Dam_Absent,5,15,0.3333333333333333
6814000,CntlPlains,Neutral,Fall,Dam_Absent,1,5,0.2
6814000,CntlPlains,Neutral,Spring,Dam_Absent,1,5,0.2
6814000,CntlPlains,Neutral,Summer,Dam_Absent,2,5,0.4
6814500,CntlPlains,El_Nino,Fall,Dam_Present,3,24,0.125
6814500,CntlPlains,El_Nino,Spring,Dam_Present,3,24,0.125
6814500,CntlPlains,El_Nino,Summer,Dam_Present,2,24,0.08333333333333333
6814500,CntlPlains,El_Nino,Winter,Dam_Present,1,24,0.041666666666666664
6814500,CntlPlains,La_Nina,Fall,Dam_Present,3,15,0.2
6814500,CntlPlains,La_Nina,Spring,Dam_Present,2,15,0.13333333333333333
6814500,CntlPlains,La_Nina,Summer,Dam_Present,2,15,0.13333333333333333
6814500,CntlPlains,La_Nina,Winter,Dam_Present,5,15,0.3333333333333333
6814500,CntlPlains,Neutral,Spring,Dam_Present,2,5,0.4
6814500,CntlPlains,Neutral,Summer,Dam_Present,1,5,0.2
6815000,CntlPlains,El_Nino,Fall,Dam_Absent,7,24,0.2916666666666667
6815000,CntlPlains,El_Nino,Spring,Dam_Absent,6,24,0.25
6815000,CntlPlains,El_Nino,Summer,Dam_Absent,10,24,0.4166666666666667
6815000,CntlPlains,El_Nino,Winter,Dam_Absent,3,24,0.125
6815000,CntlPlains,La_Nina,Fall,Dam_Absent,1,15,0.06666666666666667
6815000,CntlPlains,La_Nina,Spring,Dam_Absent,4,15,0.26666666666666666
6815000,CntlPlains,La_Nina,Summer,Dam_Absent,4,15,0.26666666666666666
6815000,CntlPlains,La_Nina,Winter,Dam_Absent,3,15,0.2
6815000,CntlPlains,Neutral,Fall,Dam_Absent,1,5,0.2
6815000,CntlPlains,Neutral,Spring,Dam_Absent,1,5,0.2
6815000,CntlPlains,Neutral,Summer,Dam_Absent,2,5,0.4
6820410,CntlPlains,El_Nino,Spring,Dam_Absent,5,24,0.20833333333333334
6820410,CntlPlains,El_Nino,Summer,Dam_Absent,2,24,0.08333333333333333
6820410,CntlPlains,El_Nino,Winter,Dam_Absent,2,24,0.08333333333333333
6820410,CntlPlains,La_Nina,Fall,Dam_Absent,4,15,0.26666666666666666
6820410,CntlPlains,La_Nina,Spring,Dam_Absent,2,15,0.13333333333333333
6820410,CntlPlains,La_Nina,Summer,Dam_Absent,1,15,0.06666666666666667
6820410,CntlPlains,La_Nina,Winter,Dam_Absent,4,15,0.26666666666666666
6820410,CntlPlains,Neutral,Fall,Dam_Absent,2,5,0.4
6820410,CntlPlains,Neutral,Spring,Dam_Absent,2,5,0.4
6820410,CntlPlains,Neutral,Summer,Dam_Absent,3,5,0.6
6820500,CntlPlains,El_Nino,Fall,Dam_Absent,5,24,0.20833333333333334
6820500,CntlPlains,El_Nino,Spring,Dam_Absent,9,24,0.375
6820500,CntlPlains,El_Nino,Summer,Dam_Absent,9,24,0.375
6820500,CntlPlains,El_Nino,Winter,Dam_Absent,2,24,0.08333333333333333
6820500,CntlPlains,La_Nina,Fall,Dam_Absent,6,15,0.4
6820500,CntlPlains,La_Nina,Spring,Dam_Absent,1,15,0.06666666666666667
6820500,CntlPlains,La_Nina,Summer,Dam_Absent,3,15,0.2
6820500,CntlPlains,La_Nina,Winter,Dam_Absent,4,15,0.26666666666666666
6820500,CntlPlains,Neutral,Fall,Dam_Absent,4,5,0.8
6820500,CntlPlains,Neutral,Spring,Dam_Absent,2,5,0.4
6820500,CntlPlains,Neutral,Summer,Dam_Absent,2,5,0.4
6821150,CntlPlains,El_Nino,Fall,Dam_Present,4,24,0.16666666666666666
6821150,CntlPlains,El_Nino,Spring,Dam_Present,5,24,0.20833333333333334
6821150,CntlPlains,El_Nino,Summer,Dam_Present,8,24,0.3333333333333333
6821150,CntlPlains,El_Nino,Winter,Dam_Present,8,24,0.3333333333333333
6821150,CntlPlains,La_Nina,Fall,Dam_Present,1,15,0.06666666666666667
6821150,CntlPlains,La_Nina,Spring,Dam_Present,1,15,0.06666666666666667
6821150,CntlPlains,La_Nina,Summer,Dam_Present,2,15,0.13333333333333333
6821150,CntlPlains,La_Nina,Winter,Dam_Present,3,15,0.2
6821150,CntlPlains,Neutral,Fall,Dam_Present,4,5,0.8
6821150,CntlPlains,Neutral,Spring,Dam_Present,3,5,0.6
6821150,CntlPlains,Neutral,Summer,Dam_Present,3,5,0.6
6821150,CntlPlains,Neutral,Winter,Dam_Present,1,5,0.2
6821190,CntlPlains,El_Nino,Fall,Dam_Present,4,24,0.16666666666666666
6821190,CntlPlains,El_Nino,Spring,Dam_Present,12,24,0.5
6821190,CntlPlains,El_Nino,Summer,Dam_Present,6,24,0.25
6821190,CntlPlains,El_Nino,Winter,Dam_Present,1,24,0.041666666666666664
6821190,CntlPlains,La_Nina,Fall,Dam_Present,3,15,0.2
6821190,CntlPlains,La_Nina,Spring,Dam_Present,1,15,0.06666666666666667
6821190,CntlPlains,La_Nina,Summer,Dam_Present,2,15,0.13333333333333333
6821190,CntlPlains,La_Nina,Winter,Dam_Present,1,15,0.06666666666666667
6821190,CntlPlains,Neutral,Fall,Dam_Present,2,5,0.4
6821190,CntlPlains,Neutral,Spring,Dam_Present,2,5,0.4
6821190,CntlPlains,Neutral,Summer,Dam_Present,2,5,0.4
6821190,CntlPlains,Neutral,Winter,Dam_Present,1,5,0.2
6827000,WestPlains,El_Nino,Spring,Dam_Absent,1,24,0.041666666666666664
6827000,WestPlains,El_Nino,Summer,Dam_Absent,1,24,0.041666666666666664
6827000,WestPlains,La_Nina,Summer,Dam_Absent,5,15,0.3333333333333333
6828500,WestPlains,El_Nino,Spring,Dam_Absent,4,24,0.16666666666666666
6828500,WestPlains,El_Nino,Winter,Dam_Absent,3,24,0.125
6828500,WestPlains,La_Nina,Spring,Dam_Absent,3,15,0.2
6828500,WestPlains,La_Nina,Summer,Dam_Absent,1,15,0.06666666666666667
6828500,WestPlains,La_Nina,Winter,Dam_Absent,1,15,0.06666666666666667
6828500,WestPlains,Neutral,Spring,Dam_Absent,2,5,0.4
6834000,WestPlains,El_Nino,Fall,Dam_Absent,1,24,0.041666666666666664
6834000,WestPlains,El_Nino,Spring,Dam_Absent,2,24,0.08333333333333333
6834000,WestPlains,El_Nino,Summer,Dam_Absent,1,24,0.041666666666666664
6834000,WestPlains,El_Nino,Winter,Dam_Absent,1,24,0.041666666666666664
6834000,WestPlains,La_Nina,Fall,Dam_Absent,1,15,0.06666666666666667
6834000,WestPlains,La_Nina,Spring,Dam_Absent,5,15,0.3333333333333333
6834000,WestPlains,La_Nina,Summer,Dam_Absent,3,15,0.2
6834000,WestPlains,La_Nina,Winter,Dam_Absent,5,15,0.3333333333333333
6834000,WestPlains,Neutral,Spring,Dam_Absent,1,5,0.2
6834000,WestPlains,Neutral,Summer,Dam_Absent,1,5,0.2
6835500,WestPlains,El_Nino,Spring,Dam_Absent,7,24,0.2916666666666667
6835500,WestPlains,El_Nino,Summer,Dam_Absent,5,24,0.20833333333333334
6835500,WestPlains,El_Nino,Winter,Dam_Absent,3,24,0.125
6835500,WestPlains,La_Nina,Spring,Dam_Absent,6,15,0.4
6835500,WestPlains,La_Nina,Summer,Dam_Absent,3,15,0.2
6835500,WestPlains,La_Nina,Winter,Dam_Absent,3,15,0.2
6835500,WestPlains,Neutral,Spring,Dam_Absent,1,5,0.2
6837000,WestPlains,El_Nino,Fall,Dam_Present,3,24,0.125
6837000,WestPlains,El_Nino,Spring,Dam_Present,2,24,0.08333333333333333
6837000,WestPlains,El_Nino,Summer,Dam_Present,4,24,0.16666666666666666
6837000,WestPlains,El_Nino,Winter,Dam_Present,1,24,0.041666666666666664
6837000,WestPlains,La_Nina,Fall,Dam_Present,1,15,0.06666666666666667
6837000,WestPlains,La_Nina,Spring,Dam_Present,2,15,0.13333333333333333
6837000,WestPlains,La_Nina,Summer,Dam_Present,3,15,0.2
6837000,WestPlains,La_Nina,Winter,Dam_Present,2,15,0.13333333333333333
6837000,WestPlains,Neutral,Fall,Dam_Present,1,5,0.2
6837000,WestPlains,Neutral,Spring,Dam_Present,1,5,0.2
6838000,WestPlains,El_Nino,Fall,Dam_Absent,3,24,0.125
6838000,WestPlains,El_Nino,Spring,Dam_Absent,5,24,0.20833333333333334
6838000,WestPlains,El_Nino,Summer,Dam_Absent,7,24,0.2916666666666667
6838000,WestPlains,El_Nino,Winter,Dam_Absent,2,24,0.08333333333333333
6838000,WestPlains,La_Nina,Fall,Dam_Absent,6,15,0.4
6838000,WestPlains,La_Nina,Spring,Dam_Absent,6,15,0.4
6838000,WestPlains,La_Nina,Summer,Dam_Absent,4,15,0.26666666666666666
6838000,WestPlains,La_Nina,Winter,Dam_Absent,7,15,0.4666666666666667
6838000,WestPlains,Neutral,Summer,Dam_Absent,2,5,0.4
6843500,WestPlains,El_Nino,Summer,Dam_Present,1,24,0.041666666666666664
6843500,WestPlains,La_Nina,Fall,Dam_Present,4,15,0.26666666666666666
6843500,WestPlains,La_Nina,Summer,Dam_Present,1,15,0.06666666666666667
6843500,WestPlains,La_Nina,Winter,Dam_Present,1,15,0.06666666666666667
6843500,WestPlains,Neutral,Spring,Dam_Present,2,5,0.4
6843500,WestPlains,Neutral,Summer,Dam_Present,2,5,0.4
6844500,WestPlains,El_Nino,Fall,Dam_Absent,1,24,0.041666666666666664
6844500,WestPlains,El_Nino,Spring,Dam_Absent,2,24,0.08333333333333333
6844500,WestPlains,El_Nino,Summer,Dam_Absent,3,24,0.125
6844500,WestPlains,El_Nino,Winter,Dam_Absent,2,24,0.08333333333333333
6844500,WestPlains,La_Nina,Summer,Dam_Absent,1,15,0.06666666666666667
6844500,WestPlains,Neutral,Spring,Dam_Absent,1,5,0.2
6844500,WestPlains,Neutral,Summer,Dam_Absent,1,5,0.2
6847000,WestPlains,El_Nino,Fall,Dam_Absent,4,24,0.16666666666666666
6847000,WestPlains,El_Nino,Summer,Dam_Absent,3,24,0.125
6847000,WestPlains,La_Nina,Fall,Dam_Absent,1,15,0.06666666666666667
6847000,WestPlains,La_Nina,Summer,Dam_Absent,1,15,0.06666666666666667
6847000,WestPlains,Neutral,Fall,Dam_Absent,1,5,0.2
6847000,WestPlains,Neutral,Winter,Dam_Absent,1,5,0.2
6847500,WestPlains,El_Nino,Spring,Dam_Absent,1,24,0.041666666666666664
6847500,WestPlains,La_Nina,Spring,Dam_Absent,1,15,0.06666666666666667
6847500,WestPlains,Neutral,Summer,Dam_Absent,1,5,0.2
6848000,WestPlains,El_Nino,Summer,Dam_Present,2,24,0.08333333333333333
6848000,WestPlains,La_Nina,Fall,Dam_Present,1,15,0.06666666666666667
6848000,WestPlains,La_Nina,Winter,Dam_Present,1,15,0.06666666666666667
6848500,WestPlains,El_Nino,Spring,Dam_Absent,2,24,0.08333333333333333
6848500,WestPlains,El_Nino,Summer,Dam_Absent,3,24,0.125
6848500,WestPlains,La_Nina,Summer,Dam_Absent,1,15,0.06666666666666667
6848500,WestPlains,Neutral,Summer,Dam_Absent,1,5,0.2
6854000,WestPlains,El_Nino,Spring,Dam_Present,4,24,0.16666666666666666
6854000,WestPlains,El_Nino,Summer,Dam_Present,1,24,0.041666666666666664
6854000,WestPlains,El_Nino,Winter,Dam_Present,2,24,0.08333333333333333
6854000,WestPlains,La_Nina,Spring,Dam_Present,3,15,0.2
6854000,WestPlains,La_Nina,Summer,Dam_Present,1,15,0.06666666666666667
6860000,WestPlains,El_Nino,Spring,Dam_Absent,2,24,0.08333333333333333
6860000,WestPlains,El_Nino,Summer,Dam_Absent,4,24,0.16666666666666666
6860000,WestPlains,El_Nino,Winter,Dam_Absent,1,24,0.041666666666666664
6860000,WestPlains,La_Nina,Winter,Dam_Absent,2,15,0.13333333333333333
6861000,WestPlains,El_Nino,Fall,Dam_Absent,5,24,0.20833333333333334
6861000,WestPlains,El_Nino,Spring,Dam_Absent,2,24,0.08333333333333333
6861000,WestPlains,El_Nino,Summer,Dam_Absent,8,24,0.3333333333333333
6861000,WestPlains,La_Nina,Fall,Dam_Absent,3,15,0.2
6861000,WestPlains,La_Nina,Spring,Dam_Absent,1,15,0.06666666666666667
6861000,WestPlains,La_Nina,Summer,Dam_Absent,3,15,0.2
6861000,WestPlains,La_Nina,Winter,Dam_Absent,1,15,0.06666666666666667
6861000,WestPlains,Neutral,Summer,Dam_Absent,3,5,0.6
6861000,WestPlains,Neutral,Winter,Dam_Absent,1,5,0.2
6862700,WestPlains,El_Nino,Spring,Dam_Absent,3,24,0.125
6862700,WestPlains,El_Nino,Summer,Dam_Absent,1,24,0.041666666666666664
6862700,WestPlains,Neutral,Summer,Dam_Absent,1,5,0.2
6862850,WestPlains,Neutral,Spring,Dam_Absent,1,5,0.2
6864000,WestPlains,El_Nino,Summer,Dam_Absent,2,24,0.08333333333333333
6864000,WestPlains,El_Nino,Winter,Dam_Absent,2,24,0.08333333333333333
6864000,WestPlains,La_Nina,Spring,Dam_Absent,1,15,0.06666666666666667
6864000,WestPlains,La_Nina,Summer,Dam_Absent,1,15,0.06666666666666667
6864000,WestPlains,La_Nina,Winter,Dam_Absent,1,15,0.06666666666666667
6864000,WestPlains,Neutral,Spring,Dam_Absent,2,5,0.4
6864000,WestPlains,Neutral,Summer,Dam_Absent,1,5,0.2
6864050,WestPlains,El_Nino,Fall,Dam_Absent,4,24,0.16666666666666666
6864050,WestPlains,El_Nino,Spring,Dam_Absent,2,24,0.08333333333333333
6864050,WestPlains,El_Nino,Summer,Dam_Absent,7,24,0.2916666666666667
6864050,WestPlains,El_Nino,Winter,Dam_Absent,1,24,0.041666666666666664
6864500,WestPlains,El_Nino,Fall,Dam_Absent,3,24,0.125
6864500,WestPlains,El_Nino,Spring,Dam_Absent,3,24,0.125
6864500,WestPlains,El_Nino,Summer,Dam_Absent,8,24,0.3333333333333333
6864500,WestPlains,El_Nino,Winter,Dam_Absent,3,24,0.125
6864500,WestPlains,La_Nina,Summer,Dam_Absent,3,15,0.2
6864500,WestPlains,La_Nina,Winter,Dam_Absent,1,15,0.06666666666666667
6864500,WestPlains,Neutral,Fall,Dam_Absent,2,5,0.4
6864500,WestPlains,Neutral,Spring,Dam_Absent,1,5,0.2
6864500,WestPlains,Neutral,Summer,Dam_Absent,2,5,0.4
6865500,WestPlains,El_Nino,Fall,Dam_Present,1,24,0.041666666666666664
6865500,WestPlains,El_Nino,Spring,Dam_Present,1,24,0.041666666666666664
6865500,WestPlains,El_Nino,Summer,Dam_Present,1,24,0.041666666666666664
6865500,WestPlains,El_Nino,Winter,Dam_Present,4,24,0.16666666666666666
6865500,WestPlains,La_Nina,Fall,Dam_Present,2,15,0.13333333333333333
6865500,WestPlains,La_Nina,Spring,Dam_Present,1,15,0.06666666666666667
6866500,WestPlains,El_Nino,Spring,Dam_Absent,2,24,0.08333333333333333
6866500,WestPlains,El_Nino,Summer,Dam_Absent,5,24,0.20833333333333334
6866500,WestPlains,El_Nino,Winter,Dam_Absent,2,24,0.08333333333333333
6866500,WestPlains,La_Nina,Fall,Dam_Absent,3,15,0.2
6866500,WestPlains,La_Nina,Spring,Dam_Absent,1,15,0.06666666666666667
6866500,WestPlains,La_Nina,Summer,Dam_Absent,2,15,0.13333333333333333
6866500,WestPlains,Neutral,Spring,Dam_Absent,1,5,0.2
6866500,WestPlains,Neutral,Summer,Dam_Absent,1,5,0.2
6866500,WestPlains,Neutral,Winter,Dam_Absent,1,5,0.2
6868200,WestPlains,El_Nino,Fall,Dam_Present,4,24,0.16666666666666666
6868200,WestPlains,El_Nino,Spring,Dam_Present,11,24,0.4583333333333333
6868200,WestPlains,El_Nino,Summer,Dam_Present,8,24,0.3333333333333333
6868200,WestPlains,El_Nino,Winter,Dam_Present,4,24,0.16666666666666666
6868200,WestPlains,La_Nina,Fall,Dam_Present,1,15,0.06666666666666667
6868200,WestPlains,La_Nina,Spring,Dam_Present,1,15,0.06666666666666667
6868200,WestPlains,La_Nina,Summer,Dam_Present,6,15,0.4
6868200,WestPlains,Neutral,Fall,Dam_Present,1,5,0.2
6868200,WestPlains,Neutral,Spring,Dam_Present,1,5,0.2
6868200,WestPlains,Neutral,Winter,Dam_Present,2,5,0.4
6869500,WestPlains,El_Nino,Fall,Dam_Absent,5,24,0.20833333333333334
6869500,WestPlains,El_Nino,Spring,Dam_Absent,5,24,0.20833333333333334
6869500,WestPlains,El_Nino,Summer,Dam_Absent,7,24,0.2916666666666667
6869500,WestPlains,El_Nino,Winter,Dam_Absent,3,24,0.125
6869500,WestPlains,La_Nina,Fall,Dam_Absent,1,15,0.06666666666666667
6869500,WestPlains,La_Nina,Spring,Dam_Absent,1,15,0.06666666666666667
6869500,WestPlains,La_Nina,Summer,Dam_Absent,1,15,0.06666666666666667
6869500,WestPlains,La_Nina,Winter,Dam_Absent,3,15,0.2
6869500,WestPlains,Neutral,Spring,Dam_Absent,1,5,0.2
6869500,WestPlains,Neutral,Summer,Dam_Absent,2,5,0.4
6870200,WestPlains,El_Nino,Fall,Dam_Absent,2,24,0.08333333333333333
6870200,WestPlains,El_Nino,Spring,Dam_Absent,1,24,0.041666666666666664
6870200,WestPlains,El_Nino,Summer,Dam_Absent,6,24,0.25
6870200,WestPlains,El_Nino,Winter,Dam_Absent,2,24,0.08333333333333333
6870300,WestPlains,El_Nino,Fall,Dam_Absent,2,24,0.08333333333333333
6870300,WestPlains,El_Nino,Spring,Dam_Absent,5,24,0.20833333333333334
6870300,WestPlains,El_Nino,Summer,Dam_Absent,6,24,0.25
6870300,WestPlains,El_Nino,Winter,Dam_Absent,4,24,0.16666666666666666
6870300,WestPlains,La_Nina,Fall,Dam_Absent,4,15,0.26666666666666666
6870300,WestPlains,La_Nina,Spring,Dam_Absent,1,15,0.06666666666666667
6870300,WestPlains,La_Nina,Winter,Dam_Absent,1,15,0.06666666666666667
6870300,WestPlains,Neutral,Fall,Dam_Absent,1,5,0.2
6870300,WestPlains,Neutral,Spring,Dam_Absent,1,5,0.2
6871800,WestPlains,El_Nino,Fall,Dam_Present,2,24,0.08333333333333333
6871800,WestPlains,La_Nina,Spring,Dam_Present,1,15,0.06666666666666667
6871800,WestPlains,La_Nina,Summer,Dam_Present,1,15,0.06666666666666667
6872500,WestPlains,El_Nino,Fall,Dam_Absent,6,24,0.25
6872500,WestPlains,El_Nino,Spring,Dam_Absent,5,24,0.20833333333333334
6872500,WestPlains,El_Nino,Summer,Dam_Absent,11,24,0.4583333333333333
6872500,WestPlains,El_Nino,Winter,Dam_Absent,1,24,0.041666666666666664
6872500,WestPlains,La_Nina,Winter,Dam_Absent,1,15,0.06666666666666667
6872500,WestPlains,Neutral,Summer,Dam_Absent,1,5,0.2
6873000,WestPlains,El_Nino,Spring,Dam_Absent,2,24,0.08333333333333333
6873000,WestPlains,El_Nino,Summer,Dam_Absent,2,24,0.08333333333333333
6873000,WestPlains,La_Nina,Winter,Dam_Absent,1,15,0.06666666666666667
6873000,WestPlains,Neutral,Summer,Dam_Absent,1,5,0.2
6873200,WestPlains,El_Nino,Summer,Dam_Present,1,24,0.041666666666666664
6873460,WestPlains,El_Nino,Fall,Dam_Absent,2,24,0.08333333333333333
6873460,WestPlains,El_Nino,Summer,Dam_Absent,7,24,0.2916666666666667
6873460,WestPlains,La_Nina,Fall,Dam_Absent,1,15,0.06666666666666667
6873460,WestPlains,Neutral,Spring,Dam_Absent,1,5,0.2
6873460,WestPlains,Neutral,Winter,Dam_Absent,1,5,0.2
6874000,WestPlains,El_Nino,Fall,Dam_Present,4,24,0.16666666666666666
6874000,WestPlains,El_Nino,Spring,Dam_Present,6,24,0.25
6874000,WestPlains,El_Nino,Summer,Dam_Present,11,24,0.4583333333333333
6874000,WestPlains,La_Nina,Fall,Dam_Present,1,15,0.06666666666666667
6874000,WestPlains,La_Nina,Spring,Dam_Present,1,15,0.06666666666666667
6874000,WestPlains,Neutral,Summer,Dam_Present,1,5,0.2
6875900,WestPlains,El_Nino,Fall,Dam_Present,6,24,0.25
6875900,WestPlains,El_Nino,Spring,Dam_Present,8,24,0.3333333333333333
6875900,WestPlains,El_Nino,Summer,Dam_Present,13,24,0.5416666666666666
6875900,WestPlains,La_Nina,Fall,Dam_Present,3,15,0.2
6875900,WestPlains,La_Nina,Summer,Dam_Present,4,15,0.26666666666666666
6875900,WestPlains,La_Nina,Winter,Dam_Present,1,15,0.06666666666666667
6875900,WestPlains,Neutral,Fall,Dam_Present,2,5,0.4
6875900,WestPlains,Neutral,Summer,Dam_Present,1,5,0.2
6876700,WestPlains,El_Nino,Fall,Dam_Present,4,24,0.16666666666666666
6876700,WestPlains,El_Nino,Spring,Dam_Present,6,24,0.25
6876700,WestPlains,El_Nino,Summer,Dam_Present,8,24,0.3333333333333333
6876700,WestPlains,El_Nino,Winter,Dam_Present,1,24,0.041666666666666664
6876700,WestPlains,La_Nina,Fall,Dam_Present,3,15,0.2
6876700,WestPlains,La_Nina,Spring,Dam_Present,1,15,0.06666666666666667
6876700,WestPlains,La_Nina,Summer,Dam_Present,4,15,0.26666666666666666
6876700,WestPlains,Neutral,Fall,Dam_Present,3,5,0.6
6876700,WestPlains,Neutral,Summer,Dam_Present,1,5,0.2
6881380,WestPlains,El_Nino,Fall,Dam_Absent,2,24,0.08333333333333333
6881380,WestPlains,El_Nino,Spring,Dam_Absent,3,24,0.125
6881380,WestPlains,El_Nino,Summer,Dam_Absent,6,24,0.25
6881380,WestPlains,El_Nino,Winter,Dam_Absent,1,24,0.041666666666666664
6881380,WestPlains,La_Nina,Summer,Dam_Absent,2,15,0.13333333333333333
6881380,WestPlains,La_Nina,Winter,Dam_Absent,2,15,0.13333333333333333
6881380,WestPlains,Neutral,Spring,Dam_Absent,1,5,0.2
6881380,WestPlains,Neutral,Summer,Dam_Absent,2,5,0.4
6881380,WestPlains,Neutral,Winter,Dam_Absent,1,5,0.2
6882000,WestPlains,El_Nino,Fall,Dam_Present,3,24,0.125
6882000,WestPlains,El_Nino,Spring,Dam_Present,10,24,0.4166666666666667
6882000,WestPlains,El_Nino,Summer,Dam_Present,6,24,0.25
6882000,WestPlains,El_Nino,Winter,Dam_Present,5,24,0.20833333333333334
6882000,WestPlains,La_Nina,Fall,Dam_Present,1,15,0.06666666666666667
6882000,WestPlains,La_Nina,Spring,Dam_Present,1,15,0.06666666666666667
6882000,WestPlains,La_Nina,Summer,Dam_Present,2,15,0.13333333333333333
6882000,WestPlains,La_Nina,Winter,Dam_Present,2,15,0.13333333333333333
6882000,WestPlains,Neutral,Fall,Dam_Present,1,5,0.2
6882000,WestPlains,Neutral,Spring,Dam_Present,1,5,0.2
6882000,WestPlains,Neutral,Summer,Dam_Present,3,5,0.6
6882510,WestPlains,El_Nino,Fall,Dam_Absent,5,24,0.20833333333333334
6882510,WestPlains,El_Nino,Spring,Dam_Absent,12,24,0.5
6882510,WestPlains,El_Nino,Summer,Dam_Absent,8,24,0.3333333333333333
6882510,WestPlains,El_Nino,Winter,Dam_Absent,4,24,0.16666666666666666
6882510,WestPlains,La_Nina,Fall,Dam_Absent,1,15,0.06666666666666667
6882510,WestPlains,La_Nina,Spring,Dam_Absent,1,15,0.06666666666666667
6882510,WestPlains,La_Nina,Summer,Dam_Absent,2,15,0.13333333333333333
6882510,WestPlains,La_Nina,Winter,Dam_Absent,2,15,0.13333333333333333
6882510,WestPlains,Neutral,Fall,Dam_Absent,1,5,0.2
6882510,WestPlains,Neutral,Spring,Dam_Absent,2,5,0.4
6882510,WestPlains,Neutral,Summer,Dam_Absent,3,5,0.6
6884000,WestPlains,El_Nino,Fall,Dam_Absent,4,24,0.16666666666666666
6884000,WestPlains,El_Nino,Spring,Dam_Absent,2,24,0.08333333333333333
6884000,WestPlains,El_Nino,Summer,Dam_Absent,9,24,0.375
6884000,WestPlains,El_Nino,Winter,Dam_Absent,1,24,0.041666666666666664
6884000,WestPlains,La_Nina,Fall,Dam_Absent,1,15,0.06666666666666667
6884000,WestPlains,La_Nina,Spring,Dam_Absent,2,15,0.13333333333333333
6884000,WestPlains,La_Nina,Summer,Dam_Absent,6,15,0.4
6884000,WestPlains,La_Nina,Winter,Dam_Absent,2,15,0.13333333333333333
6884000,WestPlains,Neutral,Spring,Dam_Absent,2,5,0.4
6884000,WestPlains,Neutral,Summer,Dam_Absent,2,5,0.4
6884025,WestPlains,El_Nino,Fall,Dam_Absent,6,24,0.25
6884025,WestPlains,El_Nino,Spring,Dam_Absent,6,24,0.25
6884025,WestPlains,El_Nino,Summer,Dam_Absent,12,24,0.5
6884025,WestPlains,El_Nino,Winter,Dam_Absent,4,24,0.16666666666666666
6884025,WestPlains,La_Nina,Fall,Dam_Absent,1,15,0.06666666666666667
6884025,WestPlains,La_Nina,Spring,Dam_Absent,1,15,0.06666666666666667
6884025,WestPlains,La_Nina,Summer,Dam_Absent,6,15,0.4
6884025,WestPlains,La_Nina,Winter,Dam_Absent,1,15,0.06666666666666667
6884025,WestPlains,Neutral,Spring,Dam_Absent,1,5,0.2
6884025,WestPlains,Neutral,Summer,Dam_Absent,3,5,0.6
6884400,WestPlains,El_Nino,Fall,Dam_Absent,7,24,0.2916666666666667
6884400,WestPlains,El_Nino,Spring,Dam_Absent,8,24,0.3333333333333333
6884400,WestPlains,El_Nino,Summer,Dam_Absent,8,24,0.3333333333333333
6884400,WestPlains,El_Nino,Winter,Dam_Absent,6,24,0.25
6884400,WestPlains,La_Nina,Fall,Dam_Absent,1,15,0.06666666666666667
6884400,WestPlains,La_Nina,Spring,Dam_Absent,2,15,0.13333333333333333
6884400,WestPlains,La_Nina,Summer,Dam_Absent,5,15,0.3333333333333333
6884400,WestPlains,La_Nina,Winter,Dam_Absent,2,15,0.13333333333333333
6884400,WestPlains,Neutral,Fall,Dam_Absent,1,5,0.2
6884400,WestPlains,Neutral,Spring,Dam_Absent,1,5,0.2
6884400,WestPlains,Neutral,Summer,Dam_Absent,2,5,0.4
6887000,WestPlains,El_Nino,Fall,Dam_Present,12,24,0.5
6887000,WestPlains,El_Nino,Spring,Dam_Present,9,24,0.375
6887000,WestPlains,El_Nino,Summer,Dam_Present,9,24,0.375
6887000,WestPlains,El_Nino,Winter,Dam_Present,4,24,0.16666666666666666
6887000,WestPlains,La_Nina,Fall,Dam_Present,6,15,0.4
6887000,WestPlains,La_Nina,Spring,Dam_Present,4,15,0.26666666666666666
6887000,WestPlains,La_Nina,Summer,Dam_Present,5,15,0.3333333333333333
6887000,WestPlains,La_Nina,Winter,Dam_Present,3,15,0.2
6887000,WestPlains,Neutral,Fall,Dam_Present,2,5,0.4
6887000,WestPlains,Neutral,Spring,Dam_Present,1,5,0.2
6887000,WestPlains,Neutral,Summer,Dam_Present,2,5,0.4
6889500,CntlPlains,El_Nino,Fall,Dam_Present,5,24,0.20833333333333334
6889500,CntlPlains,El_Nino,Spring,Dam_Present,8,24,0.3333333333333333
6889500,CntlPlains,El_Nino,Summer,Dam_Present,11,24,0.4583333333333333
6889500,CntlPlains,El_Nino,Winter,Dam_Present,5,24,0.20833333333333334
6889500,CntlPlains,La_Nina,Fall,Dam_Present,4,15,0.26666666666666666
6889500,CntlPlains,La_Nina,Spring,Dam_Present,5,15,0.3333333333333333
6889500,CntlPlains,La_Nina,Summer,Dam_Present,1,15,0.06666666666666667
6889500,CntlPlains,La_Nina,Winter,Dam_Present,3,15,0.2
6889500,CntlPlains,Neutral,Fall,Dam_Present,1,5,0.2
6889500,CntlPlains,Neutral,Spring,Dam_Present,1,5,0.2
6889500,CntlPlains,Neutral,Summer,Dam_Present,3,5,0.6
6890900,CntlPlains,El_Nino,Fall,Dam_Present,6,24,0.25
6890900,CntlPlains,El_Nino,Spring,Dam_Present,8,24,0.3333333333333333
6890900,CntlPlains,El_Nino,Summer,Dam_Present,4,24,0.16666666666666666
6890900,CntlPlains,El_Nino,Winter,Dam_Present,6,24,0.25
6890900,CntlPlains,La_Nina,Fall,Dam_Present,2,15,0.13333333333333333
6890900,CntlPlains,La_Nina,Spring,Dam_Present,1,15,0.06666666666666667
6890900,CntlPlains,La_Nina,Summer,Dam_Present,2,15,0.13333333333333333
6890900,CntlPlains,La_Nina,Winter,Dam_Present,3,15,0.2
6890900,CntlPlains,Neutral,Fall,Dam_Present,2,5,0.4
6890900,CntlPlains,Neutral,Spring,Dam_Present,2,5,0.4
6890900,CntlPlains,Neutral,Summer,Dam_Present,3,5,0.6
6890900,CntlPlains,Neutral,Winter,Dam_Present,3,5,0.6
6891260,CntlPlains,El_Nino,Fall,Dam_Present,4,24,0.16666666666666666
6891260,CntlPlains,El_Nino,Spring,Dam_Present,4,24,0.16666666666666666
6891260,CntlPlains,El_Nino,Summer,Dam_Present,2,24,0.08333333333333333
6891260,CntlPlains,El_Nino,Winter,Dam_Present,7,24,0.2916666666666667
6891260,CntlPlains,La_Nina,Summer,Dam_Present,1,15,0.06666666666666667
6891260,CntlPlains,La_Nina,Winter,Dam_Present,3,15,0.2
6891260,CntlPlains,Neutral,Fall,Dam_Present,1,5,0.2
6891260,CntlPlains,Neutral,Spring,Dam_Present,2,5,0.4
6891260,CntlPlains,Neutral,Summer,Dam_Present,2,5,0.4
6891260,CntlPlains,Neutral,Winter,Dam_Present,1,5,0.2
6891500,CntlPlains,El_Nino,Fall,Dam_Present,11,24,0.4583333333333333
6891500,CntlPlains,El_Nino,Spring,Dam_Present,12,24,0.5
6891500,CntlPlains,El_Nino,Summer,Dam_Present,16,24,0.6666666666666666
6891500,CntlPlains,El_Nino,Winter,Dam_Present,11,24,0.4583333333333333
6891500,CntlPlains,La_Nina,Fall,Dam_Present,6,15,0.4
6891500,CntlPlains,La_Nina,Spring,Dam_Present,4,15,0.26666666666666666
6891500,CntlPlains,La_Nina,Summer,Dam_Present,2,15,0.13333333333333333
6891500,CntlPlains,La_Nina,Winter,Dam_Present,3,15,0.2
6891500,CntlPlains,Neutral,Fall,Dam_Present,2,5,0.4
6891500,CntlPlains,Neutral,Spring,Dam_Present,2,5,0.4
6891500,CntlPlains,Neutral,Summer,Dam_Present,1,5,0.2
6891500,CntlPlains,Neutral,Winter,Dam_Present,2,5,0.4
6892000,CntlPlains,El_Nino,Fall,Dam_Absent,7,24,0.2916666666666667
6892000,CntlPlains,El_Nino,Spring,Dam_Absent,14,24,0.5833333333333334
6892000,CntlPlains,El_Nino,Summer,Dam_Absent,11,24,0.4583333333333333
6892000,CntlPlains,El_Nino,Winter,Dam_Absent,5,24,0.20833333333333334
6892000,CntlPlains,La_Nina,Fall,Dam_Absent,3,15,0.2
6892000,CntlPlains,La_Nina,Spring,Dam_Absent,2,15,0.13333333333333333
6892000,CntlPlains,La_Nina,Winter,Dam_Absent,4,15,0.26666666666666666
6892000,CntlPlains,Neutral,Fall,Dam_Absent,1,5,0.2
6892000,CntlPlains,Neutral,Spring,Dam_Absent,3,5,0.6
6892000,CntlPlains,Neutral,Summer,Dam_Absent,2,5,0.4
6892000,CntlPlains,Neutral,Winter,Dam_Absent,1,5,0.2
6892360,CntlPlains,El_Nino,Fall,Dam_Present,3,24,0.125
6892360,CntlPlains,El_Nino,Spring,Dam_Present,7,24,0.2916666666666667
6892360,CntlPlains,El_Nino,Summer,Dam_Present,7,24,0.2916666666666667
6892360,CntlPlains,El_Nino,Winter,Dam_Present,6,24,0.25
6892360,CntlPlains,La_Nina,Fall,Dam_Present,2,15,0.13333333333333333
6892360,CntlPlains,La_Nina,Spring,Dam_Present,3,15,0.2
6892360,CntlPlains,La_Nina,Summer,Dam_Present,3,15,0.2
6892360,CntlPlains,La_Nina,Winter,Dam_Present,3,15,0.2
6892360,CntlPlains,Neutral,Fall,Dam_Present,4,5,0.8
6892360,CntlPlains,Neutral,Spring,Dam_Present,2,5,0.4
6892360,CntlPlains,Neutral,Winter,Dam_Present,1,5,0.2
6892495,CntlPlains,El_Nino,Fall,Dam_Present,7,24,0.2916666666666667
6892495,CntlPlains,El_Nino,Spring,Dam_Present,8,24,0.3333333333333333
6892495,CntlPlains,El_Nino,Summer,Dam_Present,5,24,0.20833333333333334
6892495,CntlPlains,El_Nino,Winter,Dam_Present,6,24,0.25
6892495,CntlPlains,La_Nina,Fall,Dam_Present,3,15,0.2
6892495,CntlPlains,La_Nina,Spring,Dam_Present,2,15,0.13333333333333333
6892495,CntlPlains,La_Nina,Summer,Dam_Present,1,15,0.06666666666666667
6892495,CntlPlains,La_Nina,Winter,Dam_Present,6,15,0.4
6892495,CntlPlains,Neutral,Fall,Dam_Present,1,5,0.2
6892495,CntlPlains,Neutral,Spring,Dam_Present,2,5,0.4
6892495,CntlPlains,Neutral,Summer,Dam_Present,3,5,0.6
6892495,CntlPlains,Neutral,Winter,Dam_Present,1,5,0.2
6892513,CntlPlains,El_Nino,Fall,Dam_Present,5,24,0.20833333333333334
6892513,CntlPlains,El_Nino,Spring,Dam_Present,6,24,0.25
6892513,CntlPlains,El_Nino,Summer,Dam_Present,4,24,0.16666666666666666
6892513,CntlPlains,El_Nino,Winter,Dam_Present,5,24,0.20833333333333334
6892513,CntlPlains,La_Nina,Fall,Dam_Present,4,15,0.26666666666666666
6892513,CntlPlains,La_Nina,Spring,Dam_Present,1,15,0.06666666666666667
6892513,CntlPlains,La_Nina,Summer,Dam_Present,1,15,0.06666666666666667
6892513,CntlPlains,La_Nina,Winter,Dam_Present,4,15,0.26666666666666666
6892513,CntlPlains,Neutral,Fall,Dam_Present,2,5,0.4
6892513,CntlPlains,Neutral,Summer,Dam_Present,3,5,0.6
6892513,CntlPlains,Neutral,Winter,Dam_Present,2,5,0.4
6893578,CntlPlains,El_Nino,Fall,Dam_Absent,1,24,0.041666666666666664
6893578,CntlPlains,El_Nino,Spring,Dam_Absent,7,24,0.2916666666666667
6893578,CntlPlains,El_Nino,Summer,Dam_Absent,4,24,0.16666666666666666
6893578,CntlPlains,El_Nino,Winter,Dam_Absent,7,24,0.2916666666666667
6893578,CntlPlains,La_Nina,Fall,Dam_Absent,4,15,0.26666666666666666
6893578,CntlPlains,La_Nina,Spring,Dam_Absent,1,15,0.06666666666666667
6893578,CntlPlains,La_Nina,Summer,Dam_Absent,1,15,0.06666666666666667
6893578,CntlPlains,La_Nina,Winter,Dam_Absent,3,15,0.2
6893578,CntlPlains,Neutral,Fall,Dam_Absent,3,5,0.6
6893578,CntlPlains,Neutral,Spring,Dam_Absent,1,5,0.2
6893578,CntlPlains,Neutral,Summer,Dam_Absent,3,5,0.6
6893890,CntlPlains,El_Nino,Fall,Dam_Present,2,24,0.08333333333333333
6893890,CntlPlains,El_Nino,Spring,Dam_Present,5,24,0.20833333333333334
6893890,CntlPlains,El_Nino,Summer,Dam_Present,2,24,0.08333333333333333
6893890,CntlPlains,La_Nina,Fall,Dam_Present,1,15,0.06666666666666667
6893890,CntlPlains,La_Nina,Spring,Dam_Present,2,15,0.13333333333333333
6893890,CntlPlains,La_Nina,Summer,Dam_Present,3,15,0.2
6893890,CntlPlains,La_Nina,Winter,Dam_Present,2,15,0.13333333333333333
6893890,CntlPlains,Neutral,Fall,Dam_Present,1,5,0.2
6893890,CntlPlains,Neutral,Spring,Dam_Present,1,5,0.2
6893910,CntlPlains,El_Nino,Summer,Dam_Present,1,24,0.041666666666666664
6894000,CntlPlains,El_Nino,Fall,Dam_Present,8,24,0.3333333333333333
6894000,CntlPlains,El_Nino,Spring,Dam_Present,10,24,0.4166666666666667
6894000,CntlPlains,El_Nino,Summer,Dam_Present,7,24,0.2916666666666667
6894000,CntlPlains,El_Nino,Winter,Dam_Present,9,24,0.375
6894000,CntlPlains,La_Nina,Fall,Dam_Present,3,15,0.2
6894000,CntlPlains,La_Nina,Spring,Dam_Present,4,15,0.26666666666666666
6894000,CntlPlains,La_Nina,Summer,Dam_Present,2,15,0.13333333333333333
6894000,CntlPlains,La_Nina,Winter,Dam_Present,7,15,0.4666666666666667
6894000,CntlPlains,Neutral,Fall,Dam_Present,3,5,0.6
6894000,CntlPlains,Neutral,Summer,Dam_Present,1,5,0.2
6894000,CntlPlains,Neutral,Winter,Dam_Present,1,5,0.2
6895000,CntlPlains,El_Nino,Fall,Dam_Present,2,24,0.08333333333333333
6895000,CntlPlains,El_Nino,Spring,Dam_Present,7,24,0.2916666666666667
6895000,CntlPlains,El_Nino,Summer,Dam_Present,2,24,0.08333333333333333
6895000,CntlPlains,La_Nina,Fall,Dam_Present,3,15,0.2
6895000,CntlPlains,La_Nina,Winter,Dam_Present,4,15,0.26666666666666666
6895000,CntlPlains,Neutral,Fall,Dam_Present,3,5,0.6
6895000,CntlPlains,Neutral,Spring,Dam_Present,2,5,0.4
6895000,CntlPlains,Neutral,Summer,Dam_Present,2,5,0.4
6895000,CntlPlains,Neutral,Winter,Dam_Present,1,5,0.2
6897000,CntlPlains,El_Nino,Fall,Dam_Absent,4,24,0.16666666666666666
6897000,CntlPlains,El_Nino,Spring,Dam_Absent,8,24,0.3333333333333333
6897000,CntlPlains,El_Nino,Summer,Dam_Absent,9,24,0.375
6897000,CntlPlains,El_Nino,Winter,Dam_Absent,3,24,0.125
6897000,CntlPlains,La_Nina,Fall,Dam_Absent,2,15,0.13333333333333333
6897000,CntlPlains,La_Nina,Spring,Dam_Absent,2,15,0.13333333333333333
6897000,CntlPlains,La_Nina,Summer,Dam_Absent,2,15,0.13333333333333333
6897000,CntlPlains,La_Nina,Winter,Dam_Absent,1,15,0.06666666666666667
6897000,CntlPlains,Neutral,Fall,Dam_Absent,2,5,0.4
6897000,CntlPlains,Neutral,Spring,Dam_Absent,1,5,0.2
6897000,CntlPlains,Neutral,Summer,Dam_Absent,1,5,0.2
6897000,CntlPlains,Neutral,Winter,Dam_Absent,1,5,0.2
6897500,CntlPlains,El_Nino,Fall,Dam_Present,3,24,0.125
6897500,CntlPlains,El_Nino,Spring,Dam_Present,7,24,0.2916666666666667
6897500,CntlPlains,El_Nino,Summer,Dam_Present,7,24,0.2916666666666667
6897500,CntlPlains,El_Nino,Winter,Dam_Present,4,24,0.16666666666666666
6897500,CntlPlains,La_Nina,Fall,Dam_Present,3,15,0.2
6897500,CntlPlains,La_Nina,Summer,Dam_Present,3,15,0.2
6897500,CntlPlains,La_Nina,Winter,Dam_Present,4,15,0.26666666666666666
6897500,CntlPlains,Neutral,Fall,Dam_Present,1,5,0.2
6897500,CntlPlains,Neutral,Spring,Dam_Present,1,5,0.2
6897500,CntlPlains,Neutral,Summer,Dam_Present,1,5,0.2
6898000,CntlPlains,El_Nino,Fall,Dam_Absent,5,24,0.20833333333333334
6898000,CntlPlains,El_Nino,Spring,Dam_Absent,12,24,0.5
6898000,CntlPlains,El_Nino,Summer,Dam_Absent,6,24,0.25
6898000,CntlPlains,El_Nino,Winter,Dam_Absent,1,24,0.041666666666666664
6898000,CntlPlains,La_Nina,Fall,Dam_Absent,3,15,0.2
6898000,CntlPlains,La_Nina,Spring,Dam_Absent,1,15,0.06666666666666667
6898000,CntlPlains,La_Nina,Summer,Dam_Absent,4,15,0.26666666666666666
6898000,CntlPlains,La_Nina,Winter,Dam_Absent,4,15,0.26666666666666666
6898000,CntlPlains,Neutral,Fall,Dam_Absent,2,5,0.4
6898000,CntlPlains,Neutral,Spring,Dam_Absent,2,5,0.4
6898000,CntlPlains,Neutral,Summer,Dam_Absent,2,5,0.4
6898000,CntlPlains,Neutral,Winter,Dam_Absent,2,5,0.4
6899500,CntlPlains,El_Nino,Fall,Dam_Absent,2,24,0.08333333333333333
6899500,CntlPlains,El_Nino,Spring,Dam_Absent,8,24,0.3333333333333333
6899500,CntlPlains,El_Nino,Summer,Dam_Absent,5,24,0.20833333333333334
6899500,CntlPlains,El_Nino,Winter,Dam_Absent,2,24,0.08333333333333333
6899500,CntlPlains,La_Nina,Fall,Dam_Absent,4,15,0.26666666666666666
6899500,CntlPlains,La_Nina,Spring,Dam_Absent,1,15,0.06666666666666667
6899500,CntlPlains,La_Nina,Summer,Dam_Absent,4,15,0.26666666666666666
6899500,CntlPlains,La_Nina,Winter,Dam_Absent,4,15,0.26666666666666666
6899500,CntlPlains,Neutral,Fall,Dam_Absent,1,5,0.2
6899500,CntlPlains,Neutral,Spring,Dam_Absent,1,5,0.2
6899500,CntlPlains,Neutral,Summer,Dam_Absent,2,5,0.4
6901500,CntlPlains,El_Nino,Fall,Dam_Absent,5,24,0.20833333333333334
6901500,CntlPlains,El_Nino,Spring,Dam_Absent,10,24,0.4166666666666667
6901500,CntlPlains,El_Nino,Summer,Dam_Absent,5,24,0.20833333333333334
6901500,CntlPlains,El_Nino,Winter,Dam_Absent,1,24,0.041666666666666664
6901500,CntlPlains,La_Nina,Fall,Dam_Absent,2,15,0.13333333333333333
6901500,CntlPlains,La_Nina,Spring,Dam_Absent,1,15,0.06666666666666667
6901500,CntlPlains,La_Nina,Summer,Dam_Absent,1,15,0.06666666666666667
6901500,CntlPlains,La_Nina,Winter,Dam_Absent,1,15,0.06666666666666667
6901500,CntlPlains,Neutral,Fall,Dam_Absent,4,5,0.8
6901500,CntlPlains,Neutral,Spring,Dam_Absent,2,5,0.4
6901500,CntlPlains,Neutral,Summer,Dam_Absent,1,5,0.2
6901500,CntlPlains,Neutral,Winter,Dam_Absent,1,5,0.2
6902000,CntlPlains,El_Nino,Fall,Dam_Present,6,24,0.25
6902000,CntlPlains,El_Nino,Spring,Dam_Present,9,24,0.375
6902000,CntlPlains,El_Nino,Summer,Dam_Present,8,24,0.3333333333333333
6902000,CntlPlains,El_Nino,Winter,Dam_Present,4,24,0.16666666666666666
6902000,CntlPlains,La_Nina,Fall,Dam_Present,3,15,0.2
6902000,CntlPlains,La_Nina,Summer,Dam_Present,2,15,0.13333333333333333
6902000,CntlPlains,La_Nina,Winter,Dam_Present,5,15,0.3333333333333333
6902000,CntlPlains,Neutral,Fall,Dam_Present,2,5,0.4
6902000,CntlPlains,Neutral,Spring,Dam_Present,1,5,0.2
6902000,CntlPlains,Neutral,Winter,Dam_Present,1,5,0.2
6903900,CntlPlains,El_Nino,Spring,Dam_Present,4,24,0.16666666666666666
6903900,CntlPlains,El_Nino,Summer,Dam_Present,1,24,0.041666666666666664
6903900,CntlPlains,El_Nino,Winter,Dam_Present,1,24,0.041666666666666664
6903900,CntlPlains,La_Nina,Fall,Dam_Present,1,15,0.06666666666666667
6903900,CntlPlains,La_Nina,Summer,Dam_Present,5,15,0.3333333333333333
6903900,CntlPlains,La_Nina,Winter,Dam_Present,1,15,0.06666666666666667
6903900,CntlPlains,Neutral,Winter,Dam_Present,1,5,0.2
6904010,CntlPlains,El_Nino,Fall,Dam_Absent,8,24,0.3333333333333333
6904010,CntlPlains,El_Nino,Spring,Dam_Absent,8,24,0.3333333333333333
6904010,CntlPlains,El_Nino,Summer,Dam_Absent,4,24,0.16666666666666666
6904010,CntlPlains,El_Nino,Winter,Dam_Absent,2,24,0.08333333333333333
6904010,CntlPlains,La_Nina,Fall,Dam_Absent,7,15,0.4666666666666667
6904010,CntlPlains,La_Nina,Spring,Dam_Absent,2,15,0.13333333333333333
6904010,CntlPlains,La_Nina,Summer,Dam_Absent,5,15,0.3333333333333333
6904010,CntlPlains,La_Nina,Winter,Dam_Absent,5,15,0.3333333333333333
6904010,CntlPlains,Neutral,Fall,Dam_Absent,2,5,0.4
6904010,CntlPlains,Neutral,Spring,Dam_Absent,1,5,0.2
6904050,CntlPlains,El_Nino,Fall,Dam_Absent,4,24,0.16666666666666666
6904050,CntlPlains,El_Nino,Spring,Dam_Absent,5,24,0.20833333333333334
6904050,CntlPlains,El_Nino,Summer,Dam_Absent,4,24,0.16666666666666666
6904050,CntlPlains,El_Nino,Winter,Dam_Absent,2,24,0.08333333333333333
6904050,CntlPlains,La_Nina,Fall,Dam_Absent,3,15,0.2
6904050,CntlPlains,La_Nina,Spring,Dam_Absent,1,15,0.06666666666666667
6904050,CntlPlains,La_Nina,Summer,Dam_Absent,2,15,0.13333333333333333
6904050,CntlPlains,La_Nina,Winter,Dam_Absent,2,15,0.13333333333333333
6904050,CntlPlains,Neutral,Fall,Dam_Absent,3,5,0.6
6904050,CntlPlains,Neutral,Spring,Dam_Absent,1,5,0.2
6904050,CntlPlains,Neutral,Winter,Dam_Absent,2,5,0.4
6904500,CntlPlains,El_Nino,Fall,Dam_Present,8,24,0.3333333333333333
6904500,CntlPlains,El_Nino,Spring,Dam_Present,8,24,0.3333333333333333
6904500,CntlPlains,El_Nino,Summer,Dam_Present,4,24,0.16666666666666666
6904500,CntlPlains,El_Nino,Winter,Dam_Present,3,24,0.125
6904500,CntlPlains,La_Nina,Fall,Dam_Present,6,15,0.4
6904500,CntlPlains,La_Nina,Spring,Dam_Present,1,15,0.06666666666666667
6904500,CntlPlains,La_Nina,Summer,Dam_Present,3,15,0.2
6904500,CntlPlains,La_Nina,Winter,Dam_Present,3,15,0.2
6904500,CntlPlains,Neutral,Fall,Dam_Present,2,5,0.4
6904500,CntlPlains,Neutral,Spring,Dam_Present,1,5,0.2
6904500,CntlPlains,Neutral,Winter,Dam_Present,2,5,0.4
6905500,CntlPlains,El_Nino,Fall,Dam_Absent,8,24,0.3333333333333333
6905500,CntlPlains,El_Nino,Spring,Dam_Absent,9,24,0.375
6905500,CntlPlains,El_Nino,Summer,Dam_Absent,6,24,0.25
6905500,CntlPlains,El_Nino,Winter,Dam_Absent,4,24,0.16666666666666666
6905500,CntlPlains,La_Nina,Fall,Dam_Absent,7,15,0.4666666666666667
6905500,CntlPlains,La_Nina,Spring,Dam_Absent,1,15,0.06666666666666667
6905500,CntlPlains,La_Nina,Summer,Dam_Absent,4,15,0.26666666666666666
6905500,CntlPlains,La_Nina,Winter,Dam_Absent,4,15,0.26666666666666666
6905500,CntlPlains,Neutral,Fall,Dam_Absent,1,5,0.2
6905500,CntlPlains,Neutral,Spring,Dam_Absent,1,5,0.2
6905500,CntlPlains,Neutral,Winter,Dam_Absent,3,5,0.6
6906000,CntlPlains,El_Nino,Fall,Dam_Present,4,24,0.16666666666666666
6906000,CntlPlains,El_Nino,Spring,Dam_Present,9,24,0.375
6906000,CntlPlains,El_Nino,Summer,Dam_Present,4,24,0.16666666666666666
6906000,CntlPlains,El_Nino,Winter,Dam_Present,1,24,0.041666666666666664
6906000,CntlPlains,La_Nina,Fall,Dam_Present,3,15,0.2
6906000,CntlPlains,La_Nina,Summer,Dam_Present,1,15,0.06666666666666667
6906000,CntlPlains,La_Nina,Winter,Dam_Present,3,15,0.2
6906000,CntlPlains,Neutral,Fall,Dam_Present,3,5,0.6
6906000,CntlPlains,Neutral,Spring,Dam_Present,1,5,0.2
6906000,CntlPlains,Neutral,Winter,Dam_Present,1,5,0.2
6906200,CntlPlains,El_Nino,Fall,Dam_Present,2,24,0.08333333333333333
6906200,CntlPlains,El_Nino,Spring,Dam_Present,1,24,0.041666666666666664
6906200,CntlPlains,El_Nino,Summer,Dam_Present,3,24,0.125
6906200,CntlPlains,El_Nino,Winter,Dam_Present,3,24,0.125
6906200,CntlPlains,La_Nina,Fall,Dam_Present,3,15,0.2
6906200,CntlPlains,La_Nina,Spring,Dam_Present,1,15,0.06666666666666667
6906200,CntlPlains,La_Nina,Summer,Dam_Present,3,15,0.2
6906200,CntlPlains,La_Nina,Winter,Dam_Present,1,15,0.06666666666666667
6906300,CntlPlains,El_Nino,Fall,Dam_Present,4,24,0.16666666666666666
6906300,CntlPlains,El_Nino,Spring,Dam_Present,6,24,0.25
6906300,CntlPlains,El_Nino,Summer,Dam_Present,6,24,0.25
6906300,CntlPlains,El_Nino,Winter,Dam_Present,4,24,0.16666666666666666
6906300,CntlPlains,La_Nina,Fall,Dam_Present,2,15,0.13333333333333333
6906300,CntlPlains,La_Nina,Spring,Dam_Present,1,15,0.06666666666666667
6906300,CntlPlains,La_Nina,Summer,Dam_Present,2,15,0.13333333333333333
6906300,CntlPlains,La_Nina,Winter,Dam_Present,3,15,0.2
6907700,CntlPlains,El_Nino,Fall,Dam_Absent,5,24,0.20833333333333334
6907700,CntlPlains,El_Nino,Spring,Dam_Absent,5,24,0.20833333333333334
6907700,CntlPlains,El_Nino,Summer,Dam_Absent,3,24,0.125
6907700,CntlPlains,El_Nino,Winter,Dam_Absent,2,24,0.08333333333333333
6907700,CntlPlains,La_Nina,Fall,Dam_Absent,3,15,0.2
6907700,CntlPlains,La_Nina,Spring,Dam_Absent,1,15,0.06666666666666667
6907700,CntlPlains,La_Nina,Summer,Dam_Absent,2,15,0.13333333333333333
6907700,CntlPlains,La_Nina,Winter,Dam_Absent,5,15,0.3333333333333333
6907700,CntlPlains,Neutral,Fall,Dam_Absent,5,5,1.0
6907700,CntlPlains,Neutral,Spring,Dam_Absent,1,5,0.2
6907700,CntlPlains,Neutral,Winter,Dam_Absent,2,5,0.4
6908000,CntlPlains,El_Nino,Fall,Dam_Absent,7,24,0.2916666666666667
6908000,CntlPlains,El_Nino,Spring,Dam_Absent,9,24,0.375
6908000,CntlPlains,El_Nino,Summer,Dam_Absent,9,24,0.375
6908000,CntlPlains,El_Nino,Winter,Dam_Absent,5,24,0.20833333333333334
6908000,CntlPlains,La_Nina,Fall,Dam_Absent,6,15,0.4
6908000,CntlPlains,La_Nina,Spring,Dam_Absent,3,15,0.2
6908000,CntlPlains,La_Nina,Summer,Dam_Absent,3,15,0.2
6908000,CntlPlains,La_Nina,Winter,Dam_Absent,5,15,0.3333333333333333
6908000,CntlPlains,Neutral,Fall,Dam_Absent,3,5,0.6
6908000,CntlPlains,Neutral,Summer,Dam_Absent,1,5,0.2
6909500,SEPlains,El_Nino,Fall,Dam_Absent,2,24,0.08333333333333333
6909500,SEPlains,El_Nino,Spring,Dam_Absent,5,24,0.20833333333333334
6909500,SEPlains,El_Nino,Summer,Dam_Absent,6,24,0.25
6909500,SEPlains,El_Nino,Winter,Dam_Absent,3,24,0.125
6909500,SEPlains,La_Nina,Fall,Dam_Absent,4,15,0.26666666666666666
6909500,SEPlains,La_Nina,Spring,Dam_Absent,1,15,0.06666666666666667
6909500,SEPlains,La_Nina,Summer,Dam_Absent,3,15,0.2
6909500,SEPlains,La_Nina,Winter,Dam_Absent,3,15,0.2
6909500,SEPlains,Neutral,Fall,Dam_Absent,1,5,0.2
6909500,SEPlains,Neutral,Spring,Dam_Absent,1,5,0.2
6909500,SEPlains,Neutral,Summer,Dam_Absent,1,5,0.2
6909500,SEPlains,Neutral,Winter,Dam_Absent,1,5,0.2
6910800,CntlPlains,El_Nino,Fall,Dam_Present,5,24,0.20833333333333334
6910800,CntlPlains,El_Nino,Spring,Dam_Present,7,24,0.2916666666666667
6910800,CntlPlains,El_Nino,Summer,Dam_Present,8,24,0.3333333333333333
6910800,CntlPlains,El_Nino,Winter,Dam_Present,7,24,0.2916666666666667
6910800,CntlPlains,La_Nina,Fall,Dam_Present,1,15,0.06666666666666667
6910800,CntlPlains,La_Nina,Spring,Dam_Present,3,15,0.2
6910800,CntlPlains,La_Nina,Summer,Dam_Present,3,15,0.2
6910800,CntlPlains,La_Nina,Winter,Dam_Present,1,15,0.06666666666666667
6910800,CntlPlains,Neutral,Spring,Dam_Present,2,5,0.4
6910800,CntlPlains,Neutral,Summer,Dam_Present,2,5,0.4
6911000,CntlPlains,El_Nino,Fall,Dam_Present,5,24,0.20833333333333334
6911000,CntlPlains,El_Nino,Spring,Dam_Present,3,24,0.125
6911000,CntlPlains,El_Nino,Summer,Dam_Present,4,24,0.16666666666666666
6911000,CntlPlains,El_Nino,Winter,Dam_Present,4,24,0.16666666666666666
6911000,CntlPlains,La_Nina,Fall,Dam_Present,2,15,0.13333333333333333
6911000,CntlPlains,La_Nina,Spring,Dam_Present,1,15,0.06666666666666667
6911000,CntlPlains,La_Nina,Summer,Dam_Present,5,15,0.3333333333333333
6911000,CntlPlains,La_Nina,Winter,Dam_Present,4,15,0.26666666666666666
6911000,CntlPlains,Neutral,Spring,Dam_Present,2,5,0.4
6911000,CntlPlains,Neutral,Winter,Dam_Present,1,5,0.2
6911900,CntlPlains,El_Nino,Spring,Dam_Absent,7,24,0.2916666666666667
6911900,CntlPlains,El_Nino,Summer,Dam_Absent,7,24,0.2916666666666667
6911900,CntlPlains,El_Nino,Winter,Dam_Absent,4,24,0.16666666666666666
6911900,CntlPlains,La_Nina,Spring,Dam_Absent,2,15,0.13333333333333333
6911900,CntlPlains,La_Nina,Summer,Dam_Absent,2,15,0.13333333333333333
6911900,CntlPlains,La_Nina,Winter,Dam_Absent,2,15,0.13333333333333333
6911900,CntlPlains,Neutral,Fall,Dam_Absent,2,5,0.4
6911900,CntlPlains,Neutral,Spring,Dam_Absent,2,5,0.4
6911900,CntlPlains,Neutral,Summer,Dam_Absent,2,5,0.4
6912500,CntlPlains,El_Nino,Fall,Dam_Present,7,24,0.2916666666666667
6912500,CntlPlains,El_Nino,Spring,Dam_Present,9,24,0.375
6912500,CntlPlains,El_Nino,Summer,Dam_Present,10,24,0.4166666666666667
6912500,CntlPlains,El_Nino,Winter,Dam_Present,5,24,0.20833333333333334
6912500,CntlPlains,La_Nina,Fall,Dam_Present,5,15,0.3333333333333333
6912500,CntlPlains,La_Nina,Spring,Dam_Present,4,15,0.26666666666666666
6912500,CntlPlains,La_Nina,Summer,Dam_Present,4,15,0.26666666666666666
6912500,CntlPlains,La_Nina,Winter,Dam_Present,3,15,0.2
6912500,CntlPlains,Neutral,Fall,Dam_Present,2,5,0.4
6912500,CntlPlains,Neutral,Summer,Dam_Present,1,5,0.2
6913000,CntlPlains,El_Nino,Fall,Dam_Present,7,24,0.2916666666666667
6913000,CntlPlains,El_Nino,Spring,Dam_Present,7,24,0.2916666666666667
6913000,CntlPlains,El_Nino,Summer,Dam_Present,12,24,0.5
6913000,CntlPlains,El_Nino,Winter,Dam_Present,9,24,0.375
6913000,CntlPlains,La_Nina,Fall,Dam_Present,9,15,0.6
6913000,CntlPlains,La_Nina,Spring,Dam_Present,1,15,0.06666666666666667
6913000,CntlPlains,La_Nina,Summer,Dam_Present,3,15,0.2
6913000,CntlPlains,La_Nina,Winter,Dam_Present,4,15,0.26666666666666666
6913000,CntlPlains,Neutral,Fall,Dam_Present,2,5,0.4
6913000,CntlPlains,Neutral,Spring,Dam_Present,2,5,0.4
6913500,CntlPlains,El_Nino,Fall,Dam_Absent,9,24,0.375
6913500,CntlPlains,El_Nino,Spring,Dam_Absent,7,24,0.2916666666666667
6913500,CntlPlains,El_Nino,Summer,Dam_Absent,11,24,0.4583333333333333
6913500,CntlPlains,El_Nino,Winter,Dam_Absent,11,24,0.4583333333333333
6913500,CntlPlains,La_Nina,Fall,Dam_Absent,7,15,0.4666666666666667
6913500,CntlPlains,La_Nina,Spring,Dam_Absent,2,15,0.13333333333333333
6913500,CntlPlains,La_Nina,Summer,Dam_Absent,4,15,0.26666666666666666
6913500,CntlPlains,La_Nina,Winter,Dam_Absent,5,15,0.3333333333333333
6913500,CntlPlains,Neutral,Fall,Dam_Absent,3,5,0.6
6913500,CntlPlains,Neutral,Spring,Dam_Absent,2,5,0.4
6913500,CntlPlains,Neutral,Summer,Dam_Absent,1,5,0.2
6913500,CntlPlains,Neutral,Winter,Dam_Absent,1,5,0.2
6914000,CntlPlains,El_Nino,Spring,Dam_Present,2,24,0.08333333333333333
6914000,CntlPlains,El_Nino,Summer,Dam_Present,1,24,0.041666666666666664
6914000,CntlPlains,La_Nina,Fall,Dam_Present,1,15,0.06666666666666667
6914000,CntlPlains,La_Nina,Spring,Dam_Present,1,15,0.06666666666666667
6914000,CntlPlains,La_Nina,Summer,Dam_Present,1,15,0.06666666666666667
6914100,CntlPlains,El_Nino,Fall,Dam_Present,3,24,0.125
6914100,CntlPlains,El_Nino,Spring,Dam_Present,5,24,0.20833333333333334
6914100,CntlPlains,El_Nino,Summer,Dam_Present,3,24,0.125
6914100,CntlPlains,El_Nino,Winter,Dam_Present,3,24,0.125
6914100,CntlPlains,La_Nina,Summer,Dam_Present,2,15,0.13333333333333333
6914100,CntlPlains,La_Nina,Winter,Dam_Present,1,15,0.06666666666666667
6914100,CntlPlains,Neutral,Fall,Dam_Present,1,5,0.2
6914100,CntlPlains,Neutral,Spring,Dam_Present,1,5,0.2
6914100,CntlPlains,Neutral,Winter,Dam_Present,1,5,0.2
6915000,CntlPlains,El_Nino,Fall,Dam_Present,6,24,0.25
6915000,CntlPlains,El_Nino,Spring,Dam_Present,10,24,0.4166666666666667
6915000,CntlPlains,El_Nino,Summer,Dam_Present,5,24,0.20833333333333334
6915000,CntlPlains,El_Nino,Winter,Dam_Present,11,24,0.4583333333333333
6915000,CntlPlains,La_Nina,Fall,Dam_Present,9,15,0.6
6915000,CntlPlains,La_Nina,Spring,Dam_Present,2,15,0.13333333333333333
6915000,CntlPlains,La_Nina,Summer,Dam_Present,6,15,0.4
6915000,CntlPlains,La_Nina,Winter,Dam_Present,2,15,0.13333333333333333
6915000,CntlPlains,Neutral,Fall,Dam_Present,2,5,0.4
6915000,CntlPlains,Neutral,Spring,Dam_Present,1,5,0.2
6915000,CntlPlains,Neutral,Summer,Dam_Present,1,5,0.2
6915000,CntlPlains,Neutral,Winter,Dam_Present,1,5,0.2
6915800,CntlPlains,El_Nino,Fall,Dam_Absent,8,24,0.3333333333333333
6915800,CntlPlains,El_Nino,Spring,Dam_Absent,10,24,0.4166666666666667
6915800,CntlPlains,El_Nino,Summer,Dam_Absent,11,24,0.4583333333333333
6915800,CntlPlains,El_Nino,Winter,Dam_Absent,7,24,0.2916666666666667
6915800,CntlPlains,La_Nina,Fall,Dam_Absent,6,15,0.4
6915800,CntlPlains,La_Nina,Spring,Dam_Absent,3,15,0.2
6915800,CntlPlains,La_Nina,Summer,Dam_Absent,4,15,0.26666666666666666
6915800,CntlPlains,La_Nina,Winter,Dam_Absent,3,15,0.2
6915800,CntlPlains,Neutral,Fall,Dam_Absent,5,5,1.0
6915800,CntlPlains,Neutral,Spring,Dam_Absent,1,5,0.2
6915800,CntlPlains,Neutral,Summer,Dam_Absent,1,5,0.2
6915800,CntlPlains,Neutral,Winter,Dam_Absent,3,5,0.6
6916600,CntlPlains,El_Nino,Fall,Dam_Present,7,24,0.2916666666666667
6916600,CntlPlains,El_Nino,Spring,Dam_Present,8,24,0.3333333333333333
6916600,CntlPlains,El_Nino,Summer,Dam_Present,11,24,0.4583333333333333
6916600,CntlPlains,El_Nino,Winter,Dam_Present,6,24,0.25
6916600,CntlPlains,La_Nina,Fall,Dam_Present,8,15,0.5333333333333333
6916600,CntlPlains,La_Nina,Spring,Dam_Present,3,15,0.2
6916600,CntlPlains,La_Nina,Summer,Dam_Present,3,15,0.2
6916600,CntlPlains,La_Nina,Winter,Dam_Present,3,15,0.2
6916600,CntlPlains,Neutral,Fall,Dam_Present,6,5,1.2
6916600,CntlPlains,Neutral,Spring,Dam_Present,1,5,0.2
6916600,CntlPlains,Neutral,Summer,Dam_Present,1,5,0.2
6916600,CntlPlains,Neutral,Winter,Dam_Present,3,5,0.6
6917000,CntlPlains,El_Nino,Fall,Dam_Absent,2,24,0.08333333333333333
6917000,CntlPlains,El_Nino,Spring,Dam_Absent,9,24,0.375
6917000,CntlPlains,El_Nino,Summer,Dam_Absent,12,24,0.5
6917000,CntlPlains,El_Nino,Winter,Dam_Absent,4,24,0.16666666666666666
6917000,CntlPlains,La_Nina,Fall,Dam_Absent,1,15,0.06666666666666667
6917000,CntlPlains,La_Nina,Spring,Dam_Absent,3,15,0.2
6917000,CntlPlains,La_Nina,Summer,Dam_Absent,3,15,0.2
6917000,CntlPlains,La_Nina,Winter,Dam_Absent,1,15,0.06666666666666667
6917000,CntlPlains,Neutral,Fall,Dam_Absent,2,5,0.4
6917000,CntlPlains,Neutral,Spring,Dam_Absent,1,5,0.2
6917000,CntlPlains,Neutral,Winter,Dam_Absent,1,5,0.2
6917060,CntlPlains,El_Nino,Fall,Dam_Absent,2,24,0.08333333333333333
6917060,CntlPlains,El_Nino,Spring,Dam_Absent,8,24,0.3333333333333333
6917060,CntlPlains,El_Nino,Summer,Dam_Absent,8,24,0.3333333333333333
6917060,CntlPlains,El_Nino,Winter,Dam_Absent,2,24,0.08333333333333333
6917060,CntlPlains,La_Nina,Spring,Dam_Absent,1,15,0.06666666666666667
6917060,CntlPlains,La_Nina,Summer,Dam_Absent,2,15,0.13333333333333333
6917060,CntlPlains,La_Nina,Winter,Dam_Absent,4,15,0.26666666666666666
6917060,CntlPlains,Neutral,Fall,Dam_Absent,1,5,0.2
6917060,CntlPlains,Neutral,Spring,Dam_Absent,1,5,0.2
6917060,CntlPlains,Neutral,Summer,Dam_Absent,1,5,0.2
6917060,CntlPlains,Neutral,Winter,Dam_Absent,1,5,0.2
6917380,CntlPlains,El_Nino,Fall,Dam_Present,3,24,0.125
6917380,CntlPlains,El_Nino,Spring,Dam_Present,2,24,0.08333333333333333
6917380,CntlPlains,El_Nino,Summer,Dam_Present,5,24,0.20833333333333334
6917380,CntlPlains,El_Nino,Winter,Dam_Present,3,24,0.125
6917380,CntlPlains,La_Nina,Fall,Dam_Present,1,15,0.06666666666666667
6917380,CntlPlains,La_Nina,Spring,Dam_Present,3,15,0.2
6917500,CntlPlains,El_Nino,Fall,Dam_Present,1,24,0.041666666666666664
6917500,CntlPlains,El_Nino,Spring,Dam_Present,3,24,0.125
6917500,CntlPlains,El_Nino,Summer,Dam_Present,1,24,0.041666666666666664
6917500,CntlPlains,El_Nino,Winter,Dam_Present,3,24,0.125
6917500,CntlPlains,La_Nina,Fall,Dam_Present,4,15,0.26666666666666666
6917500,CntlPlains,La_Nina,Summer,Dam_Present,5,15,0.3333333333333333
6917500,CntlPlains,La_Nina,Winter,Dam_Present,3,15,0.2
6917500,CntlPlains,Neutral,Fall,Dam_Present,2,5,0.4
6917500,CntlPlains,Neutral,Spring,Dam_Present,1,5,0.2
6917500,CntlPlains,Neutral,Summer,Dam_Present,1,5,0.2
6917560,CntlPlains,El_Nino,Fall,Dam_Absent,4,24,0.16666666666666666
6917560,CntlPlains,El_Nino,Spring,Dam_Absent,4,24,0.16666666666666666
6917560,CntlPlains,El_Nino,Summer,Dam_Absent,4,24,0.16666666666666666
6917560,CntlPlains,El_Nino,Winter,Dam_Absent,5,24,0.20833333333333334
6917560,CntlPlains,La_Nina,Fall,Dam_Absent,3,15,0.2
6917560,CntlPlains,La_Nina,Spring,Dam_Absent,1,15,0.06666666666666667
6917560,CntlPlains,La_Nina,Summer,Dam_Absent,4,15,0.26666666666666666
6917560,CntlPlains,La_Nina,Winter,Dam_Absent,2,15,0.13333333333333333
6917560,CntlPlains,Neutral,Fall,Dam_Absent,2,5,0.4
6917560,CntlPlains,Neutral,Spring,Dam_Absent,1,5,0.2
6918060,CntlPlains,El_Nino,Fall,Dam_Absent,4,24,0.16666666666666666
6918060,CntlPlains,El_Nino,Spring,Dam_Absent,5,24,0.20833333333333334
6918060,CntlPlains,El_Nino,Summer,Dam_Absent,4,24,0.16666666666666666
6918060,CntlPlains,El_Nino,Winter,Dam_Absent,2,24,0.08333333333333333
6918060,CntlPlains,La_Nina,Fall,Dam_Absent,2,15,0.13333333333333333
6918060,CntlPlains,La_Nina,Summer,Dam_Absent,3,15,0.2
6918060,CntlPlains,La_Nina,Winter,Dam_Absent,4,15,0.26666666666666666
6918060,CntlPlains,Neutral,Fall,Dam_Absent,1,5,0.2
6918060,CntlPlains,Neutral,Spring,Dam_Absent,1,5,0.2
6918060,CntlPlains,Neutral,Summer,Dam_Absent,1,5,0.2
6918070,CntlPlains,El_Nino,Fall,Dam_Absent,3,24,0.125
6918070,CntlPlains,El_Nino,Spring,Dam_Absent,5,24,0.20833333333333334
6918070,CntlPlains,El_Nino,Summer,Dam_Absent,8,24,0.3333333333333333
6918070,CntlPlains,El_Nino,Winter,Dam_Absent,5,24,0.20833333333333334
6918070,CntlPlains,La_Nina,Fall,Dam_Absent,1,15,0.06666666666666667
6918070,CntlPlains,La_Nina,Spring,Dam_Absent,2,15,0.13333333333333333
6918070,CntlPlains,La_Nina,Summer,Dam_Absent,2,15,0.13333333333333333
6918740,EastHghlnds,El_Nino,Fall,Dam_Absent,7,24,0.2916666666666667
6918740,EastHghlnds,El_Nino,Spring,Dam_Absent,9,24,0.375
6918740,EastHghlnds,El_Nino,Summer,Dam_Absent,8,24,0.3333333333333333
6918740,EastHghlnds,El_Nino,Winter,Dam_Absent,7,24,0.2916666666666667
6918740,EastHghlnds,La_Nina,Fall,Dam_Absent,4,15,0.26666666666666666
6918740,EastHghlnds,La_Nina,Spring,Dam_Absent,2,15,0.13333333333333333
6918740,EastHghlnds,La_Nina,Summer,Dam_Absent,5,15,0.3333333333333333
6918740,EastHghlnds,La_Nina,Winter,Dam_Absent,4,15,0.26666666666666666
6918740,EastHghlnds,Neutral,Fall,Dam_Absent,1,5,0.2
6918740,EastHghlnds,Neutral,Spring,Dam_Absent,1,5,0.2
6919020,EastHghlnds,El_Nino,Fall,Dam_Present,8,24,0.3333333333333333
6919020,EastHghlnds,El_Nino,Spring,Dam_Present,7,24,0.2916666666666667
6919020,EastHghlnds,El_Nino,Summer,Dam_Present,3,24,0.125
6919020,EastHghlnds,El_Nino,Winter,Dam_Present,5,24,0.20833333333333334
6919020,EastHghlnds,La_Nina,Fall,Dam_Present,1,15,0.06666666666666667
6919020,EastHghlnds,La_Nina,Spring,Dam_Present,3,15,0.2
6919020,EastHghlnds,La_Nina,Summer,Dam_Present,3,15,0.2
6919020,EastHghlnds,La_Nina,Winter,Dam_Present,3,15,0.2
6919020,EastHghlnds,Neutral,Fall,Dam_Present,2,5,0.4
6919020,EastHghlnds,Neutral,Summer,Dam_Present,1,5,0.2
6919900,EastHghlnds,El_Nino,Fall,Dam_Absent,6,24,0.25
6919900,EastHghlnds,El_Nino,Spring,Dam_Absent,6,24,0.25
6919900,EastHghlnds,El_Nino,Summer,Dam_Absent,2,24,0.08333333333333333
6919900,EastHghlnds,El_Nino,Winter,Dam_Absent,6,24,0.25
6919900,EastHghlnds,La_Nina,Fall,Dam_Absent,1,15,0.06666666666666667
6919900,EastHghlnds,La_Nina,Spring,Dam_Absent,4,15,0.26666666666666666
6919900,EastHghlnds,La_Nina,Summer,Dam_Absent,3,15,0.2
6919900,EastHghlnds,La_Nina,Winter,Dam_Absent,1,15,0.06666666666666667
6919900,EastHghlnds,Neutral,Fall,Dam_Absent,2,5,0.4
6919900,EastHghlnds,Neutral,Summer,Dam_Absent,1,5,0.2
6919900,EastHghlnds,Neutral,Winter,Dam_Absent,2,5,0.4
6921350,EastHghlnds,El_Nino,Fall,Dam_Present,3,24,0.125
6921350,EastHghlnds,El_Nino,Spring,Dam_Present,9,24,0.375
6921350,EastHghlnds,El_Nino,Summer,Dam_Present,8,24,0.3333333333333333
6921350,EastHghlnds,El_Nino,Winter,Dam_Present,4,24,0.16666666666666666
6921350,EastHghlnds,La_Nina,Fall,Dam_Present,2,15,0.13333333333333333
6921350,EastHghlnds,La_Nina,Spring,Dam_Present,2,15,0.13333333333333333
6921350,EastHghlnds,La_Nina,Summer,Dam_Present,5,15,0.3333333333333333
6921350,EastHghlnds,La_Nina,Winter,Dam_Present,2,15,0.13333333333333333
6921350,EastHghlnds,Neutral,Spring,Dam_Present,1,5,0.2
6921350,EastHghlnds,Neutral,Winter,Dam_Present,1,5,0.2
6921720,CntlPlains,El_Nino,Fall,Dam_Absent,3,24,0.125
6921720,CntlPlains,El_Nino,Spring,Dam_Absent,7,24,0.2916666666666667
6921720,CntlPlains,El_Nino,Summer,Dam_Absent,3,24,0.125
6921720,CntlPlains,El_Nino,Winter,Dam_Absent,1,24,0.041666666666666664
6921720,CntlPlains,La_Nina,Spring,Dam_Absent,1,15,0.06666666666666667
6921720,CntlPlains,La_Nina,Summer,Dam_Absent,3,15,0.2
6921720,CntlPlains,La_Nina,Winter,Dam_Absent,3,15,0.2
6921720,CntlPlains,Neutral,Fall,Dam_Absent,2,5,0.4
6921720,CntlPlains,Neutral,Spring,Dam_Absent,1,5,0.2
6921720,CntlPlains,Neutral,Summer,Dam_Absent,2,5,0.4
6921720,CntlPlains,Neutral,Winter,Dam_Absent,2,5,0.4
6926000,CntlPlains,El_Nino,Fall,Dam_Present,5,24,0.20833333333333334
6926000,CntlPlains,El_Nino,Spring,Dam_Present,12,24,0.5
6926000,CntlPlains,El_Nino,Summer,Dam_Present,4,24,0.16666666666666666
6926000,CntlPlains,El_Nino,Winter,Dam_Present,5,24,0.20833333333333334
6926000,CntlPlains,La_Nina,Fall,Dam_Present,3,15,0.2
6926000,CntlPlains,La_Nina,Spring,Dam_Present,1,15,0.06666666666666667
6926000,CntlPlains,La_Nina,Summer,Dam_Present,1,15,0.06666666666666667
6926000,CntlPlains,La_Nina,Winter,Dam_Present,2,15,0.13333333333333333
6926000,CntlPlains,Neutral,Summer,Dam_Present,1,5,0.2
6926000,CntlPlains,Neutral,Winter,Dam_Present,2,5,0.4
6927240,SEPlains,El_Nino,Fall,Dam_Present,3,24,0.125
6927240,SEPlains,El_Nino,Spring,Dam_Present,4,24,0.16666666666666666
6927240,SEPlains,El_Nino,Summer,Dam_Present,2,24,0.08333333333333333
6927240,SEPlains,El_Nino,Winter,Dam_Present,3,24,0.125
6927240,SEPlains,La_Nina,Fall,Dam_Present,3,15,0.2
6927240,SEPlains,La_Nina,Spring,Dam_Present,1,15,0.06666666666666667
6927240,SEPlains,La_Nina,Summer,Dam_Present,1,15,0.06666666666666667
6927240,SEPlains,La_Nina,Winter,Dam_Present,2,15,0.13333333333333333
6927240,SEPlains,Neutral,Fall,Dam_Present,3,5,0.6
6927240,SEPlains,Neutral,Spring,Dam_Present,1,5,0.2
6927240,SEPlains,Neutral,Summer,Dam_Present,2,5,0.4
6928000,EastHghlnds,El_Nino,Fall,Dam_Absent,7,24,0.2916666666666667
6928000,EastHghlnds,El_Nino,Spring,Dam_Absent,9,24,0.375
6928000,EastHghlnds,El_Nino,Summer,Dam_Absent,8,24,0.3333333333333333
6928000,EastHghlnds,El_Nino,Winter,Dam_Absent,4,24,0.16666666666666666
6928000,EastHghlnds,La_Nina,Fall,Dam_Absent,7,15,0.4666666666666667
6928000,EastHghlnds,La_Nina,Spring,Dam_Absent,1,15,0.06666666666666667
6928000,EastHghlnds,La_Nina,Summer,Dam_Absent,2,15,0.13333333333333333
6928000,EastHghlnds,La_Nina,Winter,Dam_Absent,3,15,0.2
6928000,EastHghlnds,Neutral,Spring,Dam_Absent,1,5,0.2
6932000,EastHghlnds,El_Nino,Fall,Dam_Present,6,24,0.25
6932000,EastHghlnds,El_Nino,Spring,Dam_Present,7,24,0.2916666666666667
6932000,EastHghlnds,El_Nino,Summer,Dam_Present,6,24,0.25
6932000,EastHghlnds,El_Nino,Winter,Dam_Present,7,24,0.2916666666666667
6932000,EastHghlnds,La_Nina,Fall,Dam_Present,2,15,0.13333333333333333
6932000,EastHghlnds,La_Nina,Spring,Dam_Present,3,15,0.2
6932000,EastHghlnds,La_Nina,Summer,Dam_Present,3,15,0.2
6932000,EastHghlnds,La_Nina,Winter,Dam_Present,3,15,0.2
6932000,EastHghlnds,Neutral,Fall,Dam_Present,2,5,0.4
6932000,EastHghlnds,Neutral,Spring,Dam_Present,1,5,0.2
6932000,EastHghlnds,Neutral,Summer,Dam_Present,1,5,0.2
6933500,EastHghlnds,El_Nino,Fall,Dam_Absent,5,24,0.20833333333333334
6933500,EastHghlnds,El_Nino,Spring,Dam_Absent,8,24,0.3333333333333333
6933500,EastHghlnds,El_Nino,Summer,Dam_Absent,6,24,0.25
6933500,EastHghlnds,El_Nino,Winter,Dam_Absent,5,24,0.20833333333333334
6933500,EastHghlnds,La_Nina,Fall,Dam_Absent,3,15,0.2
6933500,EastHghlnds,La_Nina,Spring,Dam_Absent,3,15,0.2
6933500,EastHghlnds,La_Nina,Summer,Dam_Absent,2,15,0.13333333333333333
6933500,EastHghlnds,La_Nina,Winter,Dam_Absent,4,15,0.26666666666666666
6933500,EastHghlnds,Neutral,Spring,Dam_Absent,1,5,0.2
6933500,EastHghlnds,Neutral,Winter,Dam_Absent,1,5,0.2
6934000,EastHghlnds,El_Nino,Fall,Dam_Present,6,24,0.25
6934000,EastHghlnds,El_Nino,Spring,Dam_Present,9,24,0.375
6934000,EastHghlnds,El_Nino,Summer,Dam_Present,8,24,0.3333333333333333
6934000,EastHghlnds,El_Nino,Winter,Dam_Present,5,24,0.20833333333333334
6934000,EastHghlnds,La_Nina,Fall,Dam_Present,3,15,0.2
6934000,EastHghlnds,La_Nina,Spring,Dam_Present,2,15,0.13333333333333333
6934000,EastHghlnds,La_Nina,Summer,Dam_Present,3,15,0.2
6934000,EastHghlnds,La_Nina,Winter,Dam_Present,5,15,0.3333333333333333
6934000,EastHghlnds,Neutral,Spring,Dam_Present,1,5,0.2
6935770,SEPlains,El_Nino,Fall,Dam_Present,4,24,0.16666666666666666
6935770,SEPlains,El_Nino,Spring,Dam_Present,5,24,0.20833333333333334
6935770,SEPlains,El_Nino,Summer,Dam_Present,7,24,0.2916666666666667
6935770,SEPlains,El_Nino,Winter,Dam_Present,7,24,0.2916666666666667
6935770,SEPlains,La_Nina,Fall,Dam_Present,6,15,0.4
6935770,SEPlains,La_Nina,Spring,Dam_Present,2,15,0.13333333333333333
6935770,SEPlains,La_Nina,Summer,Dam_Present,2,15,0.13333333333333333
6935770,SEPlains,La_Nina,Winter,Dam_Present,6,15,0.4
6935770,SEPlains,Neutral,Fall,Dam_Present,2,5,0.4
6935770,SEPlains,Neutral,Spring,Dam_Present,1,5,0.2
6935770,SEPlains,Neutral,Summer,Dam_Present,2,5,0.4
6935830,SEPlains,El_Nino,Fall,Dam_Present,6,24,0.25
6935830,SEPlains,El_Nino,Spring,Dam_Present,7,24,0.2916666666666667
6935830,SEPlains,El_Nino,Summer,Dam_Present,10,24,0.4166666666666667
6935830,SEPlains,El_Nino,Winter,Dam_Present,5,24,0.20833333333333334
6935830,SEPlains,La_Nina,Fall,Dam_Present,6,15,0.4
6935830,SEPlains,La_Nina,Spring,Dam_Present,2,15,0.13333333333333333
6935830,SEPlains,La_Nina,Summer,Dam_Present,3,15,0.2
6935830,SEPlains,La_Nina,Winter,Dam_Present,5,15,0.3333333333333333
6935830,SEPlains,Neutral,Fall,Dam_Present,2,5,0.4
6935830,SEPlains,Neutral,Spring,Dam_Present,1,5,0.2
6935830,SEPlains,Neutral,Summer,Dam_Present,1,5,0.2
6935830,SEPlains,Neutral,Winter,Dam_Present,1,5,0.2
7010350,EastHghlnds,El_Nino,Fall,Dam_Present,3,24,0.125
7010350,EastHghlnds,El_Nino,Spring,Dam_Present,5,24,0.20833333333333334
7010350,EastHghlnds,El_Nino,Summer,Dam_Present,2,24,0.08333333333333333
7010350,EastHghlnds,El_Nino,Winter,Dam_Present,4,24,0.16666666666666666
7010350,EastHghlnds,La_Nina,Fall,Dam_Present,2,15,0.13333333333333333
7010350,EastHghlnds,La_Nina,Spring,Dam_Present,2,15,0.13333333333333333
7010350,EastHghlnds,La_Nina,Summer,Dam_Present,2,15,0.13333333333333333
7010350,EastHghlnds,La_Nina,Winter,Dam_Present,3,15,0.2
7010350,EastHghlnds,Neutral,Fall,Dam_Present,1,5,0.2
7010350,EastHghlnds,Neutral,Spring,Dam_Present,1,5,0.2
7013000,EastHghlnds,El_Nino,Fall,Dam_Absent,12,24,0.5
7013000,EastHghlnds,El_Nino,Spring,Dam_Absent,6,24,0.25
7013000,EastHghlnds,El_Nino,Summer,Dam_Absent,6,24,0.25
7013000,EastHghlnds,El_Nino,Winter,Dam_Absent,8,24,0.3333333333333333
7013000,EastHghlnds,La_Nina,Fall,Dam_Absent,5,15,0.3333333333333333
7013000,EastHghlnds,La_Nina,Spring,Dam_Absent,3,15,0.2
7013000,EastHghlnds,La_Nina,Summer,Dam_Absent,5,15,0.3333333333333333
7013000,EastHghlnds,La_Nina,Winter,Dam_Absent,4,15,0.26666666666666666
7013000,EastHghlnds,Neutral,Fall,Dam_Absent,1,5,0.2
7013000,EastHghlnds,Neutral,Spring,Dam_Absent,2,5,0.4
7013000,EastHghlnds,Neutral,Summer,Dam_Absent,1,5,0.2
7014000,EastHghlnds,El_Nino,Fall,Dam_Absent,4,24,0.16666666666666666
7014000,EastHghlnds,El_Nino,Spring,Dam_Absent,6,24,0.25
7014000,EastHghlnds,El_Nino,Summer,Dam_Absent,3,24,0.125
7014000,EastHghlnds,El_Nino,Winter,Dam_Absent,3,24,0.125
7014000,EastHghlnds,La_Nina,Fall,Dam_Absent,3,15,0.2
7014000,EastHghlnds,La_Nina,Spring,Dam_Absent,1,15,0.06666666666666667
7014000,EastHghlnds,La_Nina,Summer,Dam_Absent,2,15,0.13333333333333333
7014000,EastHghlnds,La_Nina,Winter,Dam_Absent,2,15,0.13333333333333333
7014000,EastHghlnds,Neutral,Fall,Dam_Absent,1,5,0.2
7014000,EastHghlnds,Neutral,Spring,Dam_Absent,1,5,0.2
7016500,EastHghlnds,El_Nino,Fall,Dam_Absent,7,24,0.2916666666666667
7016500,EastHghlnds,El_Nino,Spring,Dam_Absent,6,24,0.25
7016500,EastHghlnds,El_Nino,Summer,Dam_Absent,7,24,0.2916666666666667
7016500,EastHghlnds,El_Nino,Winter,Dam_Absent,6,24,0.25
7016500,EastHghlnds,La_Nina,Fall,Dam_Absent,9,15,0.6
7016500,EastHghlnds,La_Nina,Spring,Dam_Absent,3,15,0.2
7016500,EastHghlnds,La_Nina,Summer,Dam_Absent,5,15,0.3333333333333333
7016500,EastHghlnds,La_Nina,Winter,Dam_Absent,4,15,0.26666666666666666
7016500,EastHghlnds,Neutral,Spring,Dam_Absent,1,5,0.2
7016500,EastHghlnds,Neutral,Summer,Dam_Absent,3,5,0.6
7017200,EastHghlnds,El_Nino,Fall,Dam_Present,9,24,0.375
7017200,EastHghlnds,El_Nino,Spring,Dam_Present,4,24,0.16666666666666666
7017200,EastHghlnds,El_Nino,Summer,Dam_Present,2,24,0.08333333333333333
7017200,EastHghlnds,El_Nino,Winter,Dam_Present,7,24,0.2916666666666667
7017200,EastHghlnds,La_Nina,Fall,Dam_Present,6,15,0.4
7017200,EastHghlnds,La_Nina,Spring,Dam_Present,3,15,0.2
7017200,EastHghlnds,La_Nina,Summer,Dam_Present,4,15,0.26666666666666666
7017200,EastHghlnds,La_Nina,Winter,Dam_Present,5,15,0.3333333333333333
7017200,EastHghlnds,Neutral,Spring,Dam_Present,2,5,0.4
7017200,EastHghlnds,Neutral,Winter,Dam_Present,1,5,0.2
7018100,EastHghlnds,El_Nino,Fall,Dam_Present,6,24,0.25
7018100,EastHghlnds,El_Nino,Spring,Dam_Present,8,24,0.3333333333333333
7018100,EastHghlnds,El_Nino,Summer,Dam_Present,3,24,0.125
7018100,EastHghlnds,El_Nino,Winter,Dam_Present,6,24,0.25
7018100,EastHghlnds,La_Nina,Fall,Dam_Present,7,15,0.4666666666666667
7018100,EastHghlnds,La_Nina,Spring,Dam_Present,6,15,0.4
7018100,EastHghlnds,La_Nina,Summer,Dam_Present,5,15,0.3333333333333333
7018100,EastHghlnds,La_Nina,Winter,Dam_Present,5,15,0.3333333333333333
7018100,EastHghlnds,Neutral,Spring,Dam_Present,1,5,0.2
7018100,EastHghlnds,Neutral,Winter,Dam_Present,2,5,0.4
7018500,EastHghlnds,El_Nino,Fall,Dam_Present,8,24,0.3333333333333333
7018500,EastHghlnds,El_Nino,Spring,Dam_Present,9,24,0.375
7018500,EastHghlnds,El_Nino,Summer,Dam_Present,4,24,0.16666666666666666
7018500,EastHghlnds,El_Nino,Winter,Dam_Present,6,24,0.25
7018500,EastHghlnds,La_Nina,Fall,Dam_Present,4,15,0.26666666666666666
7018500,EastHghlnds,La_Nina,Spring,Dam_Present,6,15,0.4
7018500,EastHghlnds,La_Nina,Summer,Dam_Present,4,15,0.26666666666666666
7018500,EastHghlnds,La_Nina,Winter,Dam_Present,5,15,0.3333333333333333
7018500,EastHghlnds,Neutral,Spring,Dam_Present,1,5,0.2
7018500,EastHghlnds,Neutral,Winter,Dam_Present,1,5,0.2
7019000,EastHghlnds,El_Nino,Fall,Dam_Present,9,24,0.375
7019000,EastHghlnds,El_Nino,Spring,Dam_Present,8,24,0.3333333333333333
7019000,EastHghlnds,El_Nino,Summer,Dam_Present,6,24,0.25
7019000,EastHghlnds,El_Nino,Winter,Dam_Present,4,24,0.16666666666666666
7019000,EastHghlnds,La_Nina,Fall,Dam_Present,6,15,0.4
7019000,EastHghlnds,La_Nina,Spring,Dam_Present,2,15,0.13333333333333333
7019000,EastHghlnds,La_Nina,Summer,Dam_Present,5,15,0.3333333333333333
7019000,EastHghlnds,La_Nina,Winter,Dam_Present,5,15,0.3333333333333333
7019000,EastHghlnds,Neutral,Fall,Dam_Present,1,5,0.2
7019000,EastHghlnds,Neutral,Spring,Dam_Present,1,5,0.2
7019000,EastHghlnds,Neutral,Summer,Dam_Present,2,5,0.4
7019000,EastHghlnds,Neutral,Winter,Dam_Present,1,5,0.2
7020550,EastHghlnds,El_Nino,Fall,Dam_Present,6,24,0.25
7020550,EastHghlnds,El_Nino,Spring,Dam_Present,3,24,0.125
7020550,EastHghlnds,El_Nino,Summer,Dam_Present,4,24,0.16666666666666666
7020550,EastHghlnds,El_Nino,Winter,Dam_Present,3,24,0.125
7020550,EastHghlnds,La_Nina,Fall,Dam_Present,7,15,0.4666666666666667
7020550,EastHghlnds,La_Nina,Spring,Dam_Present,5,15,0.3333333333333333
7020550,EastHghlnds,La_Nina,Summer,Dam_Present,3,15,0.2
7020550,EastHghlnds,La_Nina,Winter,Dam_Present,4,15,0.26666666666666666
7020550,EastHghlnds,Neutral,Fall,Dam_Present,1,5,0.2
7020550,EastHghlnds,Neutral,Spring,Dam_Present,1,5,0.2
7020550,EastHghlnds,Neutral,Summer,Dam_Present,1,5,0.2
7027720,SEPlains,El_Nino,Fall,Dam_Absent,6,24,0.25
7027720,SEPlains,El_Nino,Spring,Dam_Absent,5,24,0.20833333333333334
7027720,SEPlains,El_Nino,Summer,Dam_Absent,4,24,0.16666666666666666
7027720,SEPlains,El_Nino,Winter,Dam_Absent,6,24,0.25
7027720,SEPlains,La_Nina,Fall,Dam_Absent,2,15,0.13333333333333333
7027720,SEPlains,La_Nina,Spring,Dam_Absent,4,15,0.26666666666666666
7027720,SEPlains,La_Nina,Summer,Dam_Absent,5,15,0.3333333333333333
7027720,SEPlains,La_Nina,Winter,Dam_Absent,1,15,0.06666666666666667
7027720,SEPlains,Neutral,Spring,Dam_Absent,2,5,0.4
7027720,SEPlains,Neutral,Summer,Dam_Absent,1,5,0.2
7028500,SEPlains,El_Nino,Fall,Dam_Present,1,24,0.041666666666666664
7028500,SEPlains,El_Nino,Spring,Dam_Present,2,24,0.08333333333333333
7028500,SEPlains,El_Nino,Summer,Dam_Present,2,24,0.08333333333333333
7028500,SEPlains,El_Nino,Winter,Dam_Present,2,24,0.08333333333333333
7029500,SEPlains,El_Nino,Fall,Dam_Absent,6,24,0.25
7029500,SEPlains,El_Nino,Spring,Dam_Absent,10,24,0.4166666666666667
7029500,SEPlains,El_Nino,Summer,Dam_Absent,2,24,0.08333333333333333
7029500,SEPlains,El_Nino,Winter,Dam_Absent,7,24,0.2916666666666667
7029500,SEPlains,La_Nina,Fall,Dam_Absent,5,15,0.3333333333333333
7029500,SEPlains,La_Nina,Spring,Dam_Absent,5,15,0.3333333333333333
7029500,SEPlains,La_Nina,Summer,Dam_Absent,11,15,0.7333333333333333
7029500,SEPlains,La_Nina,Winter,Dam_Absent,6,15,0.4
7029500,SEPlains,Neutral,Fall,Dam_Absent,1,5,0.2
7029500,SEPlains,Neutral,Spring,Dam_Absent,2,5,0.4
7029500,SEPlains,Neutral,Summer,Dam_Absent,3,5,0.6
7029500,SEPlains,Neutral,Winter,Dam_Absent,1,5,0.2
7030050,SEPlains,El_Nino,Fall,Dam_Absent,3,24,0.125
7030050,SEPlains,El_Nino,Spring,Dam_Absent,5,24,0.20833333333333334
7030050,SEPlains,El_Nino,Summer,Dam_Absent,3,24,0.125
7030050,SEPlains,El_Nino,Winter,Dam_Absent,7,24,0.2916666666666667
7030050,SEPlains,La_Nina,Fall,Dam_Absent,4,15,0.26666666666666666
7030050,SEPlains,La_Nina,Spring,Dam_Absent,2,15,0.13333333333333333
7030050,SEPlains,La_Nina,Summer,Dam_Absent,6,15,0.4
7030050,SEPlains,Neutral,Fall,Dam_Absent,2,5,0.4
7030050,SEPlains,Neutral,Summer,Dam_Absent,2,5,0.4
7035000,EastHghlnds,El_Nino,Fall,Dam_Present,6,24,0.25
7035000,EastHghlnds,El_Nino,Spring,Dam_Present,7,24,0.2916666666666667
7035000,EastHghlnds,El_Nino,Summer,Dam_Present,5,24,0.20833333333333334
7035000,EastHghlnds,El_Nino,Winter,Dam_Present,5,24,0.20833333333333334
7035000,EastHghlnds,La_Nina,Fall,Dam_Present,7,15,0.4666666666666667
7035000,EastHghlnds,La_Nina,Spring,Dam_Present,1,15,0.06666666666666667
7035000,EastHghlnds,La_Nina,Summer,Dam_Present,2,15,0.13333333333333333
7035000,EastHghlnds,La_Nina,Winter,Dam_Present,4,15,0.26666666666666666
7035000,EastHghlnds,Neutral,Fall,Dam_Present,1,5,0.2
7035000,EastHghlnds,Neutral,Spring,Dam_Present,2,5,0.4
7035000,EastHghlnds,Neutral,Summer,Dam_Present,3,5,0.6
7035800,EastHghlnds,El_Nino,Fall,Dam_Absent,8,24,0.3333333333333333
7035800,EastHghlnds,El_Nino,Spring,Dam_Absent,10,24,0.4166666666666667
7035800,EastHghlnds,El_Nino,Summer,Dam_Absent,5,24,0.20833333333333334
7035800,EastHghlnds,El_Nino,Winter,Dam_Absent,8,24,0.3333333333333333
7035800,EastHghlnds,La_Nina,Fall,Dam_Absent,7,15,0.4666666666666667
7035800,EastHghlnds,La_Nina,Spring,Dam_Absent,4,15,0.26666666666666666
7035800,EastHghlnds,La_Nina,Summer,Dam_Absent,6,15,0.4
7035800,EastHghlnds,La_Nina,Winter,Dam_Absent,6,15,0.4
7035800,EastHghlnds,Neutral,Fall,Dam_Absent,1,5,0.2
7035800,EastHghlnds,Neutral,Spring,Dam_Absent,1,5,0.2
7035800,EastHghlnds,Neutral,Winter,Dam_Absent,1,5,0.2
7036100,EastHghlnds,El_Nino,Fall,Dam_Absent,7,24,0.2916666666666667
7036100,EastHghlnds,El_Nino,Spring,Dam_Absent,13,24,0.5416666666666666
7036100,EastHghlnds,El_Nino,Summer,Dam_Absent,3,24,0.125
7036100,EastHghlnds,El_Nino,Winter,Dam_Absent,6,24,0.25
7036100,EastHghlnds,La_Nina,Fall,Dam_Absent,6,15,0.4
7036100,EastHghlnds,La_Nina,Spring,Dam_Absent,1,15,0.06666666666666667
7036100,EastHghlnds,La_Nina,Summer,Dam_Absent,4,15,0.26666666666666666
7036100,EastHghlnds,La_Nina,Winter,Dam_Absent,4,15,0.26666666666666666
7036100,EastHghlnds,Neutral,Fall,Dam_Absent,1,5,0.2
7036100,EastHghlnds,Neutral,Spring,Dam_Absent,1,5,0.2
7037300,EastHghlnds,El_Nino,Fall,Dam_Present,6,24,0.25
7037300,EastHghlnds,El_Nino,Spring,Dam_Present,5,24,0.20833333333333334
7037300,EastHghlnds,El_Nino,Summer,Dam_Present,4,24,0.16666666666666666
7037300,EastHghlnds,El_Nino,Winter,Dam_Present,6,24,0.25
7037300,EastHghlnds,La_Nina,Fall,Dam_Present,5,15,0.3333333333333333
7037300,EastHghlnds,La_Nina,Spring,Dam_Present,2,15,0.13333333333333333
7037300,EastHghlnds,La_Nina,Summer,Dam_Present,1,15,0.06666666666666667
7037300,EastHghlnds,La_Nina,Winter,Dam_Present,3,15,0.2
7037300,EastHghlnds,Neutral,Fall,Dam_Present,1,5,0.2
7037300,EastHghlnds,Neutral,Spring,Dam_Present,2,5,0.4
7037500,EastHghlnds,El_Nino,Fall,Dam_Present,8,24,0.3333333333333333
7037500,EastHghlnds,El_Nino,Spring,Dam_Present,9,24,0.375
7037500,EastHghlnds,El_Nino,Summer,Dam_Present,4,24,0.16666666666666666
7037500,EastHghlnds,El_Nino,Winter,Dam_Present,7,24,0.2916666666666667
7037500,EastHghlnds,La_Nina,Fall,Dam_Present,9,15,0.6
7037500,EastHghlnds,La_Nina,Spring,Dam_Present,3,15,0.2
7037500,EastHghlnds,La_Nina,Summer,Dam_Present,5,15,0.3333333333333333
7037500,EastHghlnds,La_Nina,Winter,Dam_Present,5,15,0.3333333333333333
7037500,EastHghlnds,Neutral,Spring,Dam_Present,1,5,0.2
7037500,EastHghlnds,Neutral,Winter,Dam_Present,1,5,0.2
7039500,EastHghlnds,El_Nino,Fall,Dam_Present,6,24,0.25
7039500,EastHghlnds,El_Nino,Spring,Dam_Present,11,24,0.4583333333333333
7039500,EastHghlnds,El_Nino,Summer,Dam_Present,6,24,0.25
7039500,EastHghlnds,El_Nino,Winter,Dam_Present,8,24,0.3333333333333333
7039500,EastHghlnds,La_Nina,Fall,Dam_Present,7,15,0.4666666666666667
7039500,EastHghlnds,La_Nina,Spring,Dam_Present,2,15,0.13333333333333333
7039500,EastHghlnds,La_Nina,Summer,Dam_Present,6,15,0.4
7039500,EastHghlnds,La_Nina,Winter,Dam_Present,5,15,0.3333333333333333
7039500,EastHghlnds,Neutral,Fall,Dam_Present,1,5,0.2
7039500,EastHghlnds,Neutral,Spring,Dam_Present,1,5,0.2
7039500,EastHghlnds,Neutral,Summer,Dam_Present,1,5,0.2
7040000,EastHghlnds,El_Nino,Fall,Dam_Absent,3,24,0.125
7040000,EastHghlnds,El_Nino,Spring,Dam_Absent,3,24,0.125
7040000,EastHghlnds,El_Nino,Summer,Dam_Absent,5,24,0.20833333333333334
7040000,EastHghlnds,El_Nino,Winter,Dam_Absent,8,24,0.3333333333333333
7040000,EastHghlnds,La_Nina,Fall,Dam_Absent,3,15,0.2
7040000,EastHghlnds,La_Nina,Spring,Dam_Absent,2,15,0.13333333333333333
7040000,EastHghlnds,La_Nina,Winter,Dam_Absent,1,15,0.06666666666666667
7048700,EastHghlnds,El_Nino,Fall,Dam_Present,1,24,0.041666666666666664
7048700,EastHghlnds,El_Nino,Spring,Dam_Present,1,24,0.041666666666666664
7050500,EastHghlnds,El_Nino,Fall,Dam_Absent,8,24,0.3333333333333333
7050500,EastHghlnds,El_Nino,Spring,Dam_Absent,11,24,0.4583333333333333
7050500,EastHghlnds,El_Nino,Summer,Dam_Absent,8,24,0.3333333333333333
7050500,EastHghlnds,El_Nino,Winter,Dam_Absent,4,24,0.16666666666666666
7050500,EastHghlnds,La_Nina,Fall,Dam_Absent,4,15,0.26666666666666666
7050500,EastHghlnds,La_Nina,Spring,Dam_Absent,2,15,0.13333333333333333
7050500,EastHghlnds,La_Nina,Summer,Dam_Absent,3,15,0.2
7050500,EastHghlnds,La_Nina,Winter,Dam_Absent,7,15,0.4666666666666667
7050500,EastHghlnds,Neutral,Fall,Dam_Absent,2,5,0.4
7050500,EastHghlnds,Neutral,Spring,Dam_Absent,1,5,0.2
7050700,EastHghlnds,El_Nino,Fall,Dam_Present,8,24,0.3333333333333333
7050700,EastHghlnds,El_Nino,Spring,Dam_Present,5,24,0.20833333333333334
7050700,EastHghlnds,El_Nino,Summer,Dam_Present,6,24,0.25
7050700,EastHghlnds,El_Nino,Winter,Dam_Present,6,24,0.25
7050700,EastHghlnds,La_Nina,Fall,Dam_Present,6,15,0.4
7050700,EastHghlnds,La_Nina,Spring,Dam_Present,3,15,0.2
7050700,EastHghlnds,La_Nina,Summer,Dam_Present,4,15,0.26666666666666666
7050700,EastHghlnds,La_Nina,Winter,Dam_Present,3,15,0.2
7050700,EastHghlnds,Neutral,Fall,Dam_Present,1,5,0.2
7050700,EastHghlnds,Neutral,Spring,Dam_Present,1,5,0.2
7052250,EastHghlnds,El_Nino,Fall,Dam_Absent,9,24,0.375
7052250,EastHghlnds,El_Nino,Spring,Dam_Absent,10,24,0.4166666666666667
7052250,EastHghlnds,El_Nino,Summer,Dam_Absent,6,24,0.25
7052250,EastHghlnds,El_Nino,Winter,Dam_Absent,5,24,0.20833333333333334
7052250,EastHghlnds,La_Nina,Fall,Dam_Absent,5,15,0.3333333333333333
7052250,EastHghlnds,La_Nina,Summer,Dam_Absent,5,15,0.3333333333333333
7052250,EastHghlnds,La_Nina,Winter,Dam_Absent,1,15,0.06666666666666667
7052250,EastHghlnds,Neutral,Spring,Dam_Absent,1,5,0.2
7052250,EastHghlnds,Neutral,Summer,Dam_Absent,1,5,0.2
7052250,EastHghlnds,Neutral,Winter,Dam_Absent,1,5,0.2
7052500,EastHghlnds,El_Nino,Fall,Dam_Absent,7,24,0.2916666666666667
7052500,EastHghlnds,El_Nino,Spring,Dam_Absent,6,24,0.25
7052500,EastHghlnds,El_Nino,Summer,Dam_Absent,3,24,0.125
7052500,EastHghlnds,El_Nino,Winter,Dam_Absent,5,24,0.20833333333333334
7052500,EastHghlnds,La_Nina,Fall,Dam_Absent,8,15,0.5333333333333333
7052500,EastHghlnds,La_Nina,Spring,Dam_Absent,3,15,0.2
7052500,EastHghlnds,La_Nina,Summer,Dam_Absent,3,15,0.2
7052500,EastHghlnds,La_Nina,Winter,Dam_Absent,5,15,0.3333333333333333
7052500,EastHghlnds,Neutral,Spring,Dam_Absent,1,5,0.2
7052500,EastHghlnds,Neutral,Winter,Dam_Absent,1,5,0.2
7056000,EastHghlnds,El_Nino,Fall,Dam_Absent,7,24,0.2916666666666667
7056000,EastHghlnds,El_Nino,Spring,Dam_Absent,14,24,0.5833333333333334
7056000,EastHghlnds,El_Nino,Summer,Dam_Absent,4,24,0.16666666666666666
7056000,EastHghlnds,El_Nino,Winter,Dam_Absent,9,24,0.375
7056000,EastHghlnds,La_Nina,Fall,Dam_Absent,3,15,0.2
7056000,EastHghlnds,La_Nina,Spring,Dam_Absent,3,15,0.2
7056000,EastHghlnds,La_Nina,Summer,Dam_Absent,5,15,0.3333333333333333
7056000,EastHghlnds,La_Nina,Winter,Dam_Absent,3,15,0.2
7056000,EastHghlnds,Neutral,Fall,Dam_Absent,2,5,0.4
7056000,EastHghlnds,Neutral,Spring,Dam_Absent,1,5,0.2
7056000,EastHghlnds,Neutral,Winter,Dam_Absent,1,5,0.2
7056700,EastHghlnds,El_Nino,Fall,Dam_Absent,3,24,0.125
7056700,EastHghlnds,El_Nino,Spring,Dam_Absent,9,24,0.375
7056700,EastHghlnds,El_Nino,Summer,Dam_Absent,2,24,0.08333333333333333
7056700,EastHghlnds,El_Nino,Winter,Dam_Absent,5,24,0.20833333333333334
7056700,EastHghlnds,La_Nina,Fall,Dam_Absent,2,15,0.13333333333333333
7056700,EastHghlnds,La_Nina,Spring,Dam_Absent,1,15,0.06666666666666667
7056700,EastHghlnds,La_Nina,Summer,Dam_Absent,1,15,0.06666666666666667
7056700,EastHghlnds,La_Nina,Winter,Dam_Absent,1,15,0.06666666666666667
7056700,EastHghlnds,Neutral,Fall,Dam_Absent,1,5,0.2
7056700,EastHghlnds,Neutral,Spring,Dam_Absent,1,5,0.2
7057370,EastHghlnds,El_Nino,Fall,Dam_Absent,3,24,0.125
7057370,EastHghlnds,El_Nino,Spring,Dam_Absent,7,24,0.2916666666666667
7057370,EastHghlnds,El_Nino,Summer,Dam_Absent,8,24,0.3333333333333333
7057370,EastHghlnds,El_Nino,Winter,Dam_Absent,7,24,0.2916666666666667
7057370,EastHghlnds,La_Nina,Fall,Dam_Absent,2,15,0.13333333333333333
7057370,EastHghlnds,La_Nina,Spring,Dam_Absent,1,15,0.06666666666666667
7057370,EastHghlnds,La_Nina,Winter,Dam_Absent,1,15,0.06666666666666667
7057370,EastHghlnds,Neutral,Fall,Dam_Absent,1,5,0.2
7057370,EastHghlnds,Neutral,Spring,Dam_Absent,2,5,0.4
7057370,EastHghlnds,Neutral,Summer,Dam_Absent,2,5,0.4
7061270,EastHghlnds,El_Nino,Fall,Dam_Present,7,24,0.2916666666666667
7061270,EastHghlnds,El_Nino,Spring,Dam_Present,6,24,0.25
7061270,EastHghlnds,El_Nino,Summer,Dam_Present,5,24,0.20833333333333334
7061270,EastHghlnds,El_Nino,Winter,Dam_Present,6,24,0.25
7061270,EastHghlnds,La_Nina,Fall,Dam_Present,2,15,0.13333333333333333
7061270,EastHghlnds,La_Nina,Summer,Dam_Present,2,15,0.13333333333333333
7061270,EastHghlnds,La_Nina,Winter,Dam_Present,4,15,0.26666666666666666
7061270,EastHghlnds,Neutral,Spring,Dam_Present,1,5,0.2
7061500,EastHghlnds,El_Nino,Fall,Dam_Absent,7,24,0.2916666666666667
7061500,EastHghlnds,El_Nino,Spring,Dam_Absent,9,24,0.375
7061500,EastHghlnds,El_Nino,Summer,Dam_Absent,5,24,0.20833333333333334
7061500,EastHghlnds,El_Nino,Winter,Dam_Absent,8,24,0.3333333333333333
7061500,EastHghlnds,La_Nina,Fall,Dam_Absent,6,15,0.4
7061500,EastHghlnds,La_Nina,Spring,Dam_Absent,4,15,0.26666666666666666
7061500,EastHghlnds,La_Nina,Summer,Dam_Absent,6,15,0.4
7061500,EastHghlnds,La_Nina,Winter,Dam_Absent,6,15,0.4
7061500,EastHghlnds,Neutral,Spring,Dam_Absent,1,5,0.2
7061500,EastHghlnds,Neutral,Winter,Dam_Absent,1,5,0.2
7061600,EastHghlnds,El_Nino,Fall,Dam_Absent,6,24,0.25
7061600,EastHghlnds,El_Nino,Spring,Dam_Absent,6,24,0.25
7061600,EastHghlnds,El_Nino,Summer,Dam_Absent,5,24,0.20833333333333334
7061600,EastHghlnds,El_Nino,Winter,Dam_Absent,6,24,0.25
7061600,EastHghlnds,La_Nina,Fall,Dam_Absent,4,15,0.26666666666666666
7061600,EastHghlnds,La_Nina,Summer,Dam_Absent,1,15,0.06666666666666667
7061600,EastHghlnds,La_Nina,Winter,Dam_Absent,3,15,0.2
7061600,EastHghlnds,Neutral,Spring,Dam_Absent,1,5,0.2
7061600,EastHghlnds,Neutral,Winter,Dam_Absent,1,5,0.2
7061900,EastHghlnds,El_Nino,Fall,Dam_Absent,3,24,0.125
7061900,EastHghlnds,El_Nino,Spring,Dam_Absent,7,24,0.2916666666666667
7061900,EastHghlnds,El_Nino,Summer,Dam_Absent,7,24,0.2916666666666667
7061900,EastHghlnds,El_Nino,Winter,Dam_Absent,6,24,0.25
7061900,EastHghlnds,La_Nina,Fall,Dam_Absent,6,15,0.4
7061900,EastHghlnds,La_Nina,Spring,Dam_Absent,2,15,0.13333333333333333
7061900,EastHghlnds,La_Nina,Summer,Dam_Absent,4,15,0.26666666666666666
7061900,EastHghlnds,La_Nina,Winter,Dam_Absent,3,15,0.2
7061900,EastHghlnds,Neutral,Fall,Dam_Absent,2,5,0.4
7061900,EastHghlnds,Neutral,Spring,Dam_Absent,1,5,0.2
7061900,EastHghlnds,Neutral,Winter,Dam_Absent,1,5,0.2
7062500,EastHghlnds,El_Nino,Fall,Dam_Present,3,24,0.125
7062500,EastHghlnds,El_Nino,Spring,Dam_Present,4,24,0.16666666666666666
7062500,EastHghlnds,El_Nino,Summer,Dam_Present,5,24,0.20833333333333334
7062500,EastHghlnds,El_Nino,Winter,Dam_Present,4,24,0.16666666666666666
7062500,EastHghlnds,La_Nina,Fall,Dam_Present,4,15,0.26666666666666666
7062500,EastHghlnds,La_Nina,Summer,Dam_Present,3,15,0.2
7062500,EastHghlnds,La_Nina,Winter,Dam_Present,2,15,0.13333333333333333
7062500,EastHghlnds,Neutral,Fall,Dam_Present,1,5,0.2
7062500,EastHghlnds,Neutral,Spring,Dam_Present,1,5,0.2
7062500,EastHghlnds,Neutral,Summer,Dam_Present,1,5,0.2
7062575,EastHghlnds,El_Nino,Fall,Dam_Absent,3,24,0.125
7062575,EastHghlnds,El_Nino,Spring,Dam_Absent,5,24,0.20833333333333334
7062575,EastHghlnds,El_Nino,Summer,Dam_Absent,5,24,0.20833333333333334
7062575,EastHghlnds,El_Nino,Winter,Dam_Absent,3,24,0.125
7062575,EastHghlnds,La_Nina,Fall,Dam_Absent,4,15,0.26666666666666666
7062575,EastHghlnds,La_Nina,Spring,Dam_Absent,1,15,0.06666666666666667
7062575,EastHghlnds,La_Nina,Winter,Dam_Absent,1,15,0.06666666666666667
7062575,EastHghlnds,Neutral,Spring,Dam_Absent,1,5,0.2
7062575,EastHghlnds,Neutral,Summer,Dam_Absent,1,5,0.2
7062575,EastHghlnds,Neutral,Winter,Dam_Absent,1,5,0.2
7063000,EastHghlnds,El_Nino,Fall,Dam_Absent,9,24,0.375
7063000,EastHghlnds,El_Nino,Spring,Dam_Absent,10,24,0.4166666666666667
7063000,EastHghlnds,El_Nino,Summer,Dam_Absent,9,24,0.375
7063000,EastHghlnds,El_Nino,Winter,Dam_Absent,9,24,0.375
7063000,EastHghlnds,La_Nina,Fall,Dam_Absent,7,15,0.4666666666666667
7063000,EastHghlnds,La_Nina,Spring,Dam_Absent,4,15,0.26666666666666666
7063000,EastHghlnds,La_Nina,Summer,Dam_Absent,5,15,0.3333333333333333
7063000,EastHghlnds,La_Nina,Winter,Dam_Absent,5,15,0.3333333333333333
7063000,EastHghlnds,Neutral,Spring,Dam_Absent,1,5,0.2
7063000,EastHghlnds,Neutral,Winter,Dam_Absent,1,5,0.2
7074420,EastHghlnds,El_Nino,Fall,Dam_Absent,5,24,0.20833333333333334
7074420,EastHghlnds,El_Nino,Spring,Dam_Absent,6,24,0.25
7074420,EastHghlnds,El_Nino,Summer,Dam_Absent,1,24,0.041666666666666664
7074420,EastHghlnds,El_Nino,Winter,Dam_Absent,4,24,0.16666666666666666
7074420,EastHghlnds,La_Nina,Fall,Dam_Absent,1,15,0.06666666666666667
7074420,EastHghlnds,La_Nina,Spring,Dam_Absent,3,15,0.2
7074420,EastHghlnds,La_Nina,Summer,Dam_Absent,2,15,0.13333333333333333
7074420,EastHghlnds,La_Nina,Winter,Dam_Absent,2,15,0.13333333333333333
7074420,EastHghlnds,Neutral,Fall,Dam_Absent,1,5,0.2
7074420,EastHghlnds,Neutral,Spring,Dam_Absent,1,5,0.2
7076517,EastHghlnds,El_Nino,Fall,Dam_Absent,8,24,0.3333333333333333
7076517,EastHghlnds,El_Nino,Spring,Dam_Absent,8,24,0.3333333333333333
7076517,EastHghlnds,El_Nino,Summer,Dam_Absent,1,24,0.041666666666666664
7076517,EastHghlnds,El_Nino,Winter,Dam_Absent,6,24,0.25
7076517,EastHghlnds,La_Nina,Fall,Dam_Absent,2,15,0.13333333333333333
7076517,EastHghlnds,La_Nina,Spring,Dam_Absent,5,15,0.3333333333333333
7076517,EastHghlnds,La_Nina,Summer,Dam_Absent,1,15,0.06666666666666667
7076517,EastHghlnds,La_Nina,Winter,Dam_Absent,4,15,0.26666666666666666
7076517,EastHghlnds,Neutral,Spring,Dam_Absent,1,5,0.2
7076517,EastHghlnds,Neutral,Summer,Dam_Absent,2,5,0.4
7077700,SECstPlain,El_Nino,Fall,Dam_Absent,1,24,0.041666666666666664
7077700,SECstPlain,El_Nino,Spring,Dam_Absent,1,24,0.041666666666666664
7077700,SECstPlain,El_Nino,Winter,Dam_Absent,1,24,0.041666666666666664
7077700,SECstPlain,La_Nina,Fall,Dam_Absent,2,15,0.13333333333333333
7077700,SECstPlain,La_Nina,Spring,Dam_Absent,3,15,0.2
7087050,WestMnts,El_Nino,Fall,Dam_Present,2,24,0.08333333333333333
7087050,WestMnts,El_Nino,Spring,Dam_Present,4,24,0.16666666666666666
7087050,WestMnts,El_Nino,Summer,Dam_Present,5,24,0.20833333333333334
7087050,WestMnts,La_Nina,Fall,Dam_Present,1,15,0.06666666666666667
7087050,WestMnts,La_Nina,Spring,Dam_Present,2,15,0.13333333333333333
7087050,WestMnts,La_Nina,Summer,Dam_Present,1,15,0.06666666666666667
7087050,WestMnts,Neutral,Fall,Dam_Present,1,5,0.2
7087050,WestMnts,Neutral,Spring,Dam_Present,1,5,0.2
7087050,WestMnts,Neutral,Summer,Dam_Present,1,5,0.2
7093700,WestMnts,El_Nino,Spring,Dam_Absent,1,24,0.041666666666666664
7093700,WestMnts,El_Nino,Winter,Dam_Absent,1,24,0.041666666666666664
7093700,WestMnts,La_Nina,Fall,Dam_Absent,1,15,0.06666666666666667
7093700,WestMnts,La_Nina,Spring,Dam_Absent,2,15,0.13333333333333333
7093700,WestMnts,La_Nina,Summer,Dam_Absent,1,15,0.06666666666666667
7093700,WestMnts,La_Nina,Winter,Dam_Absent,1,15,0.06666666666666667
7096000,WestMnts,El_Nino,Fall,Dam_Absent,1,24,0.041666666666666664
7096000,WestMnts,El_Nino,Spring,Dam_Absent,2,24,0.08333333333333333
7096000,WestMnts,El_Nino,Summer,Dam_Absent,3,24,0.125
7096000,WestMnts,El_Nino,Winter,Dam_Absent,1,24,0.041666666666666664
7096000,WestMnts,La_Nina,Spring,Dam_Absent,1,15,0.06666666666666667
7096250,WestMnts,El_Nino,Fall,Dam_Present,5,24,0.20833333333333334
7096250,WestMnts,El_Nino,Spring,Dam_Present,3,24,0.125
7096250,WestMnts,El_Nino,Summer,Dam_Present,3,24,0.125
7096250,WestMnts,El_Nino,Winter,Dam_Present,2,24,0.08333333333333333
7096250,WestMnts,La_Nina,Fall,Dam_Present,4,15,0.26666666666666666
7096250,WestMnts,La_Nina,Spring,Dam_Present,3,15,0.2
7096250,WestMnts,La_Nina,Summer,Dam_Present,4,15,0.26666666666666666
7096250,WestMnts,Neutral,Spring,Dam_Present,1,5,0.2
7096250,WestMnts,Neutral,Summer,Dam_Present,1,5,0.2
7141770,WestPlains,El_Nino,Fall,Dam_Absent,3,24,0.125
7141770,WestPlains,El_Nino,Spring,Dam_Absent,3,24,0.125
7141770,WestPlains,El_Nino,Summer,Dam_Absent,4,24,0.16666666666666666
7141770,WestPlains,El_Nino,Winter,Dam_Absent,2,24,0.08333333333333333
7141770,WestPlains,La_Nina,Summer,Dam_Absent,1,15,0.06666666666666667
7141780,WestPlains,El_Nino,Spring,Dam_Absent,1,24,0.041666666666666664
7141780,WestPlains,El_Nino,Summer,Dam_Absent,7,24,0.2916666666666667
7141780,WestPlains,La_Nina,Summer,Dam_Absent,3,15,0.2
7141780,WestPlains,Neutral,Fall,Dam_Absent,1,5,0.2
7141780,WestPlains,Neutral,Spring,Dam_Absent,1,5,0.2
7141780,WestPlains,Neutral,Summer,Dam_Absent,2,5,0.4
7141900,WestPlains,El_Nino,Summer,Dam_Absent,2,24,0.08333333333333333
7141900,WestPlains,Neutral,Spring,Dam_Absent,1,5,0.2
7141900,WestPlains,Neutral,Summer,Dam_Absent,1,5,0.2
7142020,WestPlains,El_Nino,Summer,Dam_Absent,1,24,0.041666666666666664
7144100,WestPlains,El_Nino,Fall,Dam_Absent,3,24,0.125
7144100,WestPlains,El_Nino,Spring,Dam_Absent,5,24,0.20833333333333334
7144100,WestPlains,El_Nino,Summer,Dam_Absent,7,24,0.2916666666666667
7144100,WestPlains,El_Nino,Winter,Dam_Absent,1,24,0.041666666666666664
7144100,WestPlains,La_Nina,Fall,Dam_Absent,4,15,0.26666666666666666
7144100,WestPlains,La_Nina,Spring,Dam_Absent,2,15,0.13333333333333333
7144100,WestPlains,La_Nina,Summer,Dam_Absent,5,15,0.3333333333333333
7144100,WestPlains,La_Nina,Winter,Dam_Absent,4,15,0.26666666666666666
7144100,WestPlains,Neutral,Fall,Dam_Absent,2,5,0.4
7144100,WestPlains,Neutral,Spring,Dam_Absent,2,5,0.4
7144100,WestPlains,Neutral,Summer,Dam_Absent,2,5,0.4
7144100,WestPlains,Neutral,Winter,Dam_Absent,1,5,0.2
7144200,WestPlains,El_Nino,Fall,Dam_Absent,1,24,0.041666666666666664
7144200,WestPlains,El_Nino,Spring,Dam_Absent,2,24,0.08333333333333333
7144200,WestPlains,El_Nino,Summer,Dam_Absent,3,24,0.125
7144200,WestPlains,La_Nina,Fall,Dam_Absent,4,15,0.26666666666666666
7144200,WestPlains,La_Nina,Spring,Dam_Absent,2,15,0.13333333333333333
7144200,WestPlains,La_Nina,Summer,Dam_Absent,4,15,0.26666666666666666
7144200,WestPlains,La_Nina,Winter,Dam_Absent,2,15,0.13333333333333333
7144200,WestPlains,Neutral,Fall,Dam_Absent,1,5,0.2
7144200,WestPlains,Neutral,Spring,Dam_Absent,2,5,0.4
7144200,WestPlains,Neutral,Summer,Dam_Absent,3,5,0.6
7144200,WestPlains,Neutral,Winter,Dam_Absent,1,5,0.2
7144795,WestPlains,El_Nino,Fall,Dam_Present,4,24,0.16666666666666666
7144795,WestPlains,El_Nino,Spring,Dam_Present,3,24,0.125
7144795,WestPlains,El_Nino,Summer,Dam_Present,3,24,0.125
7144795,WestPlains,El_Nino,Winter,Dam_Present,1,24,0.041666666666666664
7144795,WestPlains,La_Nina,Fall,Dam_Present,1,15,0.06666666666666667
7144795,WestPlains,La_Nina,Spring,Dam_Present,1,15,0.06666666666666667
7144795,WestPlains,La_Nina,Summer,Dam_Present,4,15,0.26666666666666666
7144795,WestPlains,La_Nina,Winter,Dam_Present,1,15,0.06666666666666667
7144795,WestPlains,Neutral,Fall,Dam_Present,1,5,0.2
7144795,WestPlains,Neutral,Spring,Dam_Present,1,5,0.2
7144795,WestPlains,Neutral,Winter,Dam_Present,1,5,0.2
7145500,WestPlains,El_Nino,Fall,Dam_Absent,5,24,0.20833333333333334
7145500,WestPlains,El_Nino,Spring,Dam_Absent,7,24,0.2916666666666667
7145500,WestPlains,El_Nino,Summer,Dam_Absent,8,24,0.3333333333333333
7145500,WestPlains,El_Nino,Winter,Dam_Absent,4,24,0.16666666666666666
7145500,WestPlains,La_Nina,Fall,Dam_Absent,3,15,0.2
7145500,WestPlains,La_Nina,Spring,Dam_Absent,2,15,0.13333333333333333
7145500,WestPlains,La_Nina,Summer,Dam_Absent,6,15,0.4
7145500,WestPlains,La_Nina,Winter,Dam_Absent,1,15,0.06666666666666667
7145500,WestPlains,Neutral,Fall,Dam_Absent,1,5,0.2
7145500,WestPlains,Neutral,Spring,Dam_Absent,2,5,0.4
7145500,WestPlains,Neutral,Summer,Dam_Absent,3,5,0.6
7145500,WestPlains,Neutral,Winter,Dam_Absent,1,5,0.2
7147070,WestPlains,El_Nino,Fall,Dam_Present,4,24,0.16666666666666666
7147070,WestPlains,El_Nino,Spring,Dam_Present,8,24,0.3333333333333333
7147070,WestPlains,El_Nino,Summer,Dam_Present,6,24,0.25
7147070,WestPlains,El_Nino,Winter,Dam_Present,7,24,0.2916666666666667
7147070,WestPlains,La_Nina,Fall,Dam_Present,1,15,0.06666666666666667
7147070,WestPlains,La_Nina,Spring,Dam_Present,1,15,0.06666666666666667
7147070,WestPlains,La_Nina,Summer,Dam_Present,6,15,0.4
7147070,WestPlains,Neutral,Fall,Dam_Present,1,5,0.2
7147070,WestPlains,Neutral,Spring,Dam_Present,1,5,0.2
7147070,WestPlains,Neutral,Summer,Dam_Present,4,5,0.8
7147070,WestPlains,Neutral,Winter,Dam_Present,1,5,0.2
7147800,WestPlains,El_Nino,Fall,Dam_Absent,7,24,0.2916666666666667
7147800,WestPlains,El_Nino,Spring,Dam_Absent,5,24,0.20833333333333334
7147800,WestPlains,El_Nino,Summer,Dam_Absent,8,24,0.3333333333333333
7147800,WestPlains,El_Nino,Winter,Dam_Absent,2,24,0.08333333333333333
7147800,WestPlains,La_Nina,Fall,Dam_Absent,2,15,0.13333333333333333
7147800,WestPlains,La_Nina,Spring,Dam_Absent,4,15,0.26666666666666666
7147800,WestPlains,La_Nina,Summer,Dam_Absent,3,15,0.2
7147800,WestPlains,La_Nina,Winter,Dam_Absent,1,15,0.06666666666666667
7147800,WestPlains,Neutral,Fall,Dam_Absent,2,5,0.4
7147800,WestPlains,Neutral,Spring,Dam_Absent,2,5,0.4
7147800,WestPlains,Neutral,Summer,Dam_Absent,2,5,0.4
7149000,WestPlains,El_Nino,Fall,Dam_Absent,2,24,0.08333333333333333
7149000,WestPlains,El_Nino,Spring,Dam_Absent,3,24,0.125
7149000,WestPlains,El_Nino,Summer,Dam_Absent,8,24,0.3333333333333333
7149000,WestPlains,El_Nino,Winter,Dam_Absent,5,24,0.20833333333333334
7149000,WestPlains,La_Nina,Fall,Dam_Absent,1,15,0.06666666666666667
7149000,WestPlains,La_Nina,Spring,Dam_Absent,3,15,0.2
7149000,WestPlains,La_Nina,Summer,Dam_Absent,4,15,0.26666666666666666
7149000,WestPlains,La_Nina,Winter,Dam_Absent,1,15,0.06666666666666667
7149000,WestPlains,Neutral,Fall,Dam_Absent,2,5,0.4
7149000,WestPlains,Neutral,Spring,Dam_Absent,2,5,0.4
7149000,WestPlains,Neutral,Winter,Dam_Absent,1,5,0.2
7151000,WestPlains,El_Nino,Fall,Dam_Absent,2,24,0.08333333333333333
7151000,WestPlains,El_Nino,Spring,Dam_Absent,7,24,0.2916666666666667
7151000,WestPlains,El_Nino,Summer,Dam_Absent,5,24,0.20833333333333334
7151000,WestPlains,El_Nino,Winter,Dam_Absent,1,24,0.041666666666666664
7151000,WestPlains,La_Nina,Fall,Dam_Absent,2,15,0.13333333333333333
7151000,WestPlains,La_Nina,Spring,Dam_Absent,3,15,0.2
7151000,WestPlains,La_Nina,Summer,Dam_Absent,6,15,0.4
7151000,WestPlains,La_Nina,Winter,Dam_Absent,1,15,0.06666666666666667
7151000,WestPlains,Neutral,Fall,Dam_Absent,4,5,0.8
7151000,WestPlains,Neutral,Spring,Dam_Absent,2,5,0.4
7151000,WestPlains,Neutral,Summer,Dam_Absent,1,5,0.2
7151000,WestPlains,Neutral,Winter,Dam_Absent,1,5,0.2
7152000,WestPlains,El_Nino,Fall,Dam_Absent,7,24,0.2916666666666667
7152000,WestPlains,El_Nino,Spring,Dam_Absent,3,24,0.125
7152000,WestPlains,El_Nino,Summer,Dam_Absent,5,24,0.20833333333333334
7152000,WestPlains,El_Nino,Winter,Dam_Absent,2,24,0.08333333333333333
7152000,WestPlains,La_Nina,Fall,Dam_Absent,4,15,0.26666666666666666
7152000,WestPlains,La_Nina,Spring,Dam_Absent,2,15,0.13333333333333333
7152000,WestPlains,La_Nina,Summer,Dam_Absent,6,15,0.4
7152000,WestPlains,Neutral,Fall,Dam_Absent,4,5,0.8
7152000,WestPlains,Neutral,Spring,Dam_Absent,3,5,0.6
7152000,WestPlains,Neutral,Summer,Dam_Absent,4,5,0.8
7153000,WestPlains,El_Nino,Fall,Dam_Present,3,24,0.125
7153000,WestPlains,El_Nino,Spring,Dam_Present,8,24,0.3333333333333333
7153000,WestPlains,El_Nino,Summer,Dam_Present,7,24,0.2916666666666667
7153000,WestPlains,El_Nino,Winter,Dam_Present,1,24,0.041666666666666664
7153000,WestPlains,La_Nina,Fall,Dam_Present,3,15,0.2
7153000,WestPlains,La_Nina,Spring,Dam_Present,4,15,0.26666666666666666
7153000,WestPlains,La_Nina,Summer,Dam_Present,7,15,0.4666666666666667
7153000,WestPlains,La_Nina,Winter,Dam_Present,3,15,0.2
7153000,WestPlains,Neutral,Fall,Dam_Present,3,5,0.6
7153000,WestPlains,Neutral,Spring,Dam_Present,1,5,0.2
7153000,WestPlains,Neutral,Winter,Dam_Present,1,5,0.2
7156900,WestPlains,El_Nino,Fall,Dam_Absent,2,24,0.08333333333333333
7156900,WestPlains,El_Nino,Spring,Dam_Absent,1,24,0.041666666666666664
7156900,WestPlains,El_Nino,Summer,Dam_Absent,6,24,0.25
7156900,WestPlains,La_Nina,Fall,Dam_Absent,2,15,0.13333333333333333
7156900,WestPlains,La_Nina,Summer,Dam_Absent,4,15,0.26666666666666666
7156900,WestPlains,La_Nina,Winter,Dam_Absent,2,15,0.13333333333333333
7156900,WestPlains,Neutral,Fall,Dam_Absent,1,5,0.2
7156900,WestPlains,Neutral,Summer,Dam_Absent,3,5,0.6
7157950,WestPlains,El_Nino,Fall,Dam_Absent,3,24,0.125
7157950,WestPlains,El_Nino,Spring,Dam_Absent,3,24,0.125
7157950,WestPlains,El_Nino,Summer,Dam_Absent,6,24,0.25
7157950,WestPlains,La_Nina,Fall,Dam_Absent,1,15,0.06666666666666667
7157950,WestPlains,La_Nina,Spring,Dam_Absent,3,15,0.2
7157950,WestPlains,La_Nina,Summer,Dam_Absent,2,15,0.13333333333333333
7157950,WestPlains,La_Nina,Winter,Dam_Absent,1,15,0.06666666666666667
7157950,WestPlains,Neutral,Fall,Dam_Absent,1,5,0.2
7157950,WestPlains,Neutral,Spring,Dam_Absent,2,5,0.4
7157950,WestPlains,Neutral,Summer,Dam_Absent,2,5,0.4
7157950,WestPlains,Neutral,Winter,Dam_Absent,1,5,0.2
7158000,WestPlains,El_Nino,Fall,Dam_Absent,5,24,0.20833333333333334
7158000,WestPlains,El_Nino,Spring,Dam_Absent,7,24,0.2916666666666667
7158000,WestPlains,El_Nino,Summer,Dam_Absent,9,24,0.375
7158000,WestPlains,El_Nino,Winter,Dam_Absent,1,24,0.041666666666666664
7158000,WestPlains,La_Nina,Fall,Dam_Absent,2,15,0.13333333333333333
7158000,WestPlains,La_Nina,Spring,Dam_Absent,3,15,0.2
7158000,WestPlains,La_Nina,Summer,Dam_Absent,6,15,0.4
7158000,WestPlains,La_Nina,Winter,Dam_Absent,2,15,0.13333333333333333
7158000,WestPlains,Neutral,Fall,Dam_Absent,2,5,0.4
7158000,WestPlains,Neutral,Spring,Dam_Absent,3,5,0.6
7158000,WestPlains,Neutral,Summer,Dam_Absent,1,5,0.2
7166500,WestPlains,El_Nino,Fall,Dam_Absent,11,24,0.4583333333333333
7166500,WestPlains,El_Nino,Spring,Dam_Absent,6,24,0.25
7166500,WestPlains,El_Nino,Summer,Dam_Absent,7,24,0.2916666666666667
7166500,WestPlains,El_Nino,Winter,Dam_Absent,6,24,0.25
7166500,WestPlains,La_Nina,Fall,Dam_Absent,3,15,0.2
7166500,WestPlains,La_Nina,Spring,Dam_Absent,4,15,0.26666666666666666
7166500,WestPlains,La_Nina,Summer,Dam_Absent,6,15,0.4
7166500,WestPlains,La_Nina,Winter,Dam_Absent,2,15,0.13333333333333333
7166500,WestPlains,Neutral,Fall,Dam_Absent,1,5,0.2
7166500,WestPlains,Neutral,Spring,Dam_Absent,2,5,0.4
7166500,WestPlains,Neutral,Summer,Dam_Absent,3,5,0.6
7166500,WestPlains,Neutral,Winter,Dam_Absent,1,5,0.2
7169500,WestPlains,El_Nino,Fall,Dam_Absent,11,24,0.4583333333333333
7169500,WestPlains,El_Nino,Spring,Dam_Absent,6,24,0.25
7169500,WestPlains,El_Nino,Summer,Dam_Absent,12,24,0.5
7169500,WestPlains,El_Nino,Winter,Dam_Absent,7,24,0.2916666666666667
7169500,WestPlains,La_Nina,Fall,Dam_Absent,3,15,0.2
7169500,WestPlains,La_Nina,Spring,Dam_Absent,5,15,0.3333333333333333
7169500,WestPlains,La_Nina,Summer,Dam_Absent,8,15,0.5333333333333333
7169500,WestPlains,La_Nina,Winter,Dam_Absent,5,15,0.3333333333333333
7169500,WestPlains,Neutral,Fall,Dam_Absent,4,5,0.8
7169500,WestPlains,Neutral,Spring,Dam_Absent,1,5,0.2
7169500,WestPlains,Neutral,Summer,Dam_Absent,3,5,0.6
7169800,WestPlains,El_Nino,Fall,Dam_Present,1,24,0.041666666666666664
7169800,WestPlains,El_Nino,Spring,Dam_Present,5,24,0.20833333333333334
7169800,WestPlains,El_Nino,Summer,Dam_Present,3,24,0.125
7169800,WestPlains,La_Nina,Spring,Dam_Present,2,15,0.13333333333333333
7169800,WestPlains,La_Nina,Summer,Dam_Present,4,15,0.26666666666666666
7169800,WestPlains,Neutral,Spring,Dam_Present,1,5,0.2
7169800,WestPlains,Neutral,Summer,Dam_Present,1,5,0.2
7170060,WestPlains,El_Nino,Fall,Dam_Absent,3,24,0.125
7170060,WestPlains,El_Nino,Spring,Dam_Absent,1,24,0.041666666666666664
7170060,WestPlains,El_Nino,Summer,Dam_Absent,4,24,0.16666666666666666
7170060,WestPlains,El_Nino,Winter,Dam_Absent,2,24,0.08333333333333333
7170060,WestPlains,La_Nina,Spring,Dam_Absent,2,15,0.13333333333333333
7170060,WestPlains,Neutral,Fall,Dam_Absent,1,5,0.2
7170060,WestPlains,Neutral,Summer,Dam_Absent,1,5,0.2
7170500,WestPlains,El_Nino,Fall,Dam_Absent,11,24,0.4583333333333333
7170500,WestPlains,El_Nino,Spring,Dam_Absent,9,24,0.375
7170500,WestPlains,El_Nino,Summer,Dam_Absent,10,24,0.4166666666666667
7170500,WestPlains,El_Nino,Winter,Dam_Absent,5,24,0.20833333333333334
7170500,WestPlains,La_Nina,Fall,Dam_Absent,4,15,0.26666666666666666
7170500,WestPlains,La_Nina,Spring,Dam_Absent,4,15,0.26666666666666666
7170500,WestPlains,La_Nina,Summer,Dam_Absent,6,15,0.4
7170500,WestPlains,La_Nina,Winter,Dam_Absent,3,15,0.2
7170500,WestPlains,Neutral,Fall,Dam_Absent,2,5,0.4
7170500,WestPlains,Neutral,Spring,Dam_Absent,2,5,0.4
7170500,WestPlains,Neutral,Summer,Dam_Absent,2,5,0.4
7170500,WestPlains,Neutral,Winter,Dam_Absent,1,5,0.2
7170700,CntlPlains,El_Nino,Fall,Dam_Present,1,24,0.041666666666666664
7170700,CntlPlains,El_Nino,Spring,Dam_Present,6,24,0.25
7170700,CntlPlains,El_Nino,Summer,Dam_Present,1,24,0.041666666666666664
7170700,CntlPlains,El_Nino,Winter,Dam_Present,3,24,0.125
7170700,CntlPlains,La_Nina,Fall,Dam_Present,2,15,0.13333333333333333
7170700,CntlPlains,La_Nina,Spring,Dam_Present,2,15,0.13333333333333333
7170700,CntlPlains,Neutral,Spring,Dam_Present,1,5,0.2
7170990,WestPlains,El_Nino,Fall,Dam_Absent,6,24,0.25
7170990,WestPlains,El_Nino,Spring,Dam_Absent,5,24,0.20833333333333334
7170990,WestPlains,El_Nino,Summer,Dam_Absent,5,24,0.20833333333333334
7170990,WestPlains,El_Nino,Winter,Dam_Absent,5,24,0.20833333333333334
7170990,WestPlains,La_Nina,Fall,Dam_Absent,3,15,0.2
7170990,WestPlains,La_Nina,Spring,Dam_Absent,1,15,0.06666666666666667
7170990,WestPlains,La_Nina,Summer,Dam_Absent,5,15,0.3333333333333333
7170990,WestPlains,La_Nina,Winter,Dam_Absent,1,15,0.06666666666666667
7170990,WestPlains,Neutral,Fall,Dam_Absent,1,5,0.2
7170990,WestPlains,Neutral,Spring,Dam_Absent,1,5,0.2
7170990,WestPlains,Neutral,Summer,Dam_Absent,2,5,0.4
7170990,WestPlains,Neutral,Winter,Dam_Absent,2,5,0.4
7171000,WestPlains,El_Nino,Fall,Dam_Absent,8,24,0.3333333333333333
7171000,WestPlains,El_Nino,Spring,Dam_Absent,7,24,0.2916666666666667
7171000,WestPlains,El_Nino,Summer,Dam_Absent,9,24,0.375
7171000,WestPlains,El_Nino,Winter,Dam_Absent,4,24,0.16666666666666666
7171000,WestPlains,La_Nina,Fall,Dam_Absent,3,15,0.2
7171000,WestPlains,La_Nina,Spring,Dam_Absent,5,15,0.3333333333333333
7171000,WestPlains,La_Nina,Summer,Dam_Absent,7,15,0.4666666666666667
7171000,WestPlains,La_Nina,Winter,Dam_Absent,2,15,0.13333333333333333
7171000,WestPlains,Neutral,Fall,Dam_Absent,2,5,0.4
7171000,WestPlains,Neutral,Spring,Dam_Absent,1,5,0.2
7171000,WestPlains,Neutral,Summer,Dam_Absent,1,5,0.2
7172000,WestPlains,El_Nino,Fall,Dam_Absent,3,24,0.125
7172000,WestPlains,El_Nino,Spring,Dam_Absent,4,24,0.16666666666666666
7172000,WestPlains,El_Nino,Summer,Dam_Absent,6,24,0.25
7172000,WestPlains,La_Nina,Fall,Dam_Absent,1,15,0.06666666666666667
7172000,WestPlains,La_Nina,Spring,Dam_Absent,2,15,0.13333333333333333
7172000,WestPlains,La_Nina,Summer,Dam_Absent,4,15,0.26666666666666666
7172000,WestPlains,La_Nina,Winter,Dam_Absent,1,15,0.06666666666666667
7172000,WestPlains,Neutral,Spring,Dam_Absent,2,5,0.4
7172000,WestPlains,Neutral,Summer,Dam_Absent,1,5,0.2
7176000,CntlPlains,El_Nino,Fall,Dam_Present,6,24,0.25
7176000,CntlPlains,El_Nino,Spring,Dam_Present,8,24,0.3333333333333333
7176000,CntlPlains,El_Nino,Summer,Dam_Present,5,24,0.20833333333333334
7176000,CntlPlains,El_Nino,Winter,Dam_Present,5,24,0.20833333333333334
7176000,CntlPlains,La_Nina,Fall,Dam_Present,6,15,0.4
7176000,CntlPlains,La_Nina,Spring,Dam_Present,4,15,0.26666666666666666
7176000,CntlPlains,La_Nina,Summer,Dam_Present,6,15,0.4
7176000,CntlPlains,La_Nina,Winter,Dam_Present,6,15,0.4
7176000,CntlPlains,Neutral,Fall,Dam_Present,1,5,0.2
7176000,CntlPlains,Neutral,Spring,Dam_Present,1,5,0.2
7176000,CntlPlains,Neutral,Summer,Dam_Present,2,5,0.4
7177500,WestPlains,El_Nino,Fall,Dam_Present,8,24,0.3333333333333333
7177500,WestPlains,El_Nino,Spring,Dam_Present,11,24,0.4583333333333333
7177500,WestPlains,El_Nino,Summer,Dam_Present,10,24,0.4166666666666667
7177500,WestPlains,El_Nino,Winter,Dam_Present,6,24,0.25
7177500,WestPlains,La_Nina,Fall,Dam_Present,3,15,0.2
7177500,WestPlains,La_Nina,Spring,Dam_Present,2,15,0.13333333333333333
7177500,WestPlains,La_Nina,Summer,Dam_Present,9,15,0.6
7177500,WestPlains,La_Nina,Winter,Dam_Present,5,15,0.3333333333333333
7177500,WestPlains,Neutral,Fall,Dam_Present,1,5,0.2
7177500,WestPlains,Neutral,Spring,Dam_Present,1,5,0.2
7177500,WestPlains,Neutral,Summer,Dam_Present,2,5,0.4
7177500,WestPlains,Neutral,Winter,Dam_Present,1,5,0.2
7185000,CntlPlains,El_Nino,Fall,Dam_Absent,4,24,0.16666666666666666
7185000,CntlPlains,El_Nino,Spring,Dam_Absent,8,24,0.3333333333333333
7185000,CntlPlains,El_Nino,Summer,Dam_Absent,10,24,0.4166666666666667
7185000,CntlPlains,El_Nino,Winter,Dam_Absent,6,24,0.25
7185000,CntlPlains,La_Nina,Fall,Dam_Absent,4,15,0.26666666666666666
7185000,CntlPlains,La_Nina,Spring,Dam_Absent,2,15,0.13333333333333333
7185000,CntlPlains,La_Nina,Summer,Dam_Absent,2,15,0.13333333333333333
7185000,CntlPlains,La_Nina,Winter,Dam_Absent,3,15,0.2
7185000,CntlPlains,Neutral,Fall,Dam_Absent,1,5,0.2
7185000,CntlPlains,Neutral,Spring,Dam_Absent,1,5,0.2
7185000,CntlPlains,Neutral,Winter,Dam_Absent,2,5,0.4
7206000,WestMnts,El_Nino,Fall,Dam_Present,10,24,0.4166666666666667
7206000,WestMnts,El_Nino,Spring,Dam_Present,7,24,0.2916666666666667
7206000,WestMnts,El_Nino,Summer,Dam_Present,10,24,0.4166666666666667
7206000,WestMnts,El_Nino,Winter,Dam_Present,5,24,0.20833333333333334
7206000,WestMnts,La_Nina,Fall,Dam_Present,5,15,0.3333333333333333
7206000,WestMnts,La_Nina,Spring,Dam_Present,5,15,0.3333333333333333
7206000,WestMnts,La_Nina,Summer,Dam_Present,5,15,0.3333333333333333
7206000,WestMnts,La_Nina,Winter,Dam_Present,1,15,0.06666666666666667
7206000,WestMnts,Neutral,Fall,Dam_Present,1,5,0.2
7206000,WestMnts,Neutral,Spring,Dam_Present,1,5,0.2
7206000,WestMnts,Neutral,Summer,Dam_Present,2,5,0.4
7207000,WestMnts,El_Nino,Fall,Dam_Present,10,24,0.4166666666666667
7207000,WestMnts,El_Nino,Spring,Dam_Present,10,24,0.4166666666666667
7207000,WestMnts,El_Nino,Summer,Dam_Present,10,24,0.4166666666666667
7207000,WestMnts,El_Nino,Winter,Dam_Present,3,24,0.125
7207000,WestMnts,La_Nina,Fall,Dam_Present,7,15,0.4666666666666667
7207000,WestMnts,La_Nina,Spring,Dam_Present,5,15,0.3333333333333333
7207000,WestMnts,La_Nina,Summer,Dam_Present,3,15,0.2
7207000,WestMnts,La_Nina,Winter,Dam_Present,1,15,0.06666666666666667
7207000,WestMnts,Neutral,Fall,Dam_Present,1,5,0.2
7207000,WestMnts,Neutral,Spring,Dam_Present,1,5,0.2
7207000,WestMnts,Neutral,Summer,Dam_Present,3,5,0.6
7211000,WestMnts,El_Nino,Spring,Dam_Present,2,24,0.08333333333333333
7211000,WestMnts,El_Nino,Summer,Dam_Present,1,24,0.041666666666666664
7211000,WestMnts,La_Nina,Spring,Dam_Present,1,15,0.06666666666666667
7211000,WestMnts,La_Nina,Summer,Dam_Present,1,15,0.06666666666666667
7211500,WestMnts,El_Nino,Fall,Dam_Absent,3,24,0.125
7211500,WestMnts,El_Nino,Spring,Dam_Absent,4,24,0.16666666666666666
7211500,WestMnts,El_Nino,Summer,Dam_Absent,3,24,0.125
7211500,WestMnts,La_Nina,Fall,Dam_Absent,5,15,0.3333333333333333
7211500,WestMnts,La_Nina,Spring,Dam_Absent,3,15,0.2
7211500,WestMnts,La_Nina,Summer,Dam_Absent,6,15,0.4
7211500,WestMnts,Neutral,Fall,Dam_Absent,1,5,0.2
7211500,WestMnts,Neutral,Spring,Dam_Absent,1,5,0.2
7211500,WestMnts,Neutral,Summer,Dam_Absent,2,5,0.4
7218000,WestMnts,El_Nino,Fall,Dam_Present,3,24,0.125
7218000,WestMnts,El_Nino,Spring,Dam_Present,2,24,0.08333333333333333
7218000,WestMnts,El_Nino,Summer,Dam_Present,4,24,0.16666666666666666
7218000,WestMnts,El_Nino,Winter,Dam_Present,1,24,0.041666666666666664
7218000,WestMnts,La_Nina,Fall,Dam_Present,2,15,0.13333333333333333
7218000,WestMnts,La_Nina,Spring,Dam_Present,3,15,0.2
7218000,WestMnts,La_Nina,Summer,Dam_Present,4,15,0.26666666666666666
7218000,WestMnts,La_Nina,Winter,Dam_Present,2,15,0.13333333333333333
7218000,WestMnts,Neutral,Fall,Dam_Present,2,5,0.4
7218000,WestMnts,Neutral,Summer,Dam_Present,1,5,0.2
7221000,WestMnts,El_Nino,Summer,Dam_Absent,2,24,0.08333333333333333
7221000,WestMnts,El_Nino,Winter,Dam_Absent,2,24,0.08333333333333333
7221000,WestMnts,La_Nina,Spring,Dam_Absent,1,15,0.06666666666666667
7221000,WestMnts,La_Nina,Summer,Dam_Absent,1,15,0.06666666666666667
7227000,WestPlains,El_Nino,Fall,Dam_Present,4,24,0.16666666666666666
7227000,WestPlains,El_Nino,Spring,Dam_Present,5,24,0.20833333333333334
7227000,WestPlains,El_Nino,Summer,Dam_Present,7,24,0.2916666666666667
7227000,WestPlains,El_Nino,Winter,Dam_Present,4,24,0.16666666666666666
7227000,WestPlains,La_Nina,Fall,Dam_Present,8,15,0.5333333333333333
7227000,WestPlains,La_Nina,Spring,Dam_Present,7,15,0.4666666666666667
7227000,WestPlains,La_Nina,Summer,Dam_Present,5,15,0.3333333333333333
7227000,WestPlains,La_Nina,Winter,Dam_Present,4,15,0.26666666666666666
7227000,WestPlains,Neutral,Fall,Dam_Present,1,5,0.2
7227000,WestPlains,Neutral,Summer,Dam_Present,1,5,0.2
7227000,WestPlains,Neutral,Winter,Dam_Present,1,5,0.2
7227500,WestPlains,El_Nino,Fall,Dam_Absent,10,24,0.4166666666666667
7227500,WestPlains,El_Nino,Spring,Dam_Absent,8,24,0.3333333333333333
7227500,WestPlains,El_Nino,Summer,Dam_Absent,8,24,0.3333333333333333
7227500,WestPlains,El_Nino,Winter,Dam_Absent,2,24,0.08333333333333333
7227500,WestPlains,La_Nina,Fall,Dam_Absent,4,15,0.26666666666666666
7227500,WestPlains,La_Nina,Spring,Dam_Absent,2,15,0.13333333333333333
7227500,WestPlains,La_Nina,Summer,Dam_Absent,3,15,0.2
7227500,WestPlains,La_Nina,Winter,Dam_Absent,4,15,0.26666666666666666
7227500,WestPlains,Neutral,Fall,Dam_Absent,1,5,0.2
7227500,WestPlains,Neutral,Spring,Dam_Absent,2,5,0.4
7227500,WestPlains,Neutral,Summer,Dam_Absent,3,5,0.6
7227500,WestPlains,Neutral,Winter,Dam_Absent,2,5,0.4
7229300,WestPlains,El_Nino,Fall,Dam_Present,2,24,0.08333333333333333
7229300,WestPlains,El_Nino,Spring,Dam_Present,4,24,0.16666666666666666
7229300,WestPlains,El_Nino,Summer,Dam_Present,5,24,0.20833333333333334
7229300,WestPlains,El_Nino,Winter,Dam_Present,1,24,0.041666666666666664
7229300,WestPlains,La_Nina,Fall,Dam_Present,3,15,0.2
7229300,WestPlains,La_Nina,Spring,Dam_Present,4,15,0.26666666666666666
7229300,WestPlains,La_Nina,Summer,Dam_Present,1,15,0.06666666666666667
7229300,WestPlains,La_Nina,Winter,Dam_Present,4,15,0.26666666666666666
7230000,WestPlains,El_Nino,Fall,Dam_Present,5,24,0.20833333333333334
7230000,WestPlains,El_Nino,Spring,Dam_Present,5,24,0.20833333333333334
7230000,WestPlains,El_Nino,Summer,Dam_Present,7,24,0.2916666666666667
7230000,WestPlains,El_Nino,Winter,Dam_Present,4,24,0.16666666666666666
7230000,WestPlains,La_Nina,Fall,Dam_Present,3,15,0.2
7230000,WestPlains,La_Nina,Summer,Dam_Present,5,15,0.3333333333333333
7230000,WestPlains,La_Nina,Winter,Dam_Present,1,15,0.06666666666666667
7230000,WestPlains,Neutral,Spring,Dam_Present,1,5,0.2
7230000,WestPlains,Neutral,Winter,Dam_Present,1,5,0.2
7230500,WestPlains,El_Nino,Fall,Dam_Absent,5,24,0.20833333333333334
7230500,WestPlains,El_Nino,Spring,Dam_Absent,7,24,0.2916666666666667
7230500,WestPlains,El_Nino,Summer,Dam_Absent,5,24,0.20833333333333334
7230500,WestPlains,El_Nino,Winter,Dam_Absent,5,24,0.20833333333333334
7230500,WestPlains,La_Nina,Fall,Dam_Absent,5,15,0.3333333333333333
7230500,WestPlains,La_Nina,Spring,Dam_Absent,3,15,0.2
7230500,WestPlains,La_Nina,Summer,Dam_Absent,1,15,0.06666666666666667
7230500,WestPlains,La_Nina,Winter,Dam_Absent,4,15,0.26666666666666666
7230500,WestPlains,Neutral,Fall,Dam_Absent,1,5,0.2
7230500,WestPlains,Neutral,Spring,Dam_Absent,1,5,0.2
7230500,WestPlains,Neutral,Summer,Dam_Absent,1,5,0.2
7230500,WestPlains,Neutral,Winter,Dam_Absent,1,5,0.2
7231000,WestPlains,El_Nino,Fall,Dam_Absent,7,24,0.2916666666666667
7231000,WestPlains,El_Nino,Spring,Dam_Absent,7,24,0.2916666666666667
7231000,WestPlains,El_Nino,Summer,Dam_Absent,9,24,0.375
7231000,WestPlains,El_Nino,Winter,Dam_Absent,6,24,0.25
7231000,WestPlains,La_Nina,Fall,Dam_Absent,7,15,0.4666666666666667
7231000,WestPlains,La_Nina,Spring,Dam_Absent,4,15,0.26666666666666666
7231000,WestPlains,La_Nina,Summer,Dam_Absent,4,15,0.26666666666666666
7231000,WestPlains,La_Nina,Winter,Dam_Absent,3,15,0.2
7231000,WestPlains,Neutral,Fall,Dam_Absent,1,5,0.2
7231000,WestPlains,Neutral,Spring,Dam_Absent,2,5,0.4
7231000,WestPlains,Neutral,Winter,Dam_Absent,1,5,0.2
7233650,WestPlains,El_Nino,Fall,Dam_Absent,5,24,0.20833333333333334
7233650,WestPlains,El_Nino,Spring,Dam_Absent,2,24,0.08333333333333333
7233650,WestPlains,El_Nino,Winter,Dam_Absent,3,24,0.125
7233650,WestPlains,La_Nina,Spring,Dam_Absent,1,15,0.06666666666666667
7233650,WestPlains,La_Nina,Winter,Dam_Absent,1,15,0.06666666666666667
7234000,WestPlains,El_Nino,Spring,Dam_Absent,1,24,0.041666666666666664
7234000,WestPlains,La_Nina,Summer,Dam_Absent,2,15,0.13333333333333333
7237500,WestPlains,El_Nino,Fall,Dam_Absent,5,24,0.20833333333333334
7237500,WestPlains,El_Nino,Spring,Dam_Absent,2,24,0.08333333333333333
7237500,WestPlains,El_Nino,Summer,Dam_Absent,7,24,0.2916666666666667
7237500,WestPlains,El_Nino,Winter,Dam_Absent,2,24,0.08333333333333333
7237500,WestPlains,La_Nina,Fall,Dam_Absent,1,15,0.06666666666666667
7237500,WestPlains,La_Nina,Spring,Dam_Absent,2,15,0.13333333333333333
7237500,WestPlains,La_Nina,Summer,Dam_Absent,2,15,0.13333333333333333
7237500,WestPlains,La_Nina,Winter,Dam_Absent,2,15,0.13333333333333333
7237500,WestPlains,Neutral,Fall,Dam_Absent,2,5,0.4
7237500,WestPlains,Neutral,Spring,Dam_Absent,2,5,0.4
7237500,WestPlains,Neutral,Summer,Dam_Absent,1,5,0.2
7238000,WestPlains,El_Nino,Fall,Dam_Absent,5,24,0.20833333333333334
7238000,WestPlains,El_Nino,Spring,Dam_Absent,2,24,0.08333333333333333
7238000,WestPlains,El_Nino,Summer,Dam_Absent,3,24,0.125
7238000,WestPlains,El_Nino,Winter,Dam_Absent,1,24,0.041666666666666664
7238000,WestPlains,La_Nina,Fall,Dam_Absent,1,15,0.06666666666666667
7238000,WestPlains,La_Nina,Spring,Dam_Absent,3,15,0.2
7238000,WestPlains,La_Nina,Summer,Dam_Absent,4,15,0.26666666666666666
7238000,WestPlains,La_Nina,Winter,Dam_Absent,1,15,0.06666666666666667
7238000,WestPlains,Neutral,Fall,Dam_Absent,1,5,0.2
7238000,WestPlains,Neutral,Spring,Dam_Absent,4,5,0.8
7238000,WestPlains,Neutral,Summer,Dam_Absent,1,5,0.2
7239000,WestPlains,El_Nino,Summer,Dam_Present,1,24,0.041666666666666664
7239000,WestPlains,El_Nino,Winter,Dam_Present,1,24,0.041666666666666664
7239000,WestPlains,La_Nina,Fall,Dam_Present,3,15,0.2
7239300,WestPlains,El_Nino,Fall,Dam_Absent,4,24,0.16666666666666666
7239300,WestPlains,El_Nino,Spring,Dam_Absent,5,24,0.20833333333333334
7239300,WestPlains,El_Nino,Summer,Dam_Absent,6,24,0.25
7239300,WestPlains,El_Nino,Winter,Dam_Absent,4,24,0.16666666666666666
7239300,WestPlains,La_Nina,Fall,Dam_Absent,3,15,0.2
7239300,WestPlains,La_Nina,Spring,Dam_Absent,3,15,0.2
7239300,WestPlains,La_Nina,Summer,Dam_Absent,5,15,0.3333333333333333
7239300,WestPlains,La_Nina,Winter,Dam_Absent,2,15,0.13333333333333333
7239300,WestPlains,Neutral,Fall,Dam_Absent,2,5,0.4
7239300,WestPlains,Neutral,Spring,Dam_Absent,2,5,0.4
7239300,WestPlains,Neutral,Summer,Dam_Absent,2,5,0.4
7239300,WestPlains,Neutral,Winter,Dam_Absent,1,5,0.2
7239450,WestPlains,El_Nino,Fall,Dam_Absent,3,24,0.125
7239450,WestPlains,El_Nino,Summer,Dam_Absent,7,24,0.2916666666666667
7239450,WestPlains,El_Nino,Winter,Dam_Absent,3,24,0.125
7239450,WestPlains,La_Nina,Fall,Dam_Absent,4,15,0.26666666666666666
7239450,WestPlains,La_Nina,Summer,Dam_Absent,4,15,0.26666666666666666
7239450,WestPlains,La_Nina,Winter,Dam_Absent,4,15,0.26666666666666666
7239450,WestPlains,Neutral,Fall,Dam_Absent,3,5,0.6
7239450,WestPlains,Neutral,Spring,Dam_Absent,3,5,0.6
7239450,WestPlains,Neutral,Summer,Dam_Absent,1,5,0.2
7239450,WestPlains,Neutral,Winter,Dam_Absent,1,5,0.2
7239500,WestPlains,El_Nino,Spring,Dam_Absent,3,24,0.125
7239500,WestPlains,El_Nino,Summer,Dam_Absent,7,24,0.2916666666666667
7239500,WestPlains,La_Nina,Fall,Dam_Absent,1,15,0.06666666666666667
7239500,WestPlains,La_Nina,Spring,Dam_Absent,1,15,0.06666666666666667
7239500,WestPlains,La_Nina,Summer,Dam_Absent,4,15,0.26666666666666666
7239500,WestPlains,La_Nina,Winter,Dam_Absent,3,15,0.2
7239500,WestPlains,Neutral,Fall,Dam_Absent,3,5,0.6
7239500,WestPlains,Neutral,Spring,Dam_Absent,4,5,0.8
7239500,WestPlains,Neutral,Summer,Dam_Absent,1,5,0.2
7239500,WestPlains,Neutral,Winter,Dam_Absent,1,5,0.2
7239700,WestPlains,El_Nino,Fall,Dam_Absent,4,24,0.16666666666666666
7239700,WestPlains,El_Nino,Spring,Dam_Absent,4,24,0.16666666666666666
7239700,WestPlains,El_Nino,Summer,Dam_Absent,5,24,0.20833333333333334
7239700,WestPlains,El_Nino,Winter,Dam_Absent,1,24,0.041666666666666664
7239700,WestPlains,La_Nina,Fall,Dam_Absent,2,15,0.13333333333333333
7239700,WestPlains,La_Nina,Spring,Dam_Absent,1,15,0.06666666666666667
7239700,WestPlains,La_Nina,Summer,Dam_Absent,3,15,0.2
7239700,WestPlains,La_Nina,Winter,Dam_Absent,1,15,0.06666666666666667
7239700,WestPlains,Neutral,Fall,Dam_Absent,2,5,0.4
7239700,WestPlains,Neutral,Spring,Dam_Absent,1,5,0.2
7239700,WestPlains,Neutral,Winter,Dam_Absent,1,5,0.2
7241000,WestPlains,El_Nino,Fall,Dam_Present,6,24,0.25
7241000,WestPlains,El_Nino,Spring,Dam_Present,7,24,0.2916666666666667
7241000,WestPlains,El_Nino,Summer,Dam_Present,4,24,0.16666666666666666
7241000,WestPlains,La_Nina,Fall,Dam_Present,2,15,0.13333333333333333
7241000,WestPlains,La_Nina,Spring,Dam_Present,2,15,0.13333333333333333
7241000,WestPlains,La_Nina,Summer,Dam_Present,3,15,0.2
7241000,WestPlains,Neutral,Fall,Dam_Present,1,5,0.2
7241000,WestPlains,Neutral,Spring,Dam_Present,1,5,0.2
7241520,WestPlains,El_Nino,Fall,Dam_Absent,6,24,0.25
7241520,WestPlains,El_Nino,Spring,Dam_Absent,10,24,0.4166666666666667
7241520,WestPlains,El_Nino,Summer,Dam_Absent,5,24,0.20833333333333334
7241520,WestPlains,El_Nino,Winter,Dam_Absent,7,24,0.2916666666666667
7241520,WestPlains,La_Nina,Fall,Dam_Absent,4,15,0.26666666666666666
7241520,WestPlains,La_Nina,Summer,Dam_Absent,10,15,0.6666666666666666
7241520,WestPlains,La_Nina,Winter,Dam_Absent,6,15,0.4
7241520,WestPlains,Neutral,Fall,Dam_Absent,2,5,0.4
7241520,WestPlains,Neutral,Spring,Dam_Absent,1,5,0.2
7241520,WestPlains,Neutral,Summer,Dam_Absent,3,5,0.6
7241520,WestPlains,Neutral,Winter,Dam_Absent,2,5,0.4
7241550,WestPlains,El_Nino,Fall,Dam_Absent,10,24,0.4166666666666667
7241550,WestPlains,El_Nino,Spring,Dam_Absent,10,24,0.4166666666666667
7241550,WestPlains,El_Nino,Summer,Dam_Absent,6,24,0.25
7241550,WestPlains,El_Nino,Winter,Dam_Absent,7,24,0.2916666666666667
7241550,WestPlains,La_Nina,Fall,Dam_Absent,5,15,0.3333333333333333
7241550,WestPlains,La_Nina,Spring,Dam_Absent,1,15,0.06666666666666667
7241550,WestPlains,La_Nina,Summer,Dam_Absent,7,15,0.4666666666666667
7241550,WestPlains,La_Nina,Winter,Dam_Absent,5,15,0.3333333333333333
7241550,WestPlains,Neutral,Fall,Dam_Absent,2,5,0.4
7241550,WestPlains,Neutral,Spring,Dam_Absent,2,5,0.4
7241550,WestPlains,Neutral,Summer,Dam_Absent,2,5,0.4
7241550,WestPlains,Neutral,Winter,Dam_Absent,3,5,0.6
7241800,WestPlains,El_Nino,Fall,Dam_Absent,6,24,0.25
7241800,WestPlains,El_Nino,Spring,Dam_Absent,9,24,0.375
7241800,WestPlains,El_Nino,Summer,Dam_Absent,5,24,0.20833333333333334
7241800,WestPlains,El_Nino,Winter,Dam_Absent,8,24,0.3333333333333333
7241800,WestPlains,La_Nina,Fall,Dam_Absent,3,15,0.2
7241800,WestPlains,La_Nina,Spring,Dam_Absent,2,15,0.13333333333333333
7241800,WestPlains,La_Nina,Summer,Dam_Absent,5,15,0.3333333333333333
7241800,WestPlains,La_Nina,Winter,Dam_Absent,3,15,0.2
7241800,WestPlains,Neutral,Fall,Dam_Absent,2,5,0.4
7241800,WestPlains,Neutral,Spring,Dam_Absent,1,5,0.2
7241800,WestPlains,Neutral,Summer,Dam_Absent,1,5,0.2
7241800,WestPlains,Neutral,Winter,Dam_Absent,3,5,0.6
7242000,WestPlains,El_Nino,Fall,Dam_Absent,9,24,0.375
7242000,WestPlains,El_Nino,Spring,Dam_Absent,9,24,0.375
7242000,WestPlains,El_Nino,Summer,Dam_Absent,3,24,0.125
7242000,WestPlains,El_Nino,Winter,Dam_Absent,1,24,0.041666666666666664
7242000,WestPlains,La_Nina,Fall,Dam_Absent,3,15,0.2
7242000,WestPlains,La_Nina,Spring,Dam_Absent,4,15,0.26666666666666666
7242000,WestPlains,La_Nina,Summer,Dam_Absent,5,15,0.3333333333333333
7242000,WestPlains,La_Nina,Winter,Dam_Absent,4,15,0.26666666666666666
7242000,WestPlains,Neutral,Fall,Dam_Absent,1,5,0.2
7242000,WestPlains,Neutral,Spring,Dam_Absent,2,5,0.4
7242000,WestPlains,Neutral,Summer,Dam_Absent,1,5,0.2
7242380,WestPlains,El_Nino,Fall,Dam_Present,8,24,0.3333333333333333
7242380,WestPlains,El_Nino,Spring,Dam_Present,10,24,0.4166666666666667
7242380,WestPlains,El_Nino,Summer,Dam_Present,7,24,0.2916666666666667
7242380,WestPlains,El_Nino,Winter,Dam_Present,4,24,0.16666666666666666
7242380,WestPlains,La_Nina,Fall,Dam_Present,1,15,0.06666666666666667
7242380,WestPlains,La_Nina,Spring,Dam_Present,3,15,0.2
7242380,WestPlains,La_Nina,Summer,Dam_Present,7,15,0.4666666666666667
7242380,WestPlains,La_Nina,Winter,Dam_Present,2,15,0.13333333333333333
7242380,WestPlains,Neutral,Fall,Dam_Present,1,5,0.2
7242380,WestPlains,Neutral,Spring,Dam_Present,2,5,0.4
7242380,WestPlains,Neutral,Summer,Dam_Present,3,5,0.6
7242380,WestPlains,Neutral,Winter,Dam_Present,1,5,0.2
7243500,WestPlains,El_Nino,Fall,Dam_Present,11,24,0.4583333333333333
7243500,WestPlains,El_Nino,Spring,Dam_Present,12,24,0.5
7243500,WestPlains,El_Nino,Summer,Dam_Present,8,24,0.3333333333333333
7243500,WestPlains,El_Nino,Winter,Dam_Present,5,24,0.20833333333333334
7243500,WestPlains,La_Nina,Fall,Dam_Present,3,15,0.2
7243500,WestPlains,La_Nina,Spring,Dam_Present,2,15,0.13333333333333333
7243500,WestPlains,La_Nina,Summer,Dam_Present,6,15,0.4
7243500,WestPlains,La_Nina,Winter,Dam_Present,3,15,0.2
7243500,WestPlains,Neutral,Fall,Dam_Present,2,5,0.4
7243500,WestPlains,Neutral,Spring,Dam_Present,2,5,0.4
7243500,WestPlains,Neutral,Summer,Dam_Present,1,5,0.2
7258500,EastHghlnds,El_Nino,Fall,Dam_Present,3,24,0.125
7258500,EastHghlnds,El_Nino,Spring,Dam_Present,9,24,0.375
7258500,EastHghlnds,El_Nino,Summer,Dam_Present,6,24,0.25
7258500,EastHghlnds,El_Nino,Winter,Dam_Present,5,24,0.20833333333333334
7258500,EastHghlnds,La_Nina,Fall,Dam_Present,8,15,0.5333333333333333
7258500,EastHghlnds,La_Nina,Spring,Dam_Present,2,15,0.13333333333333333
7258500,EastHghlnds,La_Nina,Summer,Dam_Present,2,15,0.13333333333333333
7258500,EastHghlnds,La_Nina,Winter,Dam_Present,6,15,0.4
7258500,EastHghlnds,Neutral,Spring,Dam_Present,1,5,0.2
7263012,EastHghlnds,El_Nino,Fall,Dam_Present,6,24,0.25
7263012,EastHghlnds,El_Nino,Spring,Dam_Present,7,24,0.2916666666666667
7263012,EastHghlnds,El_Nino,Summer,Dam_Present,8,24,0.3333333333333333
7263012,EastHghlnds,El_Nino,Winter,Dam_Present,4,24,0.16666666666666666
7263012,EastHghlnds,La_Nina,Fall,Dam_Present,3,15,0.2
7263012,EastHghlnds,La_Nina,Spring,Dam_Present,1,15,0.06666666666666667
7263012,EastHghlnds,La_Nina,Summer,Dam_Present,1,15,0.06666666666666667
7263012,EastHghlnds,La_Nina,Winter,Dam_Present,3,15,0.2
7263012,EastHghlnds,Neutral,Spring,Dam_Present,2,5,0.4
7281600,SEPlains,El_Nino,Fall,Dam_Absent,4,24,0.16666666666666666
7281600,SEPlains,El_Nino,Spring,Dam_Absent,4,24,0.16666666666666666
7281600,SEPlains,El_Nino,Summer,Dam_Absent,2,24,0.08333333333333333
7281600,SEPlains,El_Nino,Winter,Dam_Absent,7,24,0.2916666666666667
7281600,SEPlains,La_Nina,Fall,Dam_Absent,2,15,0.13333333333333333
7281600,SEPlains,La_Nina,Spring,Dam_Absent,7,15,0.4666666666666667
7281600,SEPlains,La_Nina,Summer,Dam_Absent,6,15,0.4
7281600,SEPlains,La_Nina,Winter,Dam_Absent,3,15,0.2
7281600,SEPlains,Neutral,Fall,Dam_Absent,1,5,0.2
7281600,SEPlains,Neutral,Spring,Dam_Absent,1,5,0.2
7285500,SEPlains,El_Nino,Fall,Dam_Present,5,24,0.20833333333333334
7285500,SEPlains,El_Nino,Spring,Dam_Present,2,24,0.08333333333333333
7285500,SEPlains,El_Nino,Summer,Dam_Present,2,24,0.08333333333333333
7285500,SEPlains,El_Nino,Winter,Dam_Present,7,24,0.2916666666666667
7285500,SEPlains,La_Nina,Fall,Dam_Present,4,15,0.26666666666666666
7285500,SEPlains,La_Nina,Spring,Dam_Present,6,15,0.4
7285500,SEPlains,La_Nina,Summer,Dam_Present,5,15,0.3333333333333333
7285500,SEPlains,La_Nina,Winter,Dam_Present,5,15,0.3333333333333333
7285500,SEPlains,Neutral,Fall,Dam_Present,2,5,0.4
7285500,SEPlains,Neutral,Spring,Dam_Present,2,5,0.4
7285500,SEPlains,Neutral,Summer,Dam_Present,3,5,0.6
7287150,SEPlains,El_Nino,Fall,Dam_Present,4,24,0.16666666666666666
7287150,SEPlains,El_Nino,Spring,Dam_Present,7,24,0.2916666666666667
7287150,SEPlains,El_Nino,Summer,Dam_Present,1,24,0.041666666666666664
7287150,SEPlains,El_Nino,Winter,Dam_Present,4,24,0.16666666666666666
7287150,SEPlains,La_Nina,Fall,Dam_Present,6,15,0.4
7287150,SEPlains,La_Nina,Spring,Dam_Present,3,15,0.2
7287150,SEPlains,La_Nina,Summer,Dam_Present,4,15,0.26666666666666666
7287150,SEPlains,La_Nina,Winter,Dam_Present,2,15,0.13333333333333333
7287150,SEPlains,Neutral,Winter,Dam_Present,1,5,0.2
7287160,SEPlains,El_Nino,Fall,Dam_Absent,5,24,0.20833333333333334
7287160,SEPlains,El_Nino,Spring,Dam_Absent,6,24,0.25
7287160,SEPlains,El_Nino,Summer,Dam_Absent,2,24,0.08333333333333333
7287160,SEPlains,El_Nino,Winter,Dam_Absent,3,24,0.125
7287160,SEPlains,La_Nina,Fall,Dam_Absent,6,15,0.4
7287160,SEPlains,La_Nina,Spring,Dam_Absent,6,15,0.4
7287160,SEPlains,La_Nina,Summer,Dam_Absent,6,15,0.4
7287160,SEPlains,La_Nina,Winter,Dam_Absent,3,15,0.2
7288955,SECstPlain,El_Nino,Fall,Dam_Absent,2,24,0.08333333333333333
7288955,SECstPlain,El_Nino,Spring,Dam_Absent,3,24,0.125
7288955,SECstPlain,El_Nino,Summer,Dam_Absent,2,24,0.08333333333333333
7288955,SECstPlain,El_Nino,Winter,Dam_Absent,2,24,0.08333333333333333
7288955,SECstPlain,La_Nina,Fall,Dam_Absent,1,15,0.06666666666666667
7288955,SECstPlain,La_Nina,Spring,Dam_Absent,1,15,0.06666666666666667
7288955,SECstPlain,La_Nina,Summer,Dam_Absent,2,15,0.13333333333333333
7288955,SECstPlain,La_Nina,Winter,Dam_Absent,1,15,0.06666666666666667
7289730,SEPlains,El_Nino,Fall,Dam_Absent,7,24,0.2916666666666667
7289730,SEPlains,El_Nino,Spring,Dam_Absent,11,24,0.4583333333333333
7289730,SEPlains,El_Nino,Summer,Dam_Absent,6,24,0.25
7289730,SEPlains,El_Nino,Winter,Dam_Absent,2,24,0.08333333333333333
7289730,SEPlains,La_Nina,Fall,Dam_Absent,2,15,0.13333333333333333
7289730,SEPlains,La_Nina,Spring,Dam_Absent,3,15,0.2
7289730,SEPlains,La_Nina,Summer,Dam_Absent,4,15,0.26666666666666666
7289730,SEPlains,La_Nina,Winter,Dam_Absent,6,15,0.4
7289730,SEPlains,Neutral,Summer,Dam_Absent,3,5,0.6
7297910,WestPlains,El_Nino,Fall,Dam_Absent,3,24,0.125
7297910,WestPlains,El_Nino,Spring,Dam_Absent,2,24,0.08333333333333333
7297910,WestPlains,El_Nino,Summer,Dam_Absent,1,24,0.041666666666666664
7297910,WestPlains,El_Nino,Winter,Dam_Absent,2,24,0.08333333333333333
7297910,WestPlains,La_Nina,Fall,Dam_Absent,7,15,0.4666666666666667
7297910,WestPlains,La_Nina,Spring,Dam_Absent,4,15,0.26666666666666666
7297910,WestPlains,La_Nina,Summer,Dam_Absent,4,15,0.26666666666666666
7297910,WestPlains,La_Nina,Winter,Dam_Absent,3,15,0.2
7297910,WestPlains,Neutral,Fall,Dam_Absent,1,5,0.2
7297910,WestPlains,Neutral,Spring,Dam_Absent,3,5,0.6
7297910,WestPlains,Neutral,Summer,Dam_Absent,1,5,0.2
7297910,WestPlains,Neutral,Winter,Dam_Absent,1,5,0.2
7298500,WestPlains,La_Nina,Summer,Dam_Absent,1,15,0.06666666666666667
7299540,WestPlains,El_Nino,Fall,Dam_Absent,10,24,0.4166666666666667
7299540,WestPlains,El_Nino,Spring,Dam_Absent,5,24,0.20833333333333334
7299540,WestPlains,El_Nino,Summer,Dam_Absent,6,24,0.25
7299540,WestPlains,El_Nino,Winter,Dam_Absent,4,24,0.16666666666666666
7299540,WestPlains,La_Nina,Fall,Dam_Absent,5,15,0.3333333333333333
7299540,WestPlains,La_Nina,Spring,Dam_Absent,6,15,0.4
7299540,WestPlains,La_Nina,Summer,Dam_Absent,5,15,0.3333333333333333
7299540,WestPlains,La_Nina,Winter,Dam_Absent,3,15,0.2
7299540,WestPlains,Neutral,Fall,Dam_Absent,2,5,0.4
7299540,WestPlains,Neutral,Spring,Dam_Absent,1,5,0.2
7299540,WestPlains,Neutral,Summer,Dam_Absent,1,5,0.2
7299540,WestPlains,Neutral,Winter,Dam_Absent,1,5,0.2
7300000,WestPlains,El_Nino,Fall,Dam_Absent,1,24,0.041666666666666664
7300000,WestPlains,El_Nino,Spring,Dam_Absent,1,24,0.041666666666666664
7300000,WestPlains,El_Nino,Summer,Dam_Absent,4,24,0.16666666666666666
7300000,WestPlains,El_Nino,Winter,Dam_Absent,1,24,0.041666666666666664
7300000,WestPlains,La_Nina,Fall,Dam_Absent,1,15,0.06666666666666667
7300000,WestPlains,La_Nina,Spring,Dam_Absent,2,15,0.13333333333333333
7300000,WestPlains,La_Nina,Summer,Dam_Absent,3,15,0.2
7300000,WestPlains,La_Nina,Winter,Dam_Absent,1,15,0.06666666666666667
7300000,WestPlains,Neutral,Spring,Dam_Absent,2,5,0.4
7300000,WestPlains,Neutral,Summer,Dam_Absent,2,5,0.4
7300000,WestPlains,Neutral,Winter,Dam_Absent,1,5,0.2
7300500,WestPlains,El_Nino,Fall,Dam_Absent,1,24,0.041666666666666664
7300500,WestPlains,El_Nino,Spring,Dam_Absent,2,24,0.08333333333333333
7300500,WestPlains,El_Nino,Summer,Dam_Absent,1,24,0.041666666666666664
7300500,WestPlains,El_Nino,Winter,Dam_Absent,1,24,0.041666666666666664
7300500,WestPlains,La_Nina,Spring,Dam_Absent,3,15,0.2
7300500,WestPlains,La_Nina,Summer,Dam_Absent,2,15,0.13333333333333333
7300500,WestPlains,La_Nina,Winter,Dam_Absent,1,15,0.06666666666666667
7301110,WestPlains,El_Nino,Fall,Dam_Absent,1,24,0.041666666666666664
7301110,WestPlains,El_Nino,Spring,Dam_Absent,3,24,0.125
7301110,WestPlains,El_Nino,Summer,Dam_Absent,5,24,0.20833333333333334
7301110,WestPlains,La_Nina,Fall,Dam_Absent,3,15,0.2
7301110,WestPlains,La_Nina,Spring,Dam_Absent,2,15,0.13333333333333333
7301110,WestPlains,La_Nina,Summer,Dam_Absent,3,15,0.2
7301110,WestPlains,La_Nina,Winter,Dam_Absent,2,15,0.13333333333333333
7301110,WestPlains,Neutral,Summer,Dam_Absent,3,5,0.6
7301300,WestPlains,El_Nino,Fall,Dam_Absent,1,24,0.041666666666666664
7301300,WestPlains,El_Nino,Spring,Dam_Absent,2,24,0.08333333333333333
7301300,WestPlains,El_Nino,Summer,Dam_Absent,2,24,0.08333333333333333
7301300,WestPlains,El_Nino,Winter,Dam_Absent,3,24,0.125
7301300,WestPlains,La_Nina,Spring,Dam_Absent,1,15,0.06666666666666667
7301300,WestPlains,La_Nina,Summer,Dam_Absent,1,15,0.06666666666666667
7301300,WestPlains,La_Nina,Winter,Dam_Absent,1,15,0.06666666666666667
7301300,WestPlains,Neutral,Spring,Dam_Absent,3,5,0.6
7301300,WestPlains,Neutral,Summer,Dam_Absent,3,5,0.6
7301300,WestPlains,Neutral,Winter,Dam_Absent,1,5,0.2
7303000,WestPlains,El_Nino,Fall,Dam_Present,4,24,0.16666666666666666
7303000,WestPlains,El_Nino,Summer,Dam_Present,8,24,0.3333333333333333
7303000,WestPlains,El_Nino,Winter,Dam_Present,2,24,0.08333333333333333
7303000,WestPlains,La_Nina,Fall,Dam_Present,4,15,0.26666666666666666
7303000,WestPlains,La_Nina,Spring,Dam_Present,1,15,0.06666666666666667
7303000,WestPlains,La_Nina,Summer,Dam_Present,5,15,0.3333333333333333
7303000,WestPlains,La_Nina,Winter,Dam_Present,4,15,0.26666666666666666
7303000,WestPlains,Neutral,Fall,Dam_Present,1,5,0.2
7303000,WestPlains,Neutral,Summer,Dam_Present,2,5,0.4
7305000,WestPlains,El_Nino,Fall,Dam_Absent,2,24,0.08333333333333333
7305000,WestPlains,El_Nino,Spring,Dam_Absent,4,24,0.16666666666666666
7305000,WestPlains,El_Nino,Summer,Dam_Absent,6,24,0.25
7305000,WestPlains,El_Nino,Winter,Dam_Absent,1,24,0.041666666666666664
7305000,WestPlains,La_Nina,Fall,Dam_Absent,5,15,0.3333333333333333
7305000,WestPlains,La_Nina,Spring,Dam_Absent,4,15,0.26666666666666666
7305000,WestPlains,La_Nina,Summer,Dam_Absent,4,15,0.26666666666666666
7305000,WestPlains,La_Nina,Winter,Dam_Absent,5,15,0.3333333333333333
7305000,WestPlains,Neutral,Fall,Dam_Absent,3,5,0.6
7305000,WestPlains,Neutral,Spring,Dam_Absent,1,5,0.2
7305000,WestPlains,Neutral,Summer,Dam_Absent,2,5,0.4
7307028,WestPlains,El_Nino,Fall,Dam_Absent,3,24,0.125
7307028,WestPlains,El_Nino,Spring,Dam_Absent,4,24,0.16666666666666666
7307028,WestPlains,El_Nino,Summer,Dam_Absent,6,24,0.25
7307028,WestPlains,La_Nina,Fall,Dam_Absent,4,15,0.26666666666666666
7307028,WestPlains,La_Nina,Spring,Dam_Absent,5,15,0.3333333333333333
7307028,WestPlains,La_Nina,Summer,Dam_Absent,3,15,0.2
7307028,WestPlains,La_Nina,Winter,Dam_Absent,1,15,0.06666666666666667
7307028,WestPlains,Neutral,Fall,Dam_Absent,3,5,0.6
7307028,WestPlains,Neutral,Spring,Dam_Absent,2,5,0.4
7307028,WestPlains,Neutral,Summer,Dam_Absent,4,5,0.8
7307800,WestPlains,El_Nino,Fall,Dam_Absent,4,24,0.16666666666666666
7307800,WestPlains,El_Nino,Spring,Dam_Absent,5,24,0.20833333333333334
7307800,WestPlains,El_Nino,Summer,Dam_Absent,5,24,0.20833333333333334
7307800,WestPlains,El_Nino,Winter,Dam_Absent,1,24,0.041666666666666664
7307800,WestPlains,La_Nina,Fall,Dam_Absent,2,15,0.13333333333333333
7307800,WestPlains,La_Nina,Spring,Dam_Absent,4,15,0.26666666666666666
7307800,WestPlains,La_Nina,Winter,Dam_Absent,1,15,0.06666666666666667
7308200,WestPlains,El_Nino,Fall,Dam_Absent,1,24,0.041666666666666664
7308200,WestPlains,El_Nino,Spring,Dam_Absent,1,24,0.041666666666666664
7308200,WestPlains,El_Nino,Winter,Dam_Absent,1,24,0.041666666666666664
7308200,WestPlains,La_Nina,Spring,Dam_Absent,4,15,0.26666666666666666
7308200,WestPlains,La_Nina,Summer,Dam_Absent,1,15,0.06666666666666667
7308200,WestPlains,Neutral,Fall,Dam_Absent,3,5,0.6
7308200,WestPlains,Neutral,Spring,Dam_Absent,3,5,0.6
7311900,WestPlains,El_Nino,Fall,Dam_Present,4,24,0.16666666666666666
7311900,WestPlains,El_Nino,Spring,Dam_Present,5,24,0.20833333333333334
7311900,WestPlains,El_Nino,Summer,Dam_Present,4,24,0.16666666666666666
7311900,WestPlains,El_Nino,Winter,Dam_Present,5,24,0.20833333333333334
7311900,WestPlains,La_Nina,Fall,Dam_Present,3,15,0.2
7311900,WestPlains,La_Nina,Spring,Dam_Present,4,15,0.26666666666666666
7311900,WestPlains,La_Nina,Summer,Dam_Present,6,15,0.4
7311900,WestPlains,La_Nina,Winter,Dam_Present,2,15,0.13333333333333333
7311900,WestPlains,Neutral,Fall,Dam_Present,2,5,0.4
7311900,WestPlains,Neutral,Spring,Dam_Present,2,5,0.4
7311900,WestPlains,Neutral,Summer,Dam_Present,1,5,0.2
7311900,WestPlains,Neutral,Winter,Dam_Present,2,5,0.4
7312100,WestPlains,El_Nino,Fall,Dam_Present,9,24,0.375
7312100,WestPlains,El_Nino,Spring,Dam_Present,5,24,0.20833333333333334
7312100,WestPlains,El_Nino,Summer,Dam_Present,8,24,0.3333333333333333
7312100,WestPlains,El_Nino,Winter,Dam_Present,9,24,0.375
7312100,WestPlains,La_Nina,Fall,Dam_Present,5,15,0.3333333333333333
7312100,WestPlains,La_Nina,Spring,Dam_Present,5,15,0.3333333333333333
7312100,WestPlains,La_Nina,Summer,Dam_Present,4,15,0.26666666666666666
7312100,WestPlains,La_Nina,Winter,Dam_Present,4,15,0.26666666666666666
7312100,WestPlains,Neutral,Fall,Dam_Present,1,5,0.2
7312100,WestPlains,Neutral,Spring,Dam_Present,2,5,0.4
7312100,WestPlains,Neutral,Summer,Dam_Present,3,5,0.6
7312100,WestPlains,Neutral,Winter,Dam_Present,1,5,0.2
7312200,WestPlains,El_Nino,Fall,Dam_Present,1,24,0.041666666666666664
7312200,WestPlains,El_Nino,Spring,Dam_Present,4,24,0.16666666666666666
7312200,WestPlains,El_Nino,Summer,Dam_Present,1,24,0.041666666666666664
7312200,WestPlains,El_Nino,Winter,Dam_Present,2,24,0.08333333333333333
7312200,WestPlains,La_Nina,Fall,Dam_Present,3,15,0.2
7312200,WestPlains,La_Nina,Spring,Dam_Present,1,15,0.06666666666666667
7312200,WestPlains,La_Nina,Summer,Dam_Present,4,15,0.26666666666666666
7312200,WestPlains,La_Nina,Winter,Dam_Present,2,15,0.13333333333333333
7312200,WestPlains,Neutral,Fall,Dam_Present,1,5,0.2
7312200,WestPlains,Neutral,Spring,Dam_Present,3,5,0.6
7312200,WestPlains,Neutral,Summer,Dam_Present,2,5,0.4
7312200,WestPlains,Neutral,Winter,Dam_Present,2,5,0.4
7312500,WestPlains,El_Nino,Fall,Dam_Absent,2,24,0.08333333333333333
7312500,WestPlains,El_Nino,Spring,Dam_Absent,2,24,0.08333333333333333
7312500,WestPlains,El_Nino,Summer,Dam_Absent,3,24,0.125
7312500,WestPlains,El_Nino,Winter,Dam_Absent,3,24,0.125
7312500,WestPlains,La_Nina,Fall,Dam_Absent,1,15,0.06666666666666667
7312500,WestPlains,La_Nina,Spring,Dam_Absent,1,15,0.06666666666666667
7312500,WestPlains,La_Nina,Winter,Dam_Absent,2,15,0.13333333333333333
7312500,WestPlains,Neutral,Fall,Dam_Absent,2,5,0.4
7312500,WestPlains,Neutral,Spring,Dam_Absent,2,5,0.4
7312500,WestPlains,Neutral,Summer,Dam_Absent,3,5,0.6
7312700,WestPlains,El_Nino,Fall,Dam_Absent,7,24,0.2916666666666667
7312700,WestPlains,El_Nino,Spring,Dam_Absent,8,24,0.3333333333333333
7312700,WestPlains,El_Nino,Summer,Dam_Absent,4,24,0.16666666666666666
7312700,WestPlains,El_Nino,Winter,Dam_Absent,7,24,0.2916666666666667
7312700,WestPlains,La_Nina,Fall,Dam_Absent,2,15,0.13333333333333333
7312700,WestPlains,La_Nina,Summer,Dam_Absent,1,15,0.06666666666666667
7312700,WestPlains,Neutral,Fall,Dam_Absent,2,5,0.4
7312700,WestPlains,Neutral,Spring,Dam_Absent,2,5,0.4
7312700,WestPlains,Neutral,Summer,Dam_Absent,4,5,0.8
7312700,WestPlains,Neutral,Winter,Dam_Absent,2,5,0.4
7314500,WestPlains,El_Nino,Spring,Dam_Absent,1,24,0.041666666666666664
7314500,WestPlains,La_Nina,Spring,Dam_Absent,1,15,0.06666666666666667
7314500,WestPlains,Neutral,Spring,Dam_Absent,1,5,0.2
7315700,WestPlains,El_Nino,Fall,Dam_Absent,8,24,0.3333333333333333
7315700,WestPlains,El_Nino,Spring,Dam_Absent,4,24,0.16666666666666666
7315700,WestPlains,El_Nino,Summer,Dam_Absent,1,24,0.041666666666666664
7315700,WestPlains,El_Nino,Winter,Dam_Absent,3,24,0.125
7315700,WestPlains,La_Nina,Fall,Dam_Absent,4,15,0.26666666666666666
7315700,WestPlains,La_Nina,Spring,Dam_Absent,2,15,0.13333333333333333
7315700,WestPlains,La_Nina,Summer,Dam_Absent,2,15,0.13333333333333333
7315700,WestPlains,La_Nina,Winter,Dam_Absent,1,15,0.06666666666666667
7315700,WestPlains,Neutral,Spring,Dam_Absent,1,5,0.2
7316500,WestPlains,El_Nino,Fall,Dam_Present,1,24,0.041666666666666664
7316500,WestPlains,El_Nino,Spring,Dam_Present,7,24,0.2916666666666667
7316500,WestPlains,La_Nina,Spring,Dam_Present,4,15,0.26666666666666666
7316500,WestPlains,La_Nina,Summer,Dam_Present,1,15,0.06666666666666667
7316500,WestPlains,Neutral,Spring,Dam_Present,2,5,0.4
7324200,WestPlains,El_Nino,Fall,Dam_Absent,2,24,0.08333333333333333
7324200,WestPlains,El_Nino,Spring,Dam_Absent,3,24,0.125
7324200,WestPlains,El_Nino,Summer,Dam_Absent,3,24,0.125
7324200,WestPlains,El_Nino,Winter,Dam_Absent,1,24,0.041666666666666664
7324200,WestPlains,La_Nina,Fall,Dam_Absent,1,15,0.06666666666666667
7324200,WestPlains,La_Nina,Spring,Dam_Absent,3,15,0.2
7324200,WestPlains,La_Nina,Summer,Dam_Absent,1,15,0.06666666666666667
7324200,WestPlains,Neutral,Fall,Dam_Absent,1,5,0.2
7324200,WestPlains,Neutral,Spring,Dam_Absent,1,5,0.2
7324200,WestPlains,Neutral,Summer,Dam_Absent,2,5,0.4
7324400,WestPlains,El_Nino,Fall,Dam_Present,6,24,0.25
7324400,WestPlains,El_Nino,Spring,Dam_Present,3,24,0.125
7324400,WestPlains,El_Nino,Summer,Dam_Present,4,24,0.16666666666666666
7324400,WestPlains,El_Nino,Winter,Dam_Present,2,24,0.08333333333333333
7324400,WestPlains,La_Nina,Fall,Dam_Present,5,15,0.3333333333333333
7324400,WestPlains,La_Nina,Spring,Dam_Present,3,15,0.2
7324400,WestPlains,La_Nina,Summer,Dam_Present,5,15,0.3333333333333333
7324400,WestPlains,La_Nina,Winter,Dam_Present,4,15,0.26666666666666666
7324400,WestPlains,Neutral,Fall,Dam_Present,2,5,0.4
7324400,WestPlains,Neutral,Spring,Dam_Present,1,5,0.2
7324400,WestPlains,Neutral,Summer,Dam_Present,1,5,0.2
7325000,WestPlains,El_Nino,Fall,Dam_Absent,8,24,0.3333333333333333
7325000,WestPlains,El_Nino,Spring,Dam_Absent,4,24,0.16666666666666666
7325000,WestPlains,El_Nino,Summer,Dam_Absent,3,24,0.125
7325000,WestPlains,El_Nino,Winter,Dam_Absent,2,24,0.08333333333333333
7325000,WestPlains,La_Nina,Fall,Dam_Absent,2,15,0.13333333333333333
7325000,WestPlains,La_Nina,Spring,Dam_Absent,2,15,0.13333333333333333
7325000,WestPlains,La_Nina,Summer,Dam_Absent,3,15,0.2
7325000,WestPlains,La_Nina,Winter,Dam_Absent,3,15,0.2
7325000,WestPlains,Neutral,Fall,Dam_Absent,3,5,0.6
7325000,WestPlains,Neutral,Spring,Dam_Absent,1,5,0.2
7325000,WestPlains,Neutral,Summer,Dam_Absent,2,5,0.4
7325000,WestPlains,Neutral,Winter,Dam_Absent,1,5,0.2
7325800,WestPlains,El_Nino,Fall,Dam_Absent,12,24,0.5
7325800,WestPlains,El_Nino,Spring,Dam_Absent,6,24,0.25
7325800,WestPlains,El_Nino,Summer,Dam_Absent,9,24,0.375
7325800,WestPlains,El_Nino,Winter,Dam_Absent,5,24,0.20833333333333334
7325800,WestPlains,La_Nina,Fall,Dam_Absent,6,15,0.4
7325800,WestPlains,La_Nina,Spring,Dam_Absent,5,15,0.3333333333333333
7325800,WestPlains,La_Nina,Summer,Dam_Absent,1,15,0.06666666666666667
7325800,WestPlains,La_Nina,Winter,Dam_Absent,3,15,0.2
7325800,WestPlains,Neutral,Fall,Dam_Absent,2,5,0.4
7325800,WestPlains,Neutral,Spring,Dam_Absent,4,5,0.8
7325800,WestPlains,Neutral,Summer,Dam_Absent,4,5,0.8
7325800,WestPlains,Neutral,Winter,Dam_Absent,1,5,0.2
7326000,WestPlains,El_Nino,Fall,Dam_Present,7,24,0.2916666666666667
7326000,WestPlains,El_Nino,Spring,Dam_Present,4,24,0.16666666666666666
7326000,WestPlains,El_Nino,Summer,Dam_Present,4,24,0.16666666666666666
7326000,WestPlains,El_Nino,Winter,Dam_Present,3,24,0.125
7326000,WestPlains,La_Nina,Fall,Dam_Present,5,15,0.3333333333333333
7326000,WestPlains,La_Nina,Spring,Dam_Present,5,15,0.3333333333333333
7326000,WestPlains,La_Nina,Summer,Dam_Present,5,15,0.3333333333333333
7326000,WestPlains,La_Nina,Winter,Dam_Present,7,15,0.4666666666666667
7326000,WestPlains,Neutral,Fall,Dam_Present,2,5,0.4
7326000,WestPlains,Neutral,Spring,Dam_Present,2,5,0.4
7326000,WestPlains,Neutral,Summer,Dam_Present,3,5,0.6
7326000,WestPlains,Neutral,Winter,Dam_Present,3,5,0.6
7326500,WestPlains,El_Nino,Fall,Dam_Present,8,24,0.3333333333333333
7326500,WestPlains,El_Nino,Spring,Dam_Present,4,24,0.16666666666666666
7326500,WestPlains,El_Nino,Summer,Dam_Present,4,24,0.16666666666666666
7326500,WestPlains,El_Nino,Winter,Dam_Present,2,24,0.08333333333333333
7326500,WestPlains,La_Nina,Fall,Dam_Present,2,15,0.13333333333333333
7326500,WestPlains,La_Nina,Spring,Dam_Present,2,15,0.13333333333333333
7326500,WestPlains,La_Nina,Summer,Dam_Present,2,15,0.13333333333333333
7326500,WestPlains,La_Nina,Winter,Dam_Present,2,15,0.13333333333333333
7326500,WestPlains,Neutral,Fall,Dam_Present,3,5,0.6
7326500,WestPlains,Neutral,Spring,Dam_Present,3,5,0.6
7326500,WestPlains,Neutral,Summer,Dam_Present,2,5,0.4
7327442,WestPlains,El_Nino,Fall,Dam_Present,3,24,0.125
7327442,WestPlains,El_Nino,Spring,Dam_Present,3,24,0.125
7327442,WestPlains,El_Nino,Summer,Dam_Present,5,24,0.20833333333333334
7327442,WestPlains,El_Nino,Winter,Dam_Present,2,24,0.08333333333333333
7327442,WestPlains,La_Nina,Fall,Dam_Present,3,15,0.2
7327442,WestPlains,La_Nina,Spring,Dam_Present,2,15,0.13333333333333333
7327442,WestPlains,La_Nina,Summer,Dam_Present,1,15,0.06666666666666667
7327442,WestPlains,La_Nina,Winter,Dam_Present,1,15,0.06666666666666667
7327442,WestPlains,Neutral,Spring,Dam_Present,1,5,0.2
7327442,WestPlains,Neutral,Winter,Dam_Present,1,5,0.2
7327447,WestPlains,El_Nino,Fall,Dam_Present,7,24,0.2916666666666667
7327447,WestPlains,El_Nino,Spring,Dam_Present,6,24,0.25
7327447,WestPlains,El_Nino,Summer,Dam_Present,5,24,0.20833333333333334
7327447,WestPlains,El_Nino,Winter,Dam_Present,5,24,0.20833333333333334
7327447,WestPlains,La_Nina,Fall,Dam_Present,4,15,0.26666666666666666
7327447,WestPlains,La_Nina,Spring,Dam_Present,1,15,0.06666666666666667
7327447,WestPlains,La_Nina,Summer,Dam_Present,2,15,0.13333333333333333
7327447,WestPlains,La_Nina,Winter,Dam_Present,1,15,0.06666666666666667
7327447,WestPlains,Neutral,Fall,Dam_Present,5,5,1.0
7327447,WestPlains,Neutral,Spring,Dam_Present,3,5,0.6
7327447,WestPlains,Neutral,Summer,Dam_Present,1,5,0.2
7327447,WestPlains,Neutral,Winter,Dam_Present,3,5,0.6
7327550,WestPlains,El_Nino,Fall,Dam_Absent,5,24,0.20833333333333334
7327550,WestPlains,El_Nino,Spring,Dam_Absent,5,24,0.20833333333333334
7327550,WestPlains,El_Nino,Summer,Dam_Absent,6,24,0.25
7327550,WestPlains,El_Nino,Winter,Dam_Absent,2,24,0.08333333333333333
7327550,WestPlains,La_Nina,Fall,Dam_Absent,2,15,0.13333333333333333
7327550,WestPlains,La_Nina,Spring,Dam_Absent,2,15,0.13333333333333333
7327550,WestPlains,La_Nina,Summer,Dam_Absent,7,15,0.4666666666666667
7327550,WestPlains,La_Nina,Winter,Dam_Absent,1,15,0.06666666666666667
7327550,WestPlains,Neutral,Fall,Dam_Absent,1,5,0.2
7327550,WestPlains,Neutral,Spring,Dam_Absent,3,5,0.6
7327550,WestPlains,Neutral,Summer,Dam_Absent,3,5,0.6
7327550,WestPlains,Neutral,Winter,Dam_Absent,1,5,0.2
7328100,WestPlains,El_Nino,Fall,Dam_Absent,6,24,0.25
7328100,WestPlains,El_Nino,Spring,Dam_Absent,6,24,0.25
7328100,WestPlains,El_Nino,Summer,Dam_Absent,10,24,0.4166666666666667
7328100,WestPlains,El_Nino,Winter,Dam_Absent,4,24,0.16666666666666666
7328100,WestPlains,La_Nina,Fall,Dam_Absent,1,15,0.06666666666666667
7328100,WestPlains,La_Nina,Spring,Dam_Absent,1,15,0.06666666666666667
7328100,WestPlains,La_Nina,Summer,Dam_Absent,6,15,0.4
7328100,WestPlains,La_Nina,Winter,Dam_Absent,1,15,0.06666666666666667
7328100,WestPlains,Neutral,Fall,Dam_Absent,3,5,0.6
7328100,WestPlains,Neutral,Spring,Dam_Absent,2,5,0.4
7328100,WestPlains,Neutral,Summer,Dam_Absent,2,5,0.4
7328100,WestPlains,Neutral,Winter,Dam_Absent,1,5,0.2
7328500,WestPlains,El_Nino,Fall,Dam_Absent,5,24,0.20833333333333334
7328500,WestPlains,El_Nino,Spring,Dam_Absent,6,24,0.25
7328500,WestPlains,El_Nino,Summer,Dam_Absent,10,24,0.4166666666666667
7328500,WestPlains,El_Nino,Winter,Dam_Absent,4,24,0.16666666666666666
7328500,WestPlains,La_Nina,Fall,Dam_Absent,2,15,0.13333333333333333
7328500,WestPlains,La_Nina,Spring,Dam_Absent,2,15,0.13333333333333333
7328500,WestPlains,La_Nina,Summer,Dam_Absent,3,15,0.2
7328500,WestPlains,La_Nina,Winter,Dam_Absent,1,15,0.06666666666666667
7328500,WestPlains,Neutral,Fall,Dam_Absent,1,5,0.2
7328500,WestPlains,Neutral,Spring,Dam_Absent,4,5,0.8
7328500,WestPlains,Neutral,Summer,Dam_Absent,2,5,0.4
7332500,WestPlains,El_Nino,Fall,Dam_Absent,6,24,0.25
7332500,WestPlains,El_Nino,Spring,Dam_Absent,5,24,0.20833333333333334
7332500,WestPlains,El_Nino,Summer,Dam_Absent,4,24,0.16666666666666666
7332500,WestPlains,El_Nino,Winter,Dam_Absent,3,24,0.125
7332500,WestPlains,La_Nina,Fall,Dam_Absent,4,15,0.26666666666666666
7332500,WestPlains,La_Nina,Spring,Dam_Absent,5,15,0.3333333333333333
7332500,WestPlains,La_Nina,Summer,Dam_Absent,4,15,0.26666666666666666
7332500,WestPlains,La_Nina,Winter,Dam_Absent,8,15,0.5333333333333333
7332500,WestPlains,Neutral,Fall,Dam_Absent,1,5,0.2
7332500,WestPlains,Neutral,Spring,Dam_Absent,2,5,0.4
7332500,WestPlains,Neutral,Summer,Dam_Absent,4,5,0.8
7332500,WestPlains,Neutral,Winter,Dam_Absent,2,5,0.4
7332620,WestPlains,El_Nino,Spring,Dam_Present,4,24,0.16666666666666666
7332620,WestPlains,El_Nino,Summer,Dam_Present,1,24,0.041666666666666664
7332620,WestPlains,El_Nino,Winter,Dam_Present,2,24,0.08333333333333333
7332620,WestPlains,La_Nina,Fall,Dam_Present,1,15,0.06666666666666667
7332620,WestPlains,La_Nina,Spring,Dam_Present,2,15,0.13333333333333333
7332620,WestPlains,La_Nina,Winter,Dam_Present,2,15,0.13333333333333333
7332620,WestPlains,Neutral,Spring,Dam_Present,2,5,0.4
7332620,WestPlains,Neutral,Summer,Dam_Present,1,5,0.2
7335000,EastHghlnds,El_Nino,Spring,Dam_Present,1,24,0.041666666666666664
7335000,EastHghlnds,El_Nino,Winter,Dam_Present,1,24,0.041666666666666664
7335000,EastHghlnds,La_Nina,Spring,Dam_Present,1,15,0.06666666666666667
7338500,EastHghlnds,El_Nino,Fall,Dam_Absent,4,24,0.16666666666666666
7338500,EastHghlnds,El_Nino,Spring,Dam_Absent,11,24,0.4583333333333333
7338500,EastHghlnds,El_Nino,Summer,Dam_Absent,8,24,0.3333333333333333
7338500,EastHghlnds,El_Nino,Winter,Dam_Absent,6,24,0.25
7338500,EastHghlnds,La_Nina,Fall,Dam_Absent,6,15,0.4
7338500,EastHghlnds,La_Nina,Spring,Dam_Absent,2,15,0.13333333333333333
7338500,EastHghlnds,La_Nina,Summer,Dam_Absent,4,15,0.26666666666666666
7338500,EastHghlnds,La_Nina,Winter,Dam_Absent,6,15,0.4
7338500,EastHghlnds,Neutral,Spring,Dam_Absent,1,5,0.2
7338500,EastHghlnds,Neutral,Summer,Dam_Absent,2,5,0.4
7338750,EastHghlnds,El_Nino,Fall,Dam_Absent,5,24,0.20833333333333334
7338750,EastHghlnds,El_Nino,Spring,Dam_Absent,11,24,0.4583333333333333
7338750,EastHghlnds,El_Nino,Summer,Dam_Absent,11,24,0.4583333333333333
7338750,EastHghlnds,El_Nino,Winter,Dam_Absent,7,24,0.2916666666666667
7338750,EastHghlnds,La_Nina,Fall,Dam_Absent,6,15,0.4
7338750,EastHghlnds,La_Nina,Spring,Dam_Absent,2,15,0.13333333333333333
7338750,EastHghlnds,La_Nina,Summer,Dam_Absent,6,15,0.4
7338750,EastHghlnds,La_Nina,Winter,Dam_Absent,6,15,0.4
7338750,EastHghlnds,Neutral,Fall,Dam_Absent,1,5,0.2
7338750,EastHghlnds,Neutral,Spring,Dam_Absent,1,5,0.2
7338750,EastHghlnds,Neutral,Summer,Dam_Absent,2,5,0.4
7339000,EastHghlnds,El_Nino,Fall,Dam_Present,7,24,0.2916666666666667
7339000,EastHghlnds,El_Nino,Spring,Dam_Present,9,24,0.375
7339000,EastHghlnds,El_Nino,Summer,Dam_Present,2,24,0.08333333333333333
7339000,EastHghlnds,El_Nino,Winter,Dam_Present,4,24,0.16666666666666666
7339000,EastHghlnds,La_Nina,Fall,Dam_Present,2,15,0.13333333333333333
7339000,EastHghlnds,La_Nina,Spring,Dam_Present,2,15,0.13333333333333333
7339000,EastHghlnds,La_Nina,Summer,Dam_Present,2,15,0.13333333333333333
7339000,EastHghlnds,La_Nina,Winter,Dam_Present,6,15,0.4
7339000,EastHghlnds,Neutral,Fall,Dam_Present,1,5,0.2
7339000,EastHghlnds,Neutral,Summer,Dam_Present,3,5,0.6
7342500,WestPlains,El_Nino,Fall,Dam_Present,3,24,0.125
7342500,WestPlains,El_Nino,Spring,Dam_Present,3,24,0.125
7342500,WestPlains,El_Nino,Summer,Dam_Present,2,24,0.08333333333333333
7342500,WestPlains,El_Nino,Winter,Dam_Present,3,24,0.125
7342500,WestPlains,La_Nina,Fall,Dam_Present,2,15,0.13333333333333333
7342500,WestPlains,La_Nina,Spring,Dam_Present,1,15,0.06666666666666667
7342500,WestPlains,La_Nina,Summer,Dam_Present,5,15,0.3333333333333333
7342500,WestPlains,La_Nina,Winter,Dam_Present,4,15,0.26666666666666666
7342500,WestPlains,Neutral,Fall,Dam_Present,2,5,0.4
7342500,WestPlains,Neutral,Spring,Dam_Present,3,5,0.6
7342500,WestPlains,Neutral,Summer,Dam_Present,2,5,0.4
7342500,WestPlains,Neutral,Winter,Dam_Present,3,5,0.6
7343200,WestPlains,El_Nino,Fall,Dam_Present,1,24,0.041666666666666664
7343200,WestPlains,El_Nino,Spring,Dam_Present,3,24,0.125
7343200,WestPlains,El_Nino,Summer,Dam_Present,3,24,0.125
7343200,WestPlains,El_Nino,Winter,Dam_Present,3,24,0.125
7343200,WestPlains,La_Nina,Fall,Dam_Present,3,15,0.2
7343200,WestPlains,La_Nina,Spring,Dam_Present,3,15,0.2
7343200,WestPlains,La_Nina,Summer,Dam_Present,3,15,0.2
7343200,WestPlains,La_Nina,Winter,Dam_Present,4,15,0.26666666666666666
7343200,WestPlains,Neutral,Fall,Dam_Present,1,5,0.2
7343200,WestPlains,Neutral,Spring,Dam_Present,3,5,0.6
7343200,WestPlains,Neutral,Summer,Dam_Present,1,5,0.2
7343200,WestPlains,Neutral,Winter,Dam_Present,2,5,0.4
7343450,WestPlains,El_Nino,Fall,Dam_Absent,2,24,0.08333333333333333
7343450,WestPlains,El_Nino,Spring,Dam_Absent,1,24,0.041666666666666664
7343450,WestPlains,El_Nino,Summer,Dam_Absent,2,24,0.08333333333333333
7343450,WestPlains,El_Nino,Winter,Dam_Absent,1,24,0.041666666666666664
7343450,WestPlains,La_Nina,Fall,Dam_Absent,5,15,0.3333333333333333
7343450,WestPlains,La_Nina,Spring,Dam_Absent,4,15,0.26666666666666666
7343450,WestPlains,La_Nina,Summer,Dam_Absent,2,15,0.13333333333333333
7343450,WestPlains,La_Nina,Winter,Dam_Absent,1,15,0.06666666666666667
7343450,WestPlains,Neutral,Fall,Dam_Absent,1,5,0.2
7343450,WestPlains,Neutral,Spring,Dam_Absent,3,5,0.6
7343450,WestPlains,Neutral,Summer,Dam_Absent,1,5,0.2
7343450,WestPlains,Neutral,Winter,Dam_Absent,2,5,0.4
7348700,SEPlains,El_Nino,Fall,Dam_Absent,3,24,0.125
7348700,SEPlains,El_Nino,Spring,Dam_Absent,8,24,0.3333333333333333
7348700,SEPlains,El_Nino,Summer,Dam_Absent,1,24,0.041666666666666664
7348700,SEPlains,El_Nino,Winter,Dam_Absent,4,24,0.16666666666666666
7348700,SEPlains,La_Nina,Fall,Dam_Absent,2,15,0.13333333333333333
7348700,SEPlains,La_Nina,Spring,Dam_Absent,3,15,0.2
7348700,SEPlains,La_Nina,Summer,Dam_Absent,4,15,0.26666666666666666
7348700,SEPlains,La_Nina,Winter,Dam_Absent,4,15,0.26666666666666666
7348700,SEPlains,Neutral,Fall,Dam_Absent,1,5,0.2
7348700,SEPlains,Neutral,Spring,Dam_Absent,2,5,0.4
7348700,SEPlains,Neutral,Summer,Dam_Absent,2,5,0.4
7348700,SEPlains,Neutral,Winter,Dam_Absent,1,5,0.2
7351500,SEPlains,El_Nino,Fall,Dam_Present,5,24,0.20833333333333334
7351500,SEPlains,El_Nino,Spring,Dam_Present,5,24,0.20833333333333334
7351500,SEPlains,El_Nino,Summer,Dam_Present,4,24,0.16666666666666666
7351500,SEPlains,El_Nino,Winter,Dam_Present,5,24,0.20833333333333334
7351500,SEPlains,La_Nina,Fall,Dam_Present,1,15,0.06666666666666667
7351500,SEPlains,La_Nina,Spring,Dam_Present,2,15,0.13333333333333333
7351500,SEPlains,La_Nina,Summer,Dam_Present,1,15,0.06666666666666667
7351500,SEPlains,La_Nina,Winter,Dam_Present,9,15,0.6
7351500,SEPlains,Neutral,Fall,Dam_Present,1,5,0.2
7351500,SEPlains,Neutral,Spring,Dam_Present,2,5,0.4
7351750,SEPlains,El_Nino,Fall,Dam_Absent,8,24,0.3333333333333333
7351750,SEPlains,El_Nino,Spring,Dam_Absent,5,24,0.20833333333333334
7351750,SEPlains,El_Nino,Summer,Dam_Absent,10,24,0.4166666666666667
7351750,SEPlains,El_Nino,Winter,Dam_Absent,2,24,0.08333333333333333
7351750,SEPlains,La_Nina,Fall,Dam_Absent,4,15,0.26666666666666666
7351750,SEPlains,La_Nina,Spring,Dam_Absent,1,15,0.06666666666666667
7351750,SEPlains,La_Nina,Summer,Dam_Absent,1,15,0.06666666666666667
7351750,SEPlains,La_Nina,Winter,Dam_Absent,6,15,0.4
7351750,SEPlains,Neutral,Spring,Dam_Absent,3,5,0.6
7359001,EastHghlnds,El_Nino,Fall,Dam_Present,1,24,0.041666666666666664
7359001,EastHghlnds,El_Nino,Spring,Dam_Present,3,24,0.125
7359001,EastHghlnds,El_Nino,Summer,Dam_Present,1,24,0.041666666666666664
7359001,EastHghlnds,El_Nino,Winter,Dam_Present,1,24,0.041666666666666664
7359001,EastHghlnds,La_Nina,Fall,Dam_Present,1,15,0.06666666666666667
7359001,EastHghlnds,La_Nina,Spring,Dam_Present,1,15,0.06666666666666667
7359001,EastHghlnds,La_Nina,Winter,Dam_Present,2,15,0.13333333333333333
7359001,EastHghlnds,Neutral,Summer,Dam_Present,1,5,0.2
7359002,EastHghlnds,El_Nino,Fall,Dam_Present,1,24,0.041666666666666664
7359002,EastHghlnds,El_Nino,Spring,Dam_Present,11,24,0.4583333333333333
7359002,EastHghlnds,El_Nino,Summer,Dam_Present,6,24,0.25
7359002,EastHghlnds,El_Nino,Winter,Dam_Present,5,24,0.20833333333333334
7359002,EastHghlnds,La_Nina,Fall,Dam_Present,3,15,0.2
7359002,EastHghlnds,La_Nina,Spring,Dam_Present,1,15,0.06666666666666667
7359002,EastHghlnds,La_Nina,Summer,Dam_Present,5,15,0.3333333333333333
7359002,EastHghlnds,La_Nina,Winter,Dam_Present,3,15,0.2
7359002,EastHghlnds,Neutral,Spring,Dam_Present,1,5,0.2
7362693,EastHghlnds,El_Nino,Fall,Dam_Present,2,24,0.08333333333333333
7362693,EastHghlnds,El_Nino,Spring,Dam_Present,2,24,0.08333333333333333
7362693,EastHghlnds,El_Nino,Summer,Dam_Present,3,24,0.125
7362693,EastHghlnds,El_Nino,Winter,Dam_Present,3,24,0.125
7363000,EastHghlnds,El_Nino,Fall,Dam_Absent,6,24,0.25
7363000,EastHghlnds,El_Nino,Spring,Dam_Absent,5,24,0.20833333333333334
7363000,EastHghlnds,El_Nino,Summer,Dam_Absent,6,24,0.25
7363000,EastHghlnds,El_Nino,Winter,Dam_Absent,6,24,0.25
7363000,EastHghlnds,La_Nina,Fall,Dam_Absent,7,15,0.4666666666666667
7363000,EastHghlnds,La_Nina,Spring,Dam_Absent,2,15,0.13333333333333333
7363000,EastHghlnds,La_Nina,Summer,Dam_Absent,4,15,0.26666666666666666
7363000,EastHghlnds,La_Nina,Winter,Dam_Absent,3,15,0.2
7363000,EastHghlnds,Neutral,Spring,Dam_Absent,1,5,0.2
7363000,EastHghlnds,Neutral,Summer,Dam_Absent,2,5,0.4
7363200,EastHghlnds,El_Nino,Fall,Dam_Absent,7,24,0.2916666666666667
7363200,EastHghlnds,El_Nino,Spring,Dam_Absent,7,24,0.2916666666666667
7363200,EastHghlnds,El_Nino,Summer,Dam_Absent,9,24,0.375
7363200,EastHghlnds,El_Nino,Winter,Dam_Absent,6,24,0.25
7363200,EastHghlnds,La_Nina,Fall,Dam_Absent,4,15,0.26666666666666666
7363200,EastHghlnds,La_Nina,Spring,Dam_Absent,3,15,0.2
7363200,EastHghlnds,La_Nina,Summer,Dam_Absent,2,15,0.13333333333333333
7363200,EastHghlnds,La_Nina,Winter,Dam_Absent,2,15,0.13333333333333333
7363200,EastHghlnds,Neutral,Fall,Dam_Absent,1,5,0.2
7363200,EastHghlnds,Neutral,Spring,Dam_Absent,3,5,0.6
7363200,EastHghlnds,Neutral,Summer,Dam_Absent,1,5,0.2
7367005,SEPlains,El_Nino,Fall,Dam_Present,3,24,0.125
7367005,SEPlains,El_Nino,Spring,Dam_Present,1,24,0.041666666666666664
7367005,SEPlains,El_Nino,Summer,Dam_Present,3,24,0.125
7367005,SEPlains,El_Nino,Winter,Dam_Present,3,24,0.125
7367005,SEPlains,La_Nina,Fall,Dam_Present,3,15,0.2
7367005,SEPlains,La_Nina,Spring,Dam_Present,1,15,0.06666666666666667
7367005,SEPlains,La_Nina,Summer,Dam_Present,2,15,0.13333333333333333
7367005,SEPlains,La_Nina,Winter,Dam_Present,1,15,0.06666666666666667
7367005,SEPlains,Neutral,Fall,Dam_Present,1,5,0.2
7367005,SEPlains,Neutral,Spring,Dam_Present,1,5,0.2
7367005,SEPlains,Neutral,Summer,Dam_Present,1,5,0.2
7372050,SEPlains,El_Nino,Fall,Dam_Absent,8,24,0.3333333333333333
7372050,SEPlains,El_Nino,Spring,Dam_Absent,7,24,0.2916666666666667
7372050,SEPlains,El_Nino,Summer,Dam_Absent,5,24,0.20833333333333334
7372050,SEPlains,El_Nino,Winter,Dam_Absent,8,24,0.3333333333333333
7372050,SEPlains,La_Nina,Fall,Dam_Absent,1,15,0.06666666666666667
7372050,SEPlains,La_Nina,Spring,Dam_Absent,2,15,0.13333333333333333
7372050,SEPlains,La_Nina,Summer,Dam_Absent,4,15,0.26666666666666666
7372050,SEPlains,La_Nina,Winter,Dam_Absent,3,15,0.2
7372050,SEPlains,Neutral,Fall,Dam_Absent,1,5,0.2
7372050,SEPlains,Neutral,Spring,Dam_Absent,2,5,0.4
7372050,SEPlains,Neutral,Summer,Dam_Absent,1,5,0.2
7372200,SEPlains,El_Nino,Fall,Dam_Absent,5,24,0.20833333333333334
7372200,SEPlains,El_Nino,Spring,Dam_Absent,4,24,0.16666666666666666
7372200,SEPlains,El_Nino,Summer,Dam_Absent,6,24,0.25
7372200,SEPlains,El_Nino,Winter,Dam_Absent,4,24,0.16666666666666666
7372200,SEPlains,La_Nina,Fall,Dam_Absent,1,15,0.06666666666666667
7372200,SEPlains,La_Nina,Spring,Dam_Absent,6,15,0.4
7372200,SEPlains,La_Nina,Summer,Dam_Absent,3,15,0.2
7372200,SEPlains,La_Nina,Winter,Dam_Absent,3,15,0.2
7372200,SEPlains,Neutral,Fall,Dam_Absent,2,5,0.4
7372200,SEPlains,Neutral,Spring,Dam_Absent,2,5,0.4
7372200,SEPlains,Neutral,Summer,Dam_Absent,2,5,0.4
7375280,SEPlains,El_Nino,Fall,Dam_Absent,6,24,0.25
7375280,SEPlains,El_Nino,Spring,Dam_Absent,5,24,0.20833333333333334
7375280,SEPlains,El_Nino,Summer,Dam_Absent,3,24,0.125
7375280,SEPlains,El_Nino,Winter,Dam_Absent,4,24,0.16666666666666666
7375280,SEPlains,La_Nina,Fall,Dam_Absent,6,15,0.4
7375280,SEPlains,La_Nina,Spring,Dam_Absent,7,15,0.4666666666666667
7375280,SEPlains,La_Nina,Summer,Dam_Absent,5,15,0.3333333333333333
7375280,SEPlains,La_Nina,Winter,Dam_Absent,3,15,0.2
7375280,SEPlains,Neutral,Fall,Dam_Absent,1,5,0.2
7375280,SEPlains,Neutral,Spring,Dam_Absent,1,5,0.2
7375500,SEPlains,El_Nino,Fall,Dam_Absent,6,24,0.25
7375500,SEPlains,El_Nino,Spring,Dam_Absent,4,24,0.16666666666666666
7375500,SEPlains,El_Nino,Summer,Dam_Absent,4,24,0.16666666666666666
7375500,SEPlains,El_Nino,Winter,Dam_Absent,7,24,0.2916666666666667
7375500,SEPlains,La_Nina,Fall,Dam_Absent,3,15,0.2
7375500,SEPlains,La_Nina,Spring,Dam_Absent,5,15,0.3333333333333333
7375500,SEPlains,La_Nina,Summer,Dam_Absent,5,15,0.3333333333333333
7375500,SEPlains,La_Nina,Winter,Dam_Absent,4,15,0.26666666666666666
7375500,SEPlains,Neutral,Spring,Dam_Absent,1,5,0.2
7375500,SEPlains,Neutral,Winter,Dam_Absent,1,5,0.2
7381450,SECstPlain,El_Nino,Fall,Dam_Absent,1,24,0.041666666666666664
7381450,SECstPlain,El_Nino,Spring,Dam_Absent,1,24,0.041666666666666664
7381450,SECstPlain,El_Nino,Summer,Dam_Absent,3,24,0.125
7381450,SECstPlain,Neutral,Fall,Dam_Absent,1,5,0.2
7382000,SEPlains,El_Nino,Fall,Dam_Present,5,24,0.20833333333333334
7382000,SEPlains,El_Nino,Spring,Dam_Present,5,24,0.20833333333333334
7382000,SEPlains,El_Nino,Summer,Dam_Present,11,24,0.4583333333333333
7382000,SEPlains,El_Nino,Winter,Dam_Present,7,24,0.2916666666666667
7382000,SEPlains,La_Nina,Fall,Dam_Present,4,15,0.26666666666666666
7382000,SEPlains,La_Nina,Spring,Dam_Present,4,15,0.26666666666666666
7382000,SEPlains,La_Nina,Summer,Dam_Present,3,15,0.2
7382000,SEPlains,La_Nina,Winter,Dam_Present,6,15,0.4
7382000,SEPlains,Neutral,Fall,Dam_Present,2,5,0.4
7382000,SEPlains,Neutral,Spring,Dam_Present,1,5,0.2
7382000,SEPlains,Neutral,Summer,Dam_Present,1,5,0.2
7382000,SEPlains,Neutral,Winter,Dam_Present,1,5,0.2
7382500,SEPlains,El_Nino,Fall,Dam_Absent,5,24,0.20833333333333334
7382500,SEPlains,El_Nino,Spring,Dam_Absent,8,24,0.3333333333333333
7382500,SEPlains,El_Nino,Summer,Dam_Absent,9,24,0.375
7382500,SEPlains,El_Nino,Winter,Dam_Absent,6,24,0.25
7382500,SEPlains,La_Nina,Fall,Dam_Absent,3,15,0.2
7382500,SEPlains,La_Nina,Spring,Dam_Absent,3,15,0.2
7382500,SEPlains,La_Nina,Summer,Dam_Absent,5,15,0.3333333333333333
7382500,SEPlains,La_Nina,Winter,Dam_Absent,7,15,0.4666666666666667
7382500,SEPlains,Neutral,Fall,Dam_Absent,2,5,0.4
7386980,SECstPlain,El_Nino,Fall,Dam_Absent,3,24,0.125
7386980,SECstPlain,El_Nino,Spring,Dam_Absent,4,24,0.16666666666666666
7386980,SECstPlain,El_Nino,Summer,Dam_Absent,6,24,0.25
7386980,SECstPlain,El_Nino,Winter,Dam_Absent,4,24,0.16666666666666666
7386980,SECstPlain,La_Nina,Fall,Dam_Absent,1,15,0.06666666666666667
7386980,SECstPlain,La_Nina,Summer,Dam_Absent,1,15,0.06666666666666667
7386980,SECstPlain,La_Nina,Winter,Dam_Absent,4,15,0.26666666666666666
8012000,SEPlains,El_Nino,Fall,Dam_Absent,11,24,0.4583333333333333
8012000,SEPlains,El_Nino,Spring,Dam_Absent,9,24,0.375
8012000,SEPlains,El_Nino,Summer,Dam_Absent,6,24,0.25
8012000,SEPlains,El_Nino,Winter,Dam_Absent,9,24,0.375
8012000,SEPlains,La_Nina,Fall,Dam_Absent,4,15,0.26666666666666666
8012000,SEPlains,La_Nina,Spring,Dam_Absent,2,15,0.13333333333333333
8012000,SEPlains,La_Nina,Summer,Dam_Absent,8,15,0.5333333333333333
8012000,SEPlains,La_Nina,Winter,Dam_Absent,6,15,0.4
8012000,SEPlains,Neutral,Spring,Dam_Absent,1,5,0.2
8012000,SEPlains,Neutral,Summer,Dam_Absent,4,5,0.8
8012000,SEPlains,Neutral,Winter,Dam_Absent,1,5,0.2
8012150,SECstPlain,El_Nino,Summer,Dam_Absent,1,24,0.041666666666666664
8012150,SECstPlain,El_Nino,Winter,Dam_Absent,6,24,0.25
8012150,SECstPlain,La_Nina,Summer,Dam_Absent,1,15,0.06666666666666667
8012150,SECstPlain,La_Nina,Winter,Dam_Absent,1,15,0.06666666666666667
8012150,SECstPlain,Neutral,Summer,Dam_Absent,1,5,0.2
8012150,SECstPlain,Neutral,Winter,Dam_Absent,1,5,0.2
8015500,SEPlains,El_Nino,Fall,Dam_Absent,5,24,0.20833333333333334
8015500,SEPlains,El_Nino,Spring,Dam_Absent,4,24,0.16666666666666666
8015500,SEPlains,El_Nino,Summer,Dam_Absent,5,24,0.20833333333333334
8015500,SEPlains,El_Nino,Winter,Dam_Absent,3,24,0.125
8015500,SEPlains,La_Nina,Fall,Dam_Absent,2,15,0.13333333333333333
8015500,SEPlains,La_Nina,Spring,Dam_Absent,3,15,0.2
8015500,SEPlains,La_Nina,Summer,Dam_Absent,5,15,0.3333333333333333
8015500,SEPlains,La_Nina,Winter,Dam_Absent,1,15,0.06666666666666667
8015500,SEPlains,Neutral,Spring,Dam_Absent,2,5,0.4
8015500,SEPlains,Neutral,Summer,Dam_Absent,1,5,0.2
8015500,SEPlains,Neutral,Winter,Dam_Absent,1,5,0.2
8017410,WestPlains,El_Nino,Fall,Dam_Present,2,24,0.08333333333333333
8017410,WestPlains,El_Nino,Spring,Dam_Present,2,24,0.08333333333333333
8017410,WestPlains,El_Nino,Summer,Dam_Present,7,24,0.2916666666666667
8017410,WestPlains,El_Nino,Winter,Dam_Present,5,24,0.20833333333333334
8017410,WestPlains,La_Nina,Fall,Dam_Present,8,15,0.5333333333333333
8017410,WestPlains,La_Nina,Spring,Dam_Present,3,15,0.2
8017410,WestPlains,La_Nina,Summer,Dam_Present,4,15,0.26666666666666666
8017410,WestPlains,La_Nina,Winter,Dam_Present,6,15,0.4
8017410,WestPlains,Neutral,Winter,Dam_Present,1,5,0.2
8018500,SEPlains,El_Nino,Fall,Dam_Present,10,24,0.4166666666666667
8018500,SEPlains,El_Nino,Spring,Dam_Present,8,24,0.3333333333333333
8018500,SEPlains,El_Nino,Summer,Dam_Present,5,24,0.20833333333333334
8018500,SEPlains,El_Nino,Winter,Dam_Present,5,24,0.20833333333333334
8018500,SEPlains,La_Nina,Fall,Dam_Present,5,15,0.3333333333333333
8018500,SEPlains,La_Nina,Spring,Dam_Present,4,15,0.26666666666666666
8018500,SEPlains,La_Nina,Winter,Dam_Present,6,15,0.4
8018500,SEPlains,Neutral,Fall,Dam_Present,1,5,0.2
8018500,SEPlains,Neutral,Spring,Dam_Present,3,5,0.6
8018500,SEPlains,Neutral,Summer,Dam_Present,5,5,1.0
8018500,SEPlains,Neutral,Winter,Dam_Present,2,5,0.4
8019000,SEPlains,El_Nino,Fall,Dam_Present,8,24,0.3333333333333333
8019000,SEPlains,El_Nino,Spring,Dam_Present,10,24,0.4166666666666667
8019000,SEPlains,El_Nino,Summer,Dam_Present,7,24,0.2916666666666667
8019000,SEPlains,El_Nino,Winter,Dam_Present,4,24,0.16666666666666666
8019000,SEPlains,La_Nina,Fall,Dam_Present,3,15,0.2
8019000,SEPlains,La_Nina,Spring,Dam_Present,2,15,0.13333333333333333
8019000,SEPlains,La_Nina,Summer,Dam_Present,2,15,0.13333333333333333
8019000,SEPlains,La_Nina,Winter,Dam_Present,6,15,0.4
8019200,SEPlains,El_Nino,Fall,Dam_Present,11,24,0.4583333333333333
8019200,SEPlains,El_Nino,Spring,Dam_Present,9,24,0.375
8019200,SEPlains,El_Nino,Summer,Dam_Present,9,24,0.375
8019200,SEPlains,El_Nino,Winter,Dam_Present,4,24,0.16666666666666666
8019200,SEPlains,La_Nina,Spring,Dam_Present,2,15,0.13333333333333333
8019200,SEPlains,La_Nina,Summer,Dam_Present,1,15,0.06666666666666667
8019200,SEPlains,La_Nina,Winter,Dam_Present,5,15,0.3333333333333333
8019200,SEPlains,Neutral,Fall,Dam_Present,1,5,0.2
8019200,SEPlains,Neutral,Spring,Dam_Present,1,5,0.2
8019200,SEPlains,Neutral,Summer,Dam_Present,2,5,0.4
8019200,SEPlains,Neutral,Winter,Dam_Present,2,5,0.4
8019500,SEPlains,El_Nino,Fall,Dam_Absent,11,24,0.4583333333333333
8019500,SEPlains,El_Nino,Spring,Dam_Absent,8,24,0.3333333333333333
8019500,SEPlains,El_Nino,Summer,Dam_Absent,7,24,0.2916666666666667
8019500,SEPlains,El_Nino,Winter,Dam_Absent,5,24,0.20833333333333334
8019500,SEPlains,La_Nina,Fall,Dam_Absent,5,15,0.3333333333333333
8019500,SEPlains,La_Nina,Spring,Dam_Absent,4,15,0.26666666666666666
8019500,SEPlains,La_Nina,Summer,Dam_Absent,2,15,0.13333333333333333
8019500,SEPlains,La_Nina,Winter,Dam_Absent,5,15,0.3333333333333333
8019500,SEPlains,Neutral,Fall,Dam_Absent,2,5,0.4
8019500,SEPlains,Neutral,Spring,Dam_Absent,4,5,0.8
8019500,SEPlains,Neutral,Summer,Dam_Absent,1,5,0.2
8019500,SEPlains,Neutral,Winter,Dam_Absent,1,5,0.2
8020000,SEPlains,El_Nino,Fall,Dam_Present,13,24,0.5416666666666666
8020000,SEPlains,El_Nino,Spring,Dam_Present,9,24,0.375
8020000,SEPlains,El_Nino,Summer,Dam_Present,5,24,0.20833333333333334
8020000,SEPlains,El_Nino,Winter,Dam_Present,5,24,0.20833333333333334
8020000,SEPlains,La_Nina,Fall,Dam_Present,2,15,0.13333333333333333
8020000,SEPlains,La_Nina,Spring,Dam_Present,2,15,0.13333333333333333
8020000,SEPlains,La_Nina,Summer,Dam_Present,2,15,0.13333333333333333
8020000,SEPlains,La_Nina,Winter,Dam_Present,6,15,0.4
8020000,SEPlains,Neutral,Fall,Dam_Present,1,5,0.2
8020000,SEPlains,Neutral,Spring,Dam_Present,2,5,0.4
8020000,SEPlains,Neutral,Summer,Dam_Present,3,5,0.6
8020000,SEPlains,Neutral,Winter,Dam_Present,2,5,0.4
8020450,SEPlains,El_Nino,Fall,Dam_Present,5,24,0.20833333333333334
8020450,SEPlains,El_Nino,Spring,Dam_Present,2,24,0.08333333333333333
8020450,SEPlains,El_Nino,Summer,Dam_Present,6,24,0.25
8020450,SEPlains,El_Nino,Winter,Dam_Present,1,24,0.041666666666666664
8020450,SEPlains,La_Nina,Fall,Dam_Present,4,15,0.26666666666666666
8020450,SEPlains,La_Nina,Summer,Dam_Present,3,15,0.2
8020450,SEPlains,Neutral,Fall,Dam_Present,1,5,0.2
8020450,SEPlains,Neutral,Summer,Dam_Present,2,5,0.4
8020900,SEPlains,El_Nino,Fall,Dam_Absent,10,24,0.4166666666666667
8020900,SEPlains,El_Nino,Spring,Dam_Absent,7,24,0.2916666666666667
8020900,SEPlains,El_Nino,Summer,Dam_Absent,5,24,0.20833333333333334
8020900,SEPlains,El_Nino,Winter,Dam_Absent,6,24,0.25
8020900,SEPlains,La_Nina,Fall,Dam_Absent,4,15,0.26666666666666666
8020900,SEPlains,La_Nina,Spring,Dam_Absent,1,15,0.06666666666666667
8020900,SEPlains,La_Nina,Summer,Dam_Absent,1,15,0.06666666666666667
8020900,SEPlains,La_Nina,Winter,Dam_Absent,5,15,0.3333333333333333
8020900,SEPlains,Neutral,Fall,Dam_Absent,1,5,0.2
8020900,SEPlains,Neutral,Spring,Dam_Absent,2,5,0.4
8020900,SEPlains,Neutral,Summer,Dam_Absent,2,5,0.4
8020900,SEPlains,Neutral,Winter,Dam_Absent,2,5,0.4
8022040,SEPlains,El_Nino,Fall,Dam_Absent,10,24,0.4166666666666667
8022040,SEPlains,El_Nino,Spring,Dam_Absent,4,24,0.16666666666666666
8022040,SEPlains,El_Nino,Summer,Dam_Absent,5,24,0.20833333333333334
8022040,SEPlains,El_Nino,Winter,Dam_Absent,6,24,0.25
8022040,SEPlains,La_Nina,Fall,Dam_Absent,5,15,0.3333333333333333
8022040,SEPlains,La_Nina,Summer,Dam_Absent,4,15,0.26666666666666666
8022040,SEPlains,La_Nina,Winter,Dam_Absent,5,15,0.3333333333333333
8022040,SEPlains,Neutral,Fall,Dam_Absent,1,5,0.2
8022040,SEPlains,Neutral,Spring,Dam_Absent,2,5,0.4
8022040,SEPlains,Neutral,Summer,Dam_Absent,2,5,0.4
8022040,SEPlains,Neutral,Winter,Dam_Absent,2,5,0.4
8022070,SEPlains,El_Nino,Fall,Dam_Present,1,24,0.041666666666666664
8022070,SEPlains,La_Nina,Spring,Dam_Present,3,15,0.2
8022070,SEPlains,La_Nina,Winter,Dam_Present,1,15,0.06666666666666667
8025360,SEPlains,El_Nino,Spring,Dam_Present,1,24,0.041666666666666664
8025360,SEPlains,El_Nino,Summer,Dam_Present,1,24,0.041666666666666664
8025360,SEPlains,La_Nina,Fall,Dam_Present,1,15,0.06666666666666667
8025360,SEPlains,La_Nina,Spring,Dam_Present,1,15,0.06666666666666667
8025360,SEPlains,La_Nina,Winter,Dam_Present,1,15,0.06666666666666667
8025500,SEPlains,El_Nino,Fall,Dam_Present,10,24,0.4166666666666667
8025500,SEPlains,El_Nino,Spring,Dam_Present,5,24,0.20833333333333334
8025500,SEPlains,El_Nino,Summer,Dam_Present,3,24,0.125
8025500,SEPlains,El_Nino,Winter,Dam_Present,7,24,0.2916666666666667
8025500,SEPlains,La_Nina,Fall,Dam_Present,2,15,0.13333333333333333
8025500,SEPlains,La_Nina,Spring,Dam_Present,3,15,0.2
8025500,SEPlains,La_Nina,Summer,Dam_Present,4,15,0.26666666666666666
8025500,SEPlains,La_Nina,Winter,Dam_Present,4,15,0.26666666666666666
8025500,SEPlains,Neutral,Fall,Dam_Present,1,5,0.2
8025500,SEPlains,Neutral,Spring,Dam_Present,2,5,0.4
8025500,SEPlains,Neutral,Summer,Dam_Present,4,5,0.8
8026000,SEPlains,El_Nino,Fall,Dam_Absent,5,24,0.20833333333333334
8026000,SEPlains,El_Nino,Spring,Dam_Absent,6,24,0.25
8026000,SEPlains,El_Nino,Summer,Dam_Absent,3,24,0.125
8026000,SEPlains,El_Nino,Winter,Dam_Absent,10,24,0.4166666666666667
8026000,SEPlains,La_Nina,Fall,Dam_Absent,2,15,0.13333333333333333
8026000,SEPlains,La_Nina,Spring,Dam_Absent,2,15,0.13333333333333333
8026000,SEPlains,La_Nina,Summer,Dam_Absent,4,15,0.26666666666666666
8026000,SEPlains,La_Nina,Winter,Dam_Absent,6,15,0.4
8026000,SEPlains,Neutral,Spring,Dam_Absent,1,5,0.2
8026000,SEPlains,Neutral,Summer,Dam_Absent,3,5,0.6
8026000,SEPlains,Neutral,Winter,Dam_Absent,2,5,0.4
8028000,SEPlains,El_Nino,Fall,Dam_Absent,5,24,0.20833333333333334
8028000,SEPlains,El_Nino,Spring,Dam_Absent,5,24,0.20833333333333334
8028000,SEPlains,El_Nino,Summer,Dam_Absent,4,24,0.16666666666666666
8028000,SEPlains,El_Nino,Winter,Dam_Absent,5,24,0.20833333333333334
8028000,SEPlains,La_Nina,Fall,Dam_Absent,7,15,0.4666666666666667
8028000,SEPlains,La_Nina,Spring,Dam_Absent,4,15,0.26666666666666666
8028000,SEPlains,La_Nina,Summer,Dam_Absent,3,15,0.2
8028000,SEPlains,La_Nina,Winter,Dam_Absent,4,15,0.26666666666666666
8028000,SEPlains,Neutral,Fall,Dam_Absent,2,5,0.4
8028000,SEPlains,Neutral,Spring,Dam_Absent,1,5,0.2
8028000,SEPlains,Neutral,Summer,Dam_Absent,1,5,0.2
8028500,SEPlains,El_Nino,Fall,Dam_Absent,5,24,0.20833333333333334
8028500,SEPlains,El_Nino,Spring,Dam_Absent,6,24,0.25
8028500,SEPlains,El_Nino,Summer,Dam_Absent,6,24,0.25
8028500,SEPlains,El_Nino,Winter,Dam_Absent,10,24,0.4166666666666667
8028500,SEPlains,La_Nina,Fall,Dam_Absent,3,15,0.2
8028500,SEPlains,La_Nina,Spring,Dam_Absent,1,15,0.06666666666666667
8028500,SEPlains,La_Nina,Summer,Dam_Absent,3,15,0.2
8028500,SEPlains,La_Nina,Winter,Dam_Absent,6,15,0.4
8028500,SEPlains,Neutral,Fall,Dam_Absent,1,5,0.2
8028500,SEPlains,Neutral,Spring,Dam_Absent,3,5,0.6
8028500,SEPlains,Neutral,Summer,Dam_Absent,3,5,0.6
8028500,SEPlains,Neutral,Winter,Dam_Absent,1,5,0.2
8030500,SEPlains,El_Nino,Fall,Dam_Absent,6,24,0.25
8030500,SEPlains,El_Nino,Spring,Dam_Absent,9,24,0.375
8030500,SEPlains,El_Nino,Summer,Dam_Absent,6,24,0.25
8030500,SEPlains,El_Nino,Winter,Dam_Absent,8,24,0.3333333333333333
8030500,SEPlains,La_Nina,Fall,Dam_Absent,3,15,0.2
8030500,SEPlains,La_Nina,Spring,Dam_Absent,2,15,0.13333333333333333
8030500,SEPlains,La_Nina,Summer,Dam_Absent,3,15,0.2
8030500,SEPlains,La_Nina,Winter,Dam_Absent,6,15,0.4
8030500,SEPlains,Neutral,Fall,Dam_Absent,2,5,0.4
8030500,SEPlains,Neutral,Spring,Dam_Absent,3,5,0.6
8030500,SEPlains,Neutral,Summer,Dam_Absent,4,5,0.8
8030500,SEPlains,Neutral,Winter,Dam_Absent,1,5,0.2
8032000,SEPlains,El_Nino,Fall,Dam_Absent,8,24,0.3333333333333333
8032000,SEPlains,El_Nino,Spring,Dam_Absent,4,24,0.16666666666666666
8032000,SEPlains,El_Nino,Summer,Dam_Absent,4,24,0.16666666666666666
8032000,SEPlains,El_Nino,Winter,Dam_Absent,5,24,0.20833333333333334
8032000,SEPlains,La_Nina,Fall,Dam_Absent,4,15,0.26666666666666666
8032000,SEPlains,La_Nina,Spring,Dam_Absent,2,15,0.13333333333333333
8032000,SEPlains,La_Nina,Winter,Dam_Absent,3,15,0.2
8032000,SEPlains,Neutral,Fall,Dam_Absent,1,5,0.2
8032000,SEPlains,Neutral,Spring,Dam_Absent,1,5,0.2
8032000,SEPlains,Neutral,Summer,Dam_Absent,1,5,0.2
8032000,SEPlains,Neutral,Winter,Dam_Absent,4,5,0.8
8032500,SEPlains,El_Nino,Spring,Dam_Absent,1,24,0.041666666666666664
8032500,SEPlains,La_Nina,Spring,Dam_Absent,2,15,0.13333333333333333
8032500,SEPlains,La_Nina,Winter,Dam_Absent,2,15,0.13333333333333333
8033000,SEPlains,El_Nino,Fall,Dam_Absent,2,24,0.08333333333333333
8033000,SEPlains,El_Nino,Spring,Dam_Absent,1,24,0.041666666666666664
8033000,SEPlains,El_Nino,Summer,Dam_Absent,1,24,0.041666666666666664
8033000,SEPlains,El_Nino,Winter,Dam_Absent,3,24,0.125
8033000,SEPlains,La_Nina,Fall,Dam_Absent,2,15,0.13333333333333333
8033000,SEPlains,La_Nina,Spring,Dam_Absent,4,15,0.26666666666666666
8033000,SEPlains,La_Nina,Winter,Dam_Absent,1,15,0.06666666666666667
8033500,SEPlains,El_Nino,Fall,Dam_Absent,4,24,0.16666666666666666
8033500,SEPlains,El_Nino,Spring,Dam_Absent,5,24,0.20833333333333334
8033500,SEPlains,El_Nino,Summer,Dam_Absent,1,24,0.041666666666666664
8033500,SEPlains,El_Nino,Winter,Dam_Absent,3,24,0.125
8033500,SEPlains,La_Nina,Fall,Dam_Absent,3,15,0.2
8033500,SEPlains,La_Nina,Spring,Dam_Absent,3,15,0.2
8033500,SEPlains,La_Nina,Summer,Dam_Absent,1,15,0.06666666666666667
8033500,SEPlains,La_Nina,Winter,Dam_Absent,2,15,0.13333333333333333
8033500,SEPlains,Neutral,Fall,Dam_Absent,2,5,0.4
8033500,SEPlains,Neutral,Spring,Dam_Absent,2,5,0.4
8033500,SEPlains,Neutral,Summer,Dam_Absent,2,5,0.4
8033500,SEPlains,Neutral,Winter,Dam_Absent,2,5,0.4
8034500,SEPlains,El_Nino,Fall,Dam_Absent,6,24,0.25
8034500,SEPlains,El_Nino,Spring,Dam_Absent,2,24,0.08333333333333333
8034500,SEPlains,El_Nino,Summer,Dam_Absent,1,24,0.041666666666666664
8034500,SEPlains,El_Nino,Winter,Dam_Absent,6,24,0.25
8034500,SEPlains,La_Nina,Fall,Dam_Absent,2,15,0.13333333333333333
8034500,SEPlains,La_Nina,Spring,Dam_Absent,2,15,0.13333333333333333
8034500,SEPlains,La_Nina,Summer,Dam_Absent,1,15,0.06666666666666667
8034500,SEPlains,La_Nina,Winter,Dam_Absent,1,15,0.06666666666666667
8034500,SEPlains,Neutral,Spring,Dam_Absent,2,5,0.4
8034500,SEPlains,Neutral,Summer,Dam_Absent,2,5,0.4
8034500,SEPlains,Neutral,Winter,Dam_Absent,1,5,0.2
8036500,SEPlains,El_Nino,Fall,Dam_Absent,9,24,0.375
8036500,SEPlains,El_Nino,Spring,Dam_Absent,7,24,0.2916666666666667
8036500,SEPlains,El_Nino,Summer,Dam_Absent,7,24,0.2916666666666667
8036500,SEPlains,El_Nino,Winter,Dam_Absent,5,24,0.20833333333333334
8036500,SEPlains,La_Nina,Fall,Dam_Absent,3,15,0.2
8036500,SEPlains,La_Nina,Spring,Dam_Absent,3,15,0.2
8036500,SEPlains,La_Nina,Summer,Dam_Absent,3,15,0.2
8036500,SEPlains,La_Nina,Winter,Dam_Absent,6,15,0.4
8036500,SEPlains,Neutral,Fall,Dam_Absent,1,5,0.2
8036500,SEPlains,Neutral,Spring,Dam_Absent,1,5,0.2
8036500,SEPlains,Neutral,Summer,Dam_Absent,2,5,0.4
8036500,SEPlains,Neutral,Winter,Dam_Absent,3,5,0.6
8038000,SEPlains,El_Nino,Spring,Dam_Absent,2,24,0.08333333333333333
8038000,SEPlains,La_Nina,Winter,Dam_Absent,1,15,0.06666666666666667
8040600,SEPlains,El_Nino,Fall,Dam_Present,5,24,0.20833333333333334
8040600,SEPlains,El_Nino,Spring,Dam_Present,5,24,0.20833333333333334
8040600,SEPlains,El_Nino,Summer,Dam_Present,9,24,0.375
8040600,SEPlains,El_Nino,Winter,Dam_Present,6,24,0.25
8040600,SEPlains,La_Nina,Fall,Dam_Present,5,15,0.3333333333333333
8040600,SEPlains,La_Nina,Spring,Dam_Present,1,15,0.06666666666666667
8040600,SEPlains,La_Nina,Summer,Dam_Present,2,15,0.13333333333333333
8040600,SEPlains,La_Nina,Winter,Dam_Present,3,15,0.2
8040600,SEPlains,Neutral,Fall,Dam_Present,1,5,0.2
8040600,SEPlains,Neutral,Spring,Dam_Present,3,5,0.6
8040600,SEPlains,Neutral,Summer,Dam_Present,2,5,0.4
8040600,SEPlains,Neutral,Winter,Dam_Present,3,5,0.6
8041000,SEPlains,El_Nino,Fall,Dam_Absent,6,24,0.25
8041000,SEPlains,El_Nino,Spring,Dam_Absent,2,24,0.08333333333333333
8041000,SEPlains,El_Nino,Summer,Dam_Absent,8,24,0.3333333333333333
8041000,SEPlains,El_Nino,Winter,Dam_Absent,7,24,0.2916666666666667
8041000,SEPlains,La_Nina,Fall,Dam_Absent,6,15,0.4
8041000,SEPlains,La_Nina,Spring,Dam_Absent,1,15,0.06666666666666667
8041000,SEPlains,La_Nina,Summer,Dam_Absent,2,15,0.13333333333333333
8041000,SEPlains,La_Nina,Winter,Dam_Absent,3,15,0.2
8041000,SEPlains,Neutral,Spring,Dam_Absent,3,5,0.6
8041000,SEPlains,Neutral,Summer,Dam_Absent,2,5,0.4
8041000,SEPlains,Neutral,Winter,Dam_Absent,3,5,0.6
8041780,SEPlains,El_Nino,Fall,Dam_Absent,3,24,0.125
8041780,SEPlains,El_Nino,Spring,Dam_Absent,1,24,0.041666666666666664
8041780,SEPlains,El_Nino,Summer,Dam_Absent,8,24,0.3333333333333333
8041780,SEPlains,El_Nino,Winter,Dam_Absent,7,24,0.2916666666666667
8041780,SEPlains,La_Nina,Fall,Dam_Absent,1,15,0.06666666666666667
8041780,SEPlains,La_Nina,Summer,Dam_Absent,1,15,0.06666666666666667
8041780,SEPlains,La_Nina,Winter,Dam_Absent,1,15,0.06666666666666667
8041780,SEPlains,Neutral,Fall,Dam_Absent,1,5,0.2
8041780,SEPlains,Neutral,Spring,Dam_Absent,3,5,0.6
8041780,SEPlains,Neutral,Summer,Dam_Absent,1,5,0.2
8041780,SEPlains,Neutral,Winter,Dam_Absent,2,5,0.4
8042800,WestPlains,El_Nino,Spring,Dam_Absent,2,24,0.08333333333333333
8042800,WestPlains,La_Nina,Fall,Dam_Absent,1,15,0.06666666666666667
8042800,WestPlains,La_Nina,Spring,Dam_Absent,1,15,0.06666666666666667
8042800,WestPlains,La_Nina,Winter,Dam_Absent,1,15,0.06666666666666667
8042800,WestPlains,Neutral,Spring,Dam_Absent,2,5,0.4
8043950,WestPlains,La_Nina,Fall,Dam_Present,1,15,0.06666666666666667
8043950,WestPlains,La_Nina,Spring,Dam_Present,2,15,0.13333333333333333
8043950,WestPlains,La_Nina,Summer,Dam_Present,1,15,0.06666666666666667
8043950,WestPlains,La_Nina,Winter,Dam_Present,1,15,0.06666666666666667
8044000,WestPlains,El_Nino,Fall,Dam_Present,1,24,0.041666666666666664
8044000,WestPlains,El_Nino,Spring,Dam_Present,1,24,0.041666666666666664
8044000,WestPlains,El_Nino,Winter,Dam_Present,1,24,0.041666666666666664
8044000,WestPlains,La_Nina,Spring,Dam_Present,1,15,0.06666666666666667
8044000,WestPlains,La_Nina,Winter,Dam_Present,2,15,0.13333333333333333
8044000,WestPlains,Neutral,Spring,Dam_Present,2,5,0.4
8044000,WestPlains,Neutral,Winter,Dam_Present,1,5,0.2
8044500,WestPlains,El_Nino,Fall,Dam_Absent,1,24,0.041666666666666664
8044500,WestPlains,El_Nino,Spring,Dam_Absent,3,24,0.125
8044500,WestPlains,El_Nino,Summer,Dam_Absent,1,24,0.041666666666666664
8044500,WestPlains,El_Nino,Winter,Dam_Absent,2,24,0.08333333333333333
8044500,WestPlains,La_Nina,Fall,Dam_Absent,3,15,0.2
8044500,WestPlains,La_Nina,Spring,Dam_Absent,2,15,0.13333333333333333
8044500,WestPlains,La_Nina,Summer,Dam_Absent,2,15,0.13333333333333333
8044500,WestPlains,La_Nina,Winter,Dam_Absent,3,15,0.2
8044500,WestPlains,Neutral,Fall,Dam_Absent,1,5,0.2
8044500,WestPlains,Neutral,Spring,Dam_Absent,2,5,0.4
8044500,WestPlains,Neutral,Summer,Dam_Absent,1,5,0.2
8044500,WestPlains,Neutral,Winter,Dam_Absent,3,5,0.6
8047000,WestPlains,El_Nino,Fall,Dam_Present,5,24,0.20833333333333334
8047000,WestPlains,El_Nino,Spring,Dam_Present,4,24,0.16666666666666666
8047000,WestPlains,El_Nino,Summer,Dam_Present,3,24,0.125
8047000,WestPlains,El_Nino,Winter,Dam_Present,4,24,0.16666666666666666
8047000,WestPlains,La_Nina,Fall,Dam_Present,3,15,0.2
8047000,WestPlains,La_Nina,Spring,Dam_Present,3,15,0.2
8047000,WestPlains,La_Nina,Summer,Dam_Present,3,15,0.2
8047000,WestPlains,La_Nina,Winter,Dam_Present,1,15,0.06666666666666667
8047000,WestPlains,Neutral,Fall,Dam_Present,1,5,0.2
8047000,WestPlains,Neutral,Spring,Dam_Present,1,5,0.2
8047000,WestPlains,Neutral,Summer,Dam_Present,1,5,0.2
8047000,WestPlains,Neutral,Winter,Dam_Present,1,5,0.2
8047050,WestPlains,El_Nino,Fall,Dam_Present,10,24,0.4166666666666667
8047050,WestPlains,El_Nino,Spring,Dam_Present,4,24,0.16666666666666666
8047050,WestPlains,El_Nino,Summer,Dam_Present,8,24,0.3333333333333333
8047050,WestPlains,El_Nino,Winter,Dam_Present,6,24,0.25
8047050,WestPlains,La_Nina,Fall,Dam_Present,3,15,0.2
8047050,WestPlains,La_Nina,Spring,Dam_Present,5,15,0.3333333333333333
8047050,WestPlains,La_Nina,Summer,Dam_Present,1,15,0.06666666666666667
8047050,WestPlains,La_Nina,Winter,Dam_Present,6,15,0.4
8047050,WestPlains,Neutral,Fall,Dam_Present,1,5,0.2
8047050,WestPlains,Neutral,Spring,Dam_Present,2,5,0.4
8047050,WestPlains,Neutral,Summer,Dam_Present,2,5,0.4
8050100,WestPlains,El_Nino,Fall,Dam_Present,1,24,0.041666666666666664
8050100,WestPlains,El_Nino,Spring,Dam_Present,1,24,0.041666666666666664
8050100,WestPlains,El_Nino,Winter,Dam_Present,2,24,0.08333333333333333
8050100,WestPlains,La_Nina,Fall,Dam_Present,4,15,0.26666666666666666
8050100,WestPlains,La_Nina,Summer,Dam_Present,6,15,0.4
8050100,WestPlains,La_Nina,Winter,Dam_Present,2,15,0.13333333333333333
8050100,WestPlains,Neutral,Fall,Dam_Present,1,5,0.2
8050100,WestPlains,Neutral,Spring,Dam_Present,2,5,0.4
8050100,WestPlains,Neutral,Summer,Dam_Present,2,5,0.4
8050100,WestPlains,Neutral,Winter,Dam_Present,1,5,0.2
8050400,WestPlains,El_Nino,Fall,Dam_Present,4,24,0.16666666666666666
8050400,WestPlains,El_Nino,Spring,Dam_Present,2,24,0.08333333333333333
8050400,WestPlains,El_Nino,Summer,Dam_Present,5,24,0.20833333333333334
8050400,WestPlains,La_Nina,Fall,Dam_Present,4,15,0.26666666666666666
8050400,WestPlains,La_Nina,Spring,Dam_Present,2,15,0.13333333333333333
8050400,WestPlains,La_Nina,Summer,Dam_Present,3,15,0.2
8050400,WestPlains,La_Nina,Winter,Dam_Present,2,15,0.13333333333333333
8050400,WestPlains,Neutral,Fall,Dam_Present,1,5,0.2
8050400,WestPlains,Neutral,Spring,Dam_Present,2,5,0.4
8050400,WestPlains,Neutral,Summer,Dam_Present,1,5,0.2
8050400,WestPlains,Neutral,Winter,Dam_Present,1,5,0.2
8051500,WestPlains,El_Nino,Fall,Dam_Present,2,24,0.08333333333333333
8051500,WestPlains,El_Nino,Spring,Dam_Present,4,24,0.16666666666666666
8051500,WestPlains,El_Nino,Summer,Dam_Present,1,24,0.041666666666666664
8051500,WestPlains,El_Nino,Winter,Dam_Present,3,24,0.125
8051500,WestPlains,La_Nina,Fall,Dam_Present,2,15,0.13333333333333333
8051500,WestPlains,La_Nina,Spring,Dam_Present,1,15,0.06666666666666667
8051500,WestPlains,La_Nina,Winter,Dam_Present,1,15,0.06666666666666667
8051500,WestPlains,Neutral,Fall,Dam_Present,1,5,0.2
8051500,WestPlains,Neutral,Spring,Dam_Present,1,5,0.2
8051500,WestPlains,Neutral,Summer,Dam_Present,1,5,0.2
8051500,WestPlains,Neutral,Winter,Dam_Present,1,5,0.2
8053000,WestPlains,El_Nino,Fall,Dam_Present,7,24,0.2916666666666667
8053000,WestPlains,El_Nino,Spring,Dam_Present,7,24,0.2916666666666667
8053000,WestPlains,El_Nino,Summer,Dam_Present,9,24,0.375
8053000,WestPlains,El_Nino,Winter,Dam_Present,6,24,0.25
8053000,WestPlains,La_Nina,Fall,Dam_Present,8,15,0.5333333333333333
8053000,WestPlains,La_Nina,Spring,Dam_Present,4,15,0.26666666666666666
8053000,WestPlains,La_Nina,Summer,Dam_Present,3,15,0.2
8053000,WestPlains,La_Nina,Winter,Dam_Present,5,15,0.3333333333333333
8053000,WestPlains,Neutral,Fall,Dam_Present,2,5,0.4
8053000,WestPlains,Neutral,Spring,Dam_Present,3,5,0.6
8053000,WestPlains,Neutral,Summer,Dam_Present,1,5,0.2
8053000,WestPlains,Neutral,Winter,Dam_Present,4,5,0.8
8053500,WestPlains,El_Nino,Winter,Dam_Absent,1,24,0.041666666666666664
8053500,WestPlains,La_Nina,Fall,Dam_Absent,2,15,0.13333333333333333
8053500,WestPlains,La_Nina,Summer,Dam_Absent,1,15,0.06666666666666667
8053500,WestPlains,La_Nina,Winter,Dam_Absent,3,15,0.2
8053500,WestPlains,Neutral,Spring,Dam_Absent,3,5,0.6
8053500,WestPlains,Neutral,Winter,Dam_Absent,2,5,0.4
8055000,WestPlains,El_Nino,Fall,Dam_Present,1,24,0.041666666666666664
8055000,WestPlains,El_Nino,Spring,Dam_Present,6,24,0.25
8055000,WestPlains,El_Nino,Summer,Dam_Present,8,24,0.3333333333333333
8055000,WestPlains,El_Nino,Winter,Dam_Present,5,24,0.20833333333333334
8055000,WestPlains,La_Nina,Fall,Dam_Present,6,15,0.4
8055000,WestPlains,La_Nina,Spring,Dam_Present,3,15,0.2
8055000,WestPlains,La_Nina,Summer,Dam_Present,3,15,0.2
8055000,WestPlains,La_Nina,Winter,Dam_Present,1,15,0.06666666666666667
8055000,WestPlains,Neutral,Fall,Dam_Present,1,5,0.2
8055000,WestPlains,Neutral,Spring,Dam_Present,1,5,0.2
8055000,WestPlains,Neutral,Winter,Dam_Present,3,5,0.6
8059000,WestPlains,El_Nino,Fall,Dam_Present,2,24,0.08333333333333333
8059000,WestPlains,El_Nino,Spring,Dam_Present,2,24,0.08333333333333333
8059000,WestPlains,El_Nino,Summer,Dam_Present,2,24,0.08333333333333333
8059000,WestPlains,El_Nino,Winter,Dam_Present,1,24,0.041666666666666664
8059000,WestPlains,La_Nina,Fall,Dam_Present,3,15,0.2
8059000,WestPlains,La_Nina,Spring,Dam_Present,1,15,0.06666666666666667
8059000,WestPlains,La_Nina,Summer,Dam_Present,1,15,0.06666666666666667
8059000,WestPlains,La_Nina,Winter,Dam_Present,3,15,0.2
8059000,WestPlains,Neutral,Fall,Dam_Present,3,5,0.6
8059000,WestPlains,Neutral,Spring,Dam_Present,3,5,0.6
8059000,WestPlains,Neutral,Summer,Dam_Present,2,5,0.4
8059000,WestPlains,Neutral,Winter,Dam_Present,2,5,0.4
8059400,WestPlains,El_Nino,Fall,Dam_Present,1,24,0.041666666666666664
8059400,WestPlains,La_Nina,Spring,Dam_Present,2,15,0.13333333333333333
8059400,WestPlains,La_Nina,Winter,Dam_Present,3,15,0.2
8061551,WestPlains,El_Nino,Fall,Dam_Absent,1,24,0.041666666666666664
8061551,WestPlains,El_Nino,Spring,Dam_Absent,1,24,0.041666666666666664
8061551,WestPlains,El_Nino,Summer,Dam_Absent,4,24,0.16666666666666666
8061551,WestPlains,El_Nino,Winter,Dam_Absent,1,24,0.041666666666666664
8061551,WestPlains,La_Nina,Fall,Dam_Absent,5,15,0.3333333333333333
8061551,WestPlains,La_Nina,Spring,Dam_Absent,1,15,0.06666666666666667
8061551,WestPlains,La_Nina,Summer,Dam_Absent,3,15,0.2
8061551,WestPlains,La_Nina,Winter,Dam_Absent,3,15,0.2
8061551,WestPlains,Neutral,Fall,Dam_Absent,1,5,0.2
8061750,WestPlains,El_Nino,Fall,Dam_Present,3,24,0.125
8061750,WestPlains,El_Nino,Spring,Dam_Present,3,24,0.125
8061750,WestPlains,El_Nino,Summer,Dam_Present,3,24,0.125
8061750,WestPlains,El_Nino,Winter,Dam_Present,2,24,0.08333333333333333
8061750,WestPlains,La_Nina,Fall,Dam_Present,3,15,0.2
8061750,WestPlains,La_Nina,Spring,Dam_Present,2,15,0.13333333333333333
8061750,WestPlains,La_Nina,Summer,Dam_Present,4,15,0.26666666666666666
8061750,WestPlains,La_Nina,Winter,Dam_Present,5,15,0.3333333333333333
8061750,WestPlains,Neutral,Spring,Dam_Present,3,5,0.6
8061750,WestPlains,Neutral,Summer,Dam_Present,1,5,0.2
8061750,WestPlains,Neutral,Winter,Dam_Present,2,5,0.4
8062000,WestPlains,El_Nino,Fall,Dam_Present,5,24,0.20833333333333334
8062000,WestPlains,El_Nino,Spring,Dam_Present,3,24,0.125
8062000,WestPlains,El_Nino,Summer,Dam_Present,3,24,0.125
8062000,WestPlains,El_Nino,Winter,Dam_Present,4,24,0.16666666666666666
8062000,WestPlains,La_Nina,Fall,Dam_Present,2,15,0.13333333333333333
8062000,WestPlains,La_Nina,Spring,Dam_Present,3,15,0.2
8062000,WestPlains,La_Nina,Summer,Dam_Present,2,15,0.13333333333333333
8062000,WestPlains,Neutral,Fall,Dam_Present,1,5,0.2
8062000,WestPlains,Neutral,Spring,Dam_Present,1,5,0.2
8062000,WestPlains,Neutral,Summer,Dam_Present,3,5,0.6
8062000,WestPlains,Neutral,Winter,Dam_Present,2,5,0.4
8062500,WestPlains,El_Nino,Fall,Dam_Absent,3,24,0.125
8062500,WestPlains,El_Nino,Spring,Dam_Absent,3,24,0.125
8062500,WestPlains,El_Nino,Summer,Dam_Absent,2,24,0.08333333333333333
8062500,WestPlains,El_Nino,Winter,Dam_Absent,4,24,0.16666666666666666
8062500,WestPlains,La_Nina,Fall,Dam_Absent,4,15,0.26666666666666666
8062500,WestPlains,La_Nina,Spring,Dam_Absent,3,15,0.2
8062500,WestPlains,La_Nina,Summer,Dam_Absent,5,15,0.3333333333333333
8062500,WestPlains,La_Nina,Winter,Dam_Absent,4,15,0.26666666666666666
8062500,WestPlains,Neutral,Fall,Dam_Absent,1,5,0.2
8062500,WestPlains,Neutral,Spring,Dam_Absent,4,5,0.8
8062500,WestPlains,Neutral,Summer,Dam_Absent,2,5,0.4
8062800,SEPlains,El_Nino,Fall,Dam_Absent,1,24,0.041666666666666664
8062800,SEPlains,El_Nino,Spring,Dam_Absent,6,24,0.25
8062800,SEPlains,El_Nino,Summer,Dam_Absent,2,24,0.08333333333333333
8062800,SEPlains,El_Nino,Winter,Dam_Absent,2,24,0.08333333333333333
8062800,SEPlains,La_Nina,Spring,Dam_Absent,2,15,0.13333333333333333
8062800,SEPlains,La_Nina,Winter,Dam_Absent,6,15,0.4
8062800,SEPlains,Neutral,Fall,Dam_Absent,1,5,0.2
8062800,SEPlains,Neutral,Spring,Dam_Absent,2,5,0.4
8062800,SEPlains,Neutral,Summer,Dam_Absent,1,5,0.2
8063048,WestPlains,El_Nino,Winter,Dam_Present,3,24,0.125
8063048,WestPlains,La_Nina,Spring,Dam_Present,2,15,0.13333333333333333
8063048,WestPlains,La_Nina,Winter,Dam_Present,2,15,0.13333333333333333
8063048,WestPlains,Neutral,Spring,Dam_Present,2,5,0.4
8063048,WestPlains,Neutral,Winter,Dam_Present,1,5,0.2
8063100,WestPlains,El_Nino,Fall,Dam_Present,3,24,0.125
8063100,WestPlains,El_Nino,Spring,Dam_Present,3,24,0.125
8063100,WestPlains,El_Nino,Summer,Dam_Present,2,24,0.08333333333333333
8063100,WestPlains,El_Nino,Winter,Dam_Present,4,24,0.16666666666666666
8063100,WestPlains,La_Nina,Fall,Dam_Present,3,15,0.2
8063100,WestPlains,La_Nina,Spring,Dam_Present,4,15,0.26666666666666666
8063100,WestPlains,La_Nina,Summer,Dam_Present,3,15,0.2
8063100,WestPlains,La_Nina,Winter,Dam_Present,3,15,0.2
8063100,WestPlains,Neutral,Fall,Dam_Present,2,5,0.4
8063100,WestPlains,Neutral,Spring,Dam_Present,1,5,0.2
8063100,WestPlains,Neutral,Summer,Dam_Present,1,5,0.2
8063100,WestPlains,Neutral,Winter,Dam_Present,1,5,0.2
8063800,WestPlains,El_Nino,Spring,Dam_Present,2,24,0.08333333333333333
8063800,WestPlains,El_Nino,Winter,Dam_Present,1,24,0.041666666666666664
8063800,WestPlains,La_Nina,Spring,Dam_Present,2,15,0.13333333333333333
8063800,WestPlains,La_Nina,Winter,Dam_Present,2,15,0.13333333333333333
8064100,WestPlains,El_Nino,Fall,Dam_Present,1,24,0.041666666666666664
8064100,WestPlains,El_Nino,Summer,Dam_Present,2,24,0.08333333333333333
8064100,WestPlains,El_Nino,Winter,Dam_Present,2,24,0.08333333333333333
8064100,WestPlains,La_Nina,Fall,Dam_Present,2,15,0.13333333333333333
8064100,WestPlains,La_Nina,Spring,Dam_Present,4,15,0.26666666666666666
8064100,WestPlains,La_Nina,Summer,Dam_Present,2,15,0.13333333333333333
8064100,WestPlains,La_Nina,Winter,Dam_Present,3,15,0.2
8064100,WestPlains,Neutral,Fall,Dam_Present,1,5,0.2
8064100,WestPlains,Neutral,Spring,Dam_Present,2,5,0.4
8064100,WestPlains,Neutral,Summer,Dam_Present,1,5,0.2
8064100,WestPlains,Neutral,Winter,Dam_Present,1,5,0.2
8066250,WestPlains,El_Nino,Fall,Dam_Present,8,24,0.3333333333333333
8066250,WestPlains,El_Nino,Spring,Dam_Present,9,24,0.375
8066250,WestPlains,El_Nino,Summer,Dam_Present,5,24,0.20833333333333334
8066250,WestPlains,El_Nino,Winter,Dam_Present,6,24,0.25
8066250,WestPlains,La_Nina,Fall,Dam_Present,4,15,0.26666666666666666
8066250,WestPlains,La_Nina,Spring,Dam_Present,2,15,0.13333333333333333
8066250,WestPlains,La_Nina,Summer,Dam_Present,6,15,0.4
8066250,WestPlains,La_Nina,Winter,Dam_Present,4,15,0.26666666666666666
8066250,WestPlains,Neutral,Fall,Dam_Present,1,5,0.2
8066250,WestPlains,Neutral,Spring,Dam_Present,2,5,0.4
8066250,WestPlains,Neutral,Summer,Dam_Present,3,5,0.6
8066250,WestPlains,Neutral,Winter,Dam_Present,3,5,0.6
8067650,SEPlains,El_Nino,Spring,Dam_Present,1,24,0.041666666666666664
8067650,SEPlains,El_Nino,Summer,Dam_Present,1,24,0.041666666666666664
8067650,SEPlains,El_Nino,Winter,Dam_Present,1,24,0.041666666666666664
8067650,SEPlains,La_Nina,Spring,Dam_Present,2,15,0.13333333333333333
8067650,SEPlains,La_Nina,Winter,Dam_Present,1,15,0.06666666666666667
8068000,SEPlains,El_Nino,Fall,Dam_Absent,8,24,0.3333333333333333
8068000,SEPlains,El_Nino,Spring,Dam_Absent,8,24,0.3333333333333333
8068000,SEPlains,El_Nino,Summer,Dam_Absent,4,24,0.16666666666666666
8068000,SEPlains,El_Nino,Winter,Dam_Absent,6,24,0.25
8068000,SEPlains,La_Nina,Fall,Dam_Absent,5,15,0.3333333333333333
8068000,SEPlains,La_Nina,Spring,Dam_Absent,4,15,0.26666666666666666
8068000,SEPlains,La_Nina,Summer,Dam_Absent,6,15,0.4
8068000,SEPlains,La_Nina,Winter,Dam_Absent,5,15,0.3333333333333333
8068000,SEPlains,Neutral,Fall,Dam_Absent,2,5,0.4
8068000,SEPlains,Neutral,Spring,Dam_Absent,3,5,0.6
8068000,SEPlains,Neutral,Summer,Dam_Absent,3,5,0.6
8068000,SEPlains,Neutral,Winter,Dam_Absent,2,5,0.4
8068090,SEPlains,El_Nino,Fall,Dam_Absent,8,24,0.3333333333333333
8068090,SEPlains,El_Nino,Spring,Dam_Absent,8,24,0.3333333333333333
8068090,SEPlains,El_Nino,Summer,Dam_Absent,3,24,0.125
8068090,SEPlains,El_Nino,Winter,Dam_Absent,4,24,0.16666666666666666
8068090,SEPlains,La_Nina,Fall,Dam_Absent,2,15,0.13333333333333333
8068090,SEPlains,La_Nina,Spring,Dam_Absent,2,15,0.13333333333333333
8068090,SEPlains,La_Nina,Summer,Dam_Absent,5,15,0.3333333333333333
8068090,SEPlains,La_Nina,Winter,Dam_Absent,3,15,0.2
8068090,SEPlains,Neutral,Fall,Dam_Absent,1,5,0.2
8068090,SEPlains,Neutral,Spring,Dam_Absent,2,5,0.4
8068090,SEPlains,Neutral,Summer,Dam_Absent,3,5,0.6
8068090,SEPlains,Neutral,Winter,Dam_Absent,3,5,0.6
8068275,SEPlains,El_Nino,Fall,Dam_Absent,5,24,0.20833333333333334
8068275,SEPlains,El_Nino,Spring,Dam_Absent,6,24,0.25
8068275,SEPlains,El_Nino,Summer,Dam_Absent,2,24,0.08333333333333333
8068275,SEPlains,El_Nino,Winter,Dam_Absent,4,24,0.16666666666666666
8068275,SEPlains,La_Nina,Fall,Dam_Absent,2,15,0.13333333333333333
8068275,SEPlains,La_Nina,Spring,Dam_Absent,3,15,0.2
8068275,SEPlains,La_Nina,Summer,Dam_Absent,5,15,0.3333333333333333
8068275,SEPlains,La_Nina,Winter,Dam_Absent,2,15,0.13333333333333333
8068275,SEPlains,Neutral,Fall,Dam_Absent,2,5,0.4
8068275,SEPlains,Neutral,Spring,Dam_Absent,2,5,0.4
8068275,SEPlains,Neutral,Summer,Dam_Absent,2,5,0.4
8068275,SEPlains,Neutral,Winter,Dam_Absent,1,5,0.2
8068390,SEPlains,El_Nino,Fall,Dam_Present,4,24,0.16666666666666666
8068390,SEPlains,El_Nino,Spring,Dam_Present,5,24,0.20833333333333334
8068390,SEPlains,El_Nino,Summer,Dam_Present,6,24,0.25
8068390,SEPlains,El_Nino,Winter,Dam_Present,5,24,0.20833333333333334
8068390,SEPlains,La_Nina,Fall,Dam_Present,8,15,0.5333333333333333
8068390,SEPlains,La_Nina,Spring,Dam_Present,3,15,0.2
8068390,SEPlains,La_Nina,Summer,Dam_Present,3,15,0.2
8068390,SEPlains,La_Nina,Winter,Dam_Present,6,15,0.4
8068390,SEPlains,Neutral,Spring,Dam_Present,1,5,0.2
8068390,SEPlains,Neutral,Summer,Dam_Present,2,5,0.4
8068390,SEPlains,Neutral,Winter,Dam_Present,1,5,0.2
8068400,SEPlains,El_Nino,Fall,Dam_Present,6,24,0.25
8068400,SEPlains,El_Nino,Spring,Dam_Present,4,24,0.16666666666666666
8068400,SEPlains,El_Nino,Summer,Dam_Present,1,24,0.041666666666666664
8068400,SEPlains,El_Nino,Winter,Dam_Present,4,24,0.16666666666666666
8068400,SEPlains,La_Nina,Fall,Dam_Present,6,15,0.4
8068400,SEPlains,La_Nina,Spring,Dam_Present,1,15,0.06666666666666667
8068400,SEPlains,La_Nina,Summer,Dam_Present,6,15,0.4
8068400,SEPlains,La_Nina,Winter,Dam_Present,7,15,0.4666666666666667
8068450,SEPlains,El_Nino,Fall,Dam_Present,3,24,0.125
8068450,SEPlains,El_Nino,Spring,Dam_Present,4,24,0.16666666666666666
8068450,SEPlains,El_Nino,Summer,Dam_Present,3,24,0.125
8068450,SEPlains,El_Nino,Winter,Dam_Present,5,24,0.20833333333333334
8068450,SEPlains,La_Nina,Fall,Dam_Present,6,15,0.4
8068450,SEPlains,La_Nina,Spring,Dam_Present,3,15,0.2
8068450,SEPlains,La_Nina,Summer,Dam_Present,6,15,0.4
8068450,SEPlains,La_Nina,Winter,Dam_Present,5,15,0.3333333333333333
8068450,SEPlains,Neutral,Fall,Dam_Present,1,5,0.2
8068450,SEPlains,Neutral,Spring,Dam_Present,1,5,0.2
8068450,SEPlains,Neutral,Summer,Dam_Present,1,5,0.2
8068500,SEPlains,El_Nino,Fall,Dam_Present,5,24,0.20833333333333334
8068500,SEPlains,El_Nino,Spring,Dam_Present,6,24,0.25
8068500,SEPlains,El_Nino,Summer,Dam_Present,3,24,0.125
8068500,SEPlains,El_Nino,Winter,Dam_Present,7,24,0.2916666666666667
8068500,SEPlains,La_Nina,Fall,Dam_Present,8,15,0.5333333333333333
8068500,SEPlains,La_Nina,Spring,Dam_Present,8,15,0.5333333333333333
8068500,SEPlains,La_Nina,Summer,Dam_Present,5,15,0.3333333333333333
8068500,SEPlains,La_Nina,Winter,Dam_Present,4,15,0.26666666666666666
8068500,SEPlains,Neutral,Fall,Dam_Present,1,5,0.2
8068500,SEPlains,Neutral,Spring,Dam_Present,3,5,0.6
8068500,SEPlains,Neutral,Summer,Dam_Present,2,5,0.4
8068500,SEPlains,Neutral,Winter,Dam_Present,1,5,0.2
8071280,SEPlains,El_Nino,Fall,Dam_Present,7,24,0.2916666666666667
8071280,SEPlains,El_Nino,Spring,Dam_Present,4,24,0.16666666666666666
8071280,SEPlains,El_Nino,Summer,Dam_Present,4,24,0.16666666666666666
8071280,SEPlains,El_Nino,Winter,Dam_Present,4,24,0.16666666666666666
8071280,SEPlains,La_Nina,Spring,Dam_Present,2,15,0.13333333333333333
8071280,SEPlains,La_Nina,Summer,Dam_Present,1,15,0.06666666666666667
8071280,SEPlains,La_Nina,Winter,Dam_Present,2,15,0.13333333333333333
8071280,SEPlains,Neutral,Fall,Dam_Present,1,5,0.2
8071280,SEPlains,Neutral,Spring,Dam_Present,1,5,0.2
8071280,SEPlains,Neutral,Summer,Dam_Present,4,5,0.8
8071280,SEPlains,Neutral,Winter,Dam_Present,1,5,0.2
8082000,WestPlains,El_Nino,Spring,Dam_Absent,1,24,0.041666666666666664
8082000,WestPlains,El_Nino,Summer,Dam_Absent,1,24,0.041666666666666664
8082000,WestPlains,El_Nino,Winter,Dam_Absent,3,24,0.125
8082000,WestPlains,La_Nina,Fall,Dam_Absent,5,15,0.3333333333333333
8082000,WestPlains,La_Nina,Spring,Dam_Absent,2,15,0.13333333333333333
8082000,WestPlains,La_Nina,Summer,Dam_Absent,3,15,0.2
8082000,WestPlains,La_Nina,Winter,Dam_Absent,2,15,0.13333333333333333
8082000,WestPlains,Neutral,Spring,Dam_Absent,1,5,0.2
8082000,WestPlains,Neutral,Summer,Dam_Absent,1,5,0.2
8082500,WestPlains,El_Nino,Fall,Dam_Absent,4,24,0.16666666666666666
8082500,WestPlains,El_Nino,Spring,Dam_Absent,4,24,0.16666666666666666
8082500,WestPlains,El_Nino,Summer,Dam_Absent,6,24,0.25
8082500,WestPlains,El_Nino,Winter,Dam_Absent,2,24,0.08333333333333333
8082500,WestPlains,La_Nina,Fall,Dam_Absent,3,15,0.2
8082500,WestPlains,La_Nina,Spring,Dam_Absent,3,15,0.2
8082500,WestPlains,La_Nina,Summer,Dam_Absent,5,15,0.3333333333333333
8082500,WestPlains,La_Nina,Winter,Dam_Absent,3,15,0.2
8082500,WestPlains,Neutral,Fall,Dam_Absent,2,5,0.4
8082500,WestPlains,Neutral,Spring,Dam_Absent,2,5,0.4
8082500,WestPlains,Neutral,Summer,Dam_Absent,1,5,0.2
8082500,WestPlains,Neutral,Winter,Dam_Absent,1,5,0.2
8083230,WestPlains,El_Nino,Fall,Dam_Absent,2,24,0.08333333333333333
8083230,WestPlains,El_Nino,Spring,Dam_Absent,2,24,0.08333333333333333
8083230,WestPlains,El_Nino,Summer,Dam_Absent,3,24,0.125
8083230,WestPlains,La_Nina,Fall,Dam_Absent,1,15,0.06666666666666667
8083230,WestPlains,Neutral,Fall,Dam_Absent,1,5,0.2
8083230,WestPlains,Neutral,Spring,Dam_Absent,1,5,0.2
8083230,WestPlains,Neutral,Summer,Dam_Absent,2,5,0.4
8083240,WestPlains,El_Nino,Spring,Dam_Absent,3,24,0.125
8083240,WestPlains,El_Nino,Summer,Dam_Absent,1,24,0.041666666666666664
8083240,WestPlains,La_Nina,Fall,Dam_Absent,3,15,0.2
8083240,WestPlains,La_Nina,Spring,Dam_Absent,1,15,0.06666666666666667
8083240,WestPlains,La_Nina,Winter,Dam_Absent,1,15,0.06666666666666667
8084000,WestPlains,El_Nino,Fall,Dam_Present,1,24,0.041666666666666664
8084000,WestPlains,El_Nino,Spring,Dam_Present,5,24,0.20833333333333334
8084000,WestPlains,El_Nino,Summer,Dam_Present,3,24,0.125
8084000,WestPlains,El_Nino,Winter,Dam_Present,1,24,0.041666666666666664
8084000,WestPlains,La_Nina,Spring,Dam_Present,4,15,0.26666666666666666
8084000,WestPlains,La_Nina,Summer,Dam_Present,3,15,0.2
8084000,WestPlains,La_Nina,Winter,Dam_Present,1,15,0.06666666666666667
8084000,WestPlains,Neutral,Fall,Dam_Present,2,5,0.4
8084000,WestPlains,Neutral,Spring,Dam_Present,2,5,0.4
8084000,WestPlains,Neutral,Summer,Dam_Present,1,5,0.2
8084000,WestPlains,Neutral,Winter,Dam_Present,2,5,0.4
8084800,WestPlains,El_Nino,Fall,Dam_Absent,2,24,0.08333333333333333
8084800,WestPlains,El_Nino,Spring,Dam_Absent,4,24,0.16666666666666666
8084800,WestPlains,El_Nino,Summer,Dam_Absent,7,24,0.2916666666666667
8084800,WestPlains,El_Nino,Winter,Dam_Absent,4,24,0.16666666666666666
8084800,WestPlains,La_Nina,Fall,Dam_Absent,7,15,0.4666666666666667
8084800,WestPlains,La_Nina,Spring,Dam_Absent,2,15,0.13333333333333333
8084800,WestPlains,La_Nina,Summer,Dam_Absent,5,15,0.3333333333333333
8084800,WestPlains,La_Nina,Winter,Dam_Absent,2,15,0.13333333333333333
8084800,WestPlains,Neutral,Fall,Dam_Absent,2,5,0.4
8084800,WestPlains,Neutral,Spring,Dam_Absent,1,5,0.2
8084800,WestPlains,Neutral,Summer,Dam_Absent,2,5,0.4
8085500,WestPlains,El_Nino,Fall,Dam_Absent,2,24,0.08333333333333333
8085500,WestPlains,El_Nino,Spring,Dam_Absent,6,24,0.25
8085500,WestPlains,El_Nino,Winter,Dam_Absent,5,24,0.20833333333333334
8085500,WestPlains,La_Nina,Fall,Dam_Absent,1,15,0.06666666666666667
8085500,WestPlains,La_Nina,Spring,Dam_Absent,2,15,0.13333333333333333
8085500,WestPlains,La_Nina,Summer,Dam_Absent,2,15,0.13333333333333333
8085500,WestPlains,La_Nina,Winter,Dam_Absent,2,15,0.13333333333333333
8085500,WestPlains,Neutral,Spring,Dam_Absent,2,5,0.4
8085500,WestPlains,Neutral,Winter,Dam_Absent,2,5,0.4
8086050,WestPlains,El_Nino,Spring,Dam_Absent,1,24,0.041666666666666664
8086050,WestPlains,El_Nino,Winter,Dam_Absent,2,24,0.08333333333333333
8086050,WestPlains,La_Nina,Spring,Dam_Absent,1,15,0.06666666666666667
8086212,WestPlains,El_Nino,Summer,Dam_Absent,1,24,0.041666666666666664
8086212,WestPlains,La_Nina,Spring,Dam_Absent,1,15,0.06666666666666667
8086212,WestPlains,La_Nina,Summer,Dam_Absent,1,15,0.06666666666666667
8086290,WestPlains,El_Nino,Spring,Dam_Absent,2,24,0.08333333333333333
8086290,WestPlains,La_Nina,Spring,Dam_Absent,1,15,0.06666666666666667
8086290,WestPlains,Neutral,Spring,Dam_Absent,2,5,0.4
8086500,WestPlains,El_Nino,Winter,Dam_Present,1,24,0.041666666666666664
8091500,WestPlains,El_Nino,Spring,Dam_Present,2,24,0.08333333333333333
8091500,WestPlains,El_Nino,Winter,Dam_Present,1,24,0.041666666666666664
8091500,WestPlains,La_Nina,Fall,Dam_Present,2,15,0.13333333333333333
8091500,WestPlains,La_Nina,Spring,Dam_Present,2,15,0.13333333333333333
8091500,WestPlains,La_Nina,Winter,Dam_Present,2,15,0.13333333333333333
8091500,WestPlains,Neutral,Fall,Dam_Present,2,5,0.4
8091500,WestPlains,Neutral,Spring,Dam_Present,1,5,0.2
8091500,WestPlains,Neutral,Winter,Dam_Present,2,5,0.4
8091750,WestPlains,El_Nino,Fall,Dam_Present,1,24,0.041666666666666664
8091750,WestPlains,El_Nino,Spring,Dam_Present,1,24,0.041666666666666664
8091750,WestPlains,El_Nino,Summer,Dam_Present,1,24,0.041666666666666664
8091750,WestPlains,El_Nino,Winter,Dam_Present,1,24,0.041666666666666664
8091750,WestPlains,La_Nina,Spring,Dam_Present,1,15,0.06666666666666667
8091750,WestPlains,La_Nina,Summer,Dam_Present,1,15,0.06666666666666667
8091750,WestPlains,La_Nina,Winter,Dam_Present,2,15,0.13333333333333333
8092000,WestPlains,El_Nino,Fall,Dam_Absent,7,24,0.2916666666666667
8092000,WestPlains,El_Nino,Summer,Dam_Absent,5,24,0.20833333333333334
8092000,WestPlains,El_Nino,Winter,Dam_Absent,5,24,0.20833333333333334
8092000,WestPlains,La_Nina,Fall,Dam_Absent,5,15,0.3333333333333333
8092000,WestPlains,La_Nina,Spring,Dam_Absent,4,15,0.26666666666666666
8092000,WestPlains,La_Nina,Summer,Dam_Absent,3,15,0.2
8092000,WestPlains,La_Nina,Winter,Dam_Absent,2,15,0.13333333333333333
8092000,WestPlains,Neutral,Fall,Dam_Absent,1,5,0.2
8092000,WestPlains,Neutral,Spring,Dam_Absent,1,5,0.2
8092000,WestPlains,Neutral,Summer,Dam_Absent,2,5,0.4
8092000,WestPlains,Neutral,Winter,Dam_Absent,2,5,0.4
8093360,WestPlains,El_Nino,Fall,Dam_Present,6,24,0.25
8093360,WestPlains,El_Nino,Spring,Dam_Present,6,24,0.25
8093360,WestPlains,El_Nino,Summer,Dam_Present,5,24,0.20833333333333334
8093360,WestPlains,El_Nino,Winter,Dam_Present,6,24,0.25
8093360,WestPlains,La_Nina,Fall,Dam_Present,1,15,0.06666666666666667
8093360,WestPlains,Neutral,Fall,Dam_Present,1,5,0.2
8094800,WestPlains,El_Nino,Fall,Dam_Present,4,24,0.16666666666666666
8094800,WestPlains,El_Nino,Spring,Dam_Present,6,24,0.25
8094800,WestPlains,El_Nino,Winter,Dam_Present,3,24,0.125
8094800,WestPlains,La_Nina,Fall,Dam_Present,1,15,0.06666666666666667
8094800,WestPlains,La_Nina,Spring,Dam_Present,2,15,0.13333333333333333
8094800,WestPlains,La_Nina,Winter,Dam_Present,3,15,0.2
8095000,WestPlains,El_Nino,Fall,Dam_Present,3,24,0.125
8095000,WestPlains,El_Nino,Spring,Dam_Present,3,24,0.125
8095000,WestPlains,El_Nino,Summer,Dam_Present,1,24,0.041666666666666664
8095000,WestPlains,El_Nino,Winter,Dam_Present,2,24,0.08333333333333333
8095000,WestPlains,La_Nina,Fall,Dam_Present,5,15,0.3333333333333333
8095000,WestPlains,La_Nina,Spring,Dam_Present,1,15,0.06666666666666667
8095000,WestPlains,La_Nina,Summer,Dam_Present,1,15,0.06666666666666667
8095000,WestPlains,La_Nina,Winter,Dam_Present,2,15,0.13333333333333333
8095000,WestPlains,Neutral,Fall,Dam_Present,1,5,0.2
8095000,WestPlains,Neutral,Spring,Dam_Present,1,5,0.2
8095000,WestPlains,Neutral,Summer,Dam_Present,3,5,0.6
8095000,WestPlains,Neutral,Winter,Dam_Present,1,5,0.2
8099100,WestPlains,El_Nino,Spring,Dam_Absent,1,24,0.041666666666666664
8099100,WestPlains,La_Nina,Spring,Dam_Absent,1,15,0.06666666666666667
8099100,WestPlains,La_Nina,Winter,Dam_Absent,1,15,0.06666666666666667
8099100,WestPlains,Neutral,Winter,Dam_Absent,1,5,0.2
8099500,WestPlains,El_Nino,Fall,Dam_Present,4,24,0.16666666666666666
8099500,WestPlains,El_Nino,Spring,Dam_Present,3,24,0.125
8099500,WestPlains,El_Nino,Summer,Dam_Present,3,24,0.125
8099500,WestPlains,El_Nino,Winter,Dam_Present,3,24,0.125
8099500,WestPlains,La_Nina,Fall,Dam_Present,3,15,0.2
8099500,WestPlains,La_Nina,Spring,Dam_Present,3,15,0.2
8099500,WestPlains,La_Nina,Summer,Dam_Present,1,15,0.06666666666666667
8099500,WestPlains,La_Nina,Winter,Dam_Present,4,15,0.26666666666666666
8099500,WestPlains,Neutral,Fall,Dam_Present,3,5,0.6
8099500,WestPlains,Neutral,Spring,Dam_Present,2,5,0.4
8099500,WestPlains,Neutral,Summer,Dam_Present,1,5,0.2
8099500,WestPlains,Neutral,Winter,Dam_Present,2,5,0.4
8100000,WestPlains,El_Nino,Fall,Dam_Absent,2,24,0.08333333333333333
8100000,WestPlains,El_Nino,Spring,Dam_Absent,2,24,0.08333333333333333
8100000,WestPlains,El_Nino,Summer,Dam_Absent,1,24,0.041666666666666664
8100000,WestPlains,El_Nino,Winter,Dam_Absent,1,24,0.041666666666666664
8100000,WestPlains,La_Nina,Fall,Dam_Absent,1,15,0.06666666666666667
8100000,WestPlains,La_Nina,Spring,Dam_Absent,2,15,0.13333333333333333
8100000,WestPlains,La_Nina,Winter,Dam_Absent,1,15,0.06666666666666667
8100000,WestPlains,Neutral,Fall,Dam_Absent,2,5,0.4
8100000,WestPlains,Neutral,Spring,Dam_Absent,1,5,0.2
8100000,WestPlains,Neutral,Summer,Dam_Absent,2,5,0.4
8100000,WestPlains,Neutral,Winter,Dam_Absent,2,5,0.4
8100500,WestPlains,El_Nino,Fall,Dam_Absent,2,24,0.08333333333333333
8100500,WestPlains,El_Nino,Spring,Dam_Absent,1,24,0.041666666666666664
8100500,WestPlains,El_Nino,Winter,Dam_Absent,2,24,0.08333333333333333
8100500,WestPlains,La_Nina,Fall,Dam_Absent,3,15,0.2
8100500,WestPlains,La_Nina,Spring,Dam_Absent,3,15,0.2
8100500,WestPlains,La_Nina,Winter,Dam_Absent,1,15,0.06666666666666667
8100500,WestPlains,Neutral,Fall,Dam_Absent,1,5,0.2
8100500,WestPlains,Neutral,Spring,Dam_Absent,2,5,0.4
8100500,WestPlains,Neutral,Summer,Dam_Absent,2,5,0.4
8102500,WestPlains,El_Nino,Fall,Dam_Present,2,24,0.08333333333333333
8102500,WestPlains,El_Nino,Spring,Dam_Present,6,24,0.25
8102500,WestPlains,El_Nino,Summer,Dam_Present,5,24,0.20833333333333334
8102500,WestPlains,El_Nino,Winter,Dam_Present,2,24,0.08333333333333333
8102500,WestPlains,La_Nina,Fall,Dam_Present,4,15,0.26666666666666666
8102500,WestPlains,La_Nina,Spring,Dam_Present,3,15,0.2
8102500,WestPlains,La_Nina,Summer,Dam_Present,4,15,0.26666666666666666
8102500,WestPlains,La_Nina,Winter,Dam_Present,2,15,0.13333333333333333
8102500,WestPlains,Neutral,Fall,Dam_Present,2,5,0.4
8102500,WestPlains,Neutral,Spring,Dam_Present,1,5,0.2
8102500,WestPlains,Neutral,Summer,Dam_Present,1,5,0.2
8102500,WestPlains,Neutral,Winter,Dam_Present,2,5,0.4
8103800,WestPlains,El_Nino,Fall,Dam_Absent,2,24,0.08333333333333333
8103800,WestPlains,El_Nino,Spring,Dam_Absent,4,24,0.16666666666666666
8103800,WestPlains,El_Nino,Winter,Dam_Absent,4,24,0.16666666666666666
8103800,WestPlains,La_Nina,Fall,Dam_Absent,3,15,0.2
8103800,WestPlains,La_Nina,Spring,Dam_Absent,4,15,0.26666666666666666
8103800,WestPlains,La_Nina,Summer,Dam_Absent,1,15,0.06666666666666667
8103800,WestPlains,La_Nina,Winter,Dam_Absent,4,15,0.26666666666666666
8103800,WestPlains,Neutral,Fall,Dam_Absent,1,5,0.2
8103800,WestPlains,Neutral,Spring,Dam_Absent,2,5,0.4
8103800,WestPlains,Neutral,Summer,Dam_Absent,2,5,0.4
8103800,WestPlains,Neutral,Winter,Dam_Absent,1,5,0.2
8104100,WestPlains,El_Nino,Fall,Dam_Present,4,24,0.16666666666666666
8104100,WestPlains,El_Nino,Spring,Dam_Present,4,24,0.16666666666666666
8104100,WestPlains,El_Nino,Winter,Dam_Present,1,24,0.041666666666666664
8104100,WestPlains,La_Nina,Fall,Dam_Present,2,15,0.13333333333333333
8104100,WestPlains,La_Nina,Spring,Dam_Present,1,15,0.06666666666666667
8104100,WestPlains,La_Nina,Summer,Dam_Present,1,15,0.06666666666666667
8104100,WestPlains,Neutral,Spring,Dam_Present,2,5,0.4
8104100,WestPlains,Neutral,Summer,Dam_Present,1,5,0.2
8104100,WestPlains,Neutral,Winter,Dam_Present,3,5,0.6
8104500,WestPlains,El_Nino,Fall,Dam_Absent,5,24,0.20833333333333334
8104500,WestPlains,El_Nino,Spring,Dam_Absent,3,24,0.125
8104500,WestPlains,El_Nino,Summer,Dam_Absent,4,24,0.16666666666666666
8104500,WestPlains,El_Nino,Winter,Dam_Absent,4,24,0.16666666666666666
8104500,WestPlains,La_Nina,Fall,Dam_Absent,4,15,0.26666666666666666
8104500,WestPlains,La_Nina,Spring,Dam_Absent,2,15,0.13333333333333333
8104500,WestPlains,La_Nina,Summer,Dam_Absent,1,15,0.06666666666666667
8104500,WestPlains,La_Nina,Winter,Dam_Absent,2,15,0.13333333333333333
8104500,WestPlains,Neutral,Fall,Dam_Absent,2,5,0.4
8104500,WestPlains,Neutral,Spring,Dam_Absent,3,5,0.6
8104500,WestPlains,Neutral,Summer,Dam_Absent,1,5,0.2
8104500,WestPlains,Neutral,Winter,Dam_Absent,1,5,0.2
8104700,WestPlains,El_Nino,Fall,Dam_Present,2,24,0.08333333333333333
8104700,WestPlains,El_Nino,Spring,Dam_Present,2,24,0.08333333333333333
8104700,WestPlains,El_Nino,Summer,Dam_Present,1,24,0.041666666666666664
8104700,WestPlains,El_Nino,Winter,Dam_Present,2,24,0.08333333333333333
8104700,WestPlains,La_Nina,Fall,Dam_Present,3,15,0.2
8104700,WestPlains,La_Nina,Spring,Dam_Present,6,15,0.4
8104700,WestPlains,La_Nina,Summer,Dam_Present,2,15,0.13333333333333333
8104700,WestPlains,La_Nina,Winter,Dam_Present,2,15,0.13333333333333333
8104700,WestPlains,Neutral,Summer,Dam_Present,1,5,0.2
8104700,WestPlains,Neutral,Winter,Dam_Present,3,5,0.6
8105700,WestPlains,El_Nino,Fall,Dam_Present,3,24,0.125
8105700,WestPlains,El_Nino,Spring,Dam_Present,3,24,0.125
8105700,WestPlains,El_Nino,Summer,Dam_Present,1,24,0.041666666666666664
8105700,WestPlains,El_Nino,Winter,Dam_Present,1,24,0.041666666666666664
8105700,WestPlains,La_Nina,Fall,Dam_Present,4,15,0.26666666666666666
8105700,WestPlains,La_Nina,Summer,Dam_Present,1,15,0.06666666666666667
8105700,WestPlains,La_Nina,Winter,Dam_Present,2,15,0.13333333333333333
8105700,WestPlains,Neutral,Summer,Dam_Present,2,5,0.4
8105700,WestPlains,Neutral,Winter,Dam_Present,1,5,0.2
8106350,WestPlains,El_Nino,Fall,Dam_Absent,1,24,0.041666666666666664
8106350,WestPlains,El_Nino,Spring,Dam_Absent,2,24,0.08333333333333333
8106350,WestPlains,El_Nino,Summer,Dam_Absent,3,24,0.125
8106350,WestPlains,El_Nino,Winter,Dam_Absent,1,24,0.041666666666666664
8106350,WestPlains,La_Nina,Fall,Dam_Absent,3,15,0.2
8106350,WestPlains,La_Nina,Spring,Dam_Absent,1,15,0.06666666666666667
8106350,WestPlains,La_Nina,Summer,Dam_Absent,2,15,0.13333333333333333
8106350,WestPlains,Neutral,Fall,Dam_Absent,1,5,0.2
8106350,WestPlains,Neutral,Spring,Dam_Absent,3,5,0.6
8106350,WestPlains,Neutral,Summer,Dam_Absent,3,5,0.6
8106350,WestPlains,Neutral,Winter,Dam_Absent,2,5,0.4
8106500,WestPlains,El_Nino,Fall,Dam_Absent,3,24,0.125
8106500,WestPlains,El_Nino,Spring,Dam_Absent,5,24,0.20833333333333334
8106500,WestPlains,El_Nino,Summer,Dam_Absent,4,24,0.16666666666666666
8106500,WestPlains,El_Nino,Winter,Dam_Absent,2,24,0.08333333333333333
8106500,WestPlains,La_Nina,Fall,Dam_Absent,4,15,0.26666666666666666
8106500,WestPlains,La_Nina,Spring,Dam_Absent,2,15,0.13333333333333333
8106500,WestPlains,La_Nina,Summer,Dam_Absent,2,15,0.13333333333333333
8106500,WestPlains,Neutral,Fall,Dam_Absent,1,5,0.2
8106500,WestPlains,Neutral,Spring,Dam_Absent,4,5,0.8
8106500,WestPlains,Neutral,Summer,Dam_Absent,3,5,0.6
8106500,WestPlains,Neutral,Winter,Dam_Absent,2,5,0.4
8110325,WestPlains,El_Nino,Spring,Dam_Present,3,24,0.125
8110325,WestPlains,El_Nino,Winter,Dam_Present,3,24,0.125
8110325,WestPlains,La_Nina,Spring,Dam_Present,1,15,0.06666666666666667
8110325,WestPlains,La_Nina,Winter,Dam_Present,5,15,0.3333333333333333
8110325,WestPlains,Neutral,Spring,Dam_Present,3,5,0.6
8120700,WestPlains,El_Nino,Fall,Dam_Absent,1,24,0.041666666666666664
8120700,WestPlains,El_Nino,Spring,Dam_Absent,1,24,0.041666666666666664
8120700,WestPlains,La_Nina,Fall,Dam_Absent,1,15,0.06666666666666667
8120700,WestPlains,La_Nina,Winter,Dam_Absent,1,15,0.06666666666666667
8121000,WestPlains,El_Nino,Fall,Dam_Absent,10,24,0.4166666666666667
8121000,WestPlains,El_Nino,Spring,Dam_Absent,6,24,0.25
8121000,WestPlains,El_Nino,Summer,Dam_Absent,4,24,0.16666666666666666
8121000,WestPlains,El_Nino,Winter,Dam_Absent,3,24,0.125
8121000,WestPlains,La_Nina,Fall,Dam_Absent,5,15,0.3333333333333333
8121000,WestPlains,La_Nina,Spring,Dam_Absent,7,15,0.4666666666666667
8121000,WestPlains,La_Nina,Summer,Dam_Absent,5,15,0.3333333333333333
8121000,WestPlains,La_Nina,Winter,Dam_Absent,6,15,0.4
8121000,WestPlains,Neutral,Fall,Dam_Absent,2,5,0.4
8121000,WestPlains,Neutral,Spring,Dam_Absent,1,5,0.2
8121000,WestPlains,Neutral,Winter,Dam_Absent,3,5,0.6
8123850,WestPlains,El_Nino,Fall,Dam_Absent,5,24,0.20833333333333334
8123850,WestPlains,El_Nino,Spring,Dam_Absent,8,24,0.3333333333333333
8123850,WestPlains,El_Nino,Winter,Dam_Absent,8,24,0.3333333333333333
8123850,WestPlains,La_Nina,Fall,Dam_Absent,5,15,0.3333333333333333
8123850,WestPlains,La_Nina,Spring,Dam_Absent,1,15,0.06666666666666667
8123850,WestPlains,La_Nina,Winter,Dam_Absent,3,15,0.2
8123850,WestPlains,Neutral,Fall,Dam_Absent,2,5,0.4
8123850,WestPlains,Neutral,Spring,Dam_Absent,1,5,0.2
8123850,WestPlains,Neutral,Winter,Dam_Absent,2,5,0.4
8124000,WestPlains,El_Nino,Fall,Dam_Present,1,24,0.041666666666666664
8124000,WestPlains,El_Nino,Spring,Dam_Present,1,24,0.041666666666666664
8124000,WestPlains,La_Nina,Fall,Dam_Present,1,15,0.06666666666666667
8124000,WestPlains,La_Nina,Spring,Dam_Present,1,15,0.06666666666666667
8124000,WestPlains,La_Nina,Winter,Dam_Present,2,15,0.13333333333333333
8124000,WestPlains,Neutral,Fall,Dam_Present,1,5,0.2
8124000,WestPlains,Neutral,Spring,Dam_Present,2,5,0.4
8126380,WestPlains,El_Nino,Fall,Dam_Present,4,24,0.16666666666666666
8126380,WestPlains,El_Nino,Spring,Dam_Present,5,24,0.20833333333333334
8126380,WestPlains,El_Nino,Summer,Dam_Present,5,24,0.20833333333333334
8126380,WestPlains,El_Nino,Winter,Dam_Present,1,24,0.041666666666666664
8126380,WestPlains,La_Nina,Fall,Dam_Present,4,15,0.26666666666666666
8126380,WestPlains,La_Nina,Summer,Dam_Present,2,15,0.13333333333333333
8126380,WestPlains,La_Nina,Winter,Dam_Present,1,15,0.06666666666666667
8126380,WestPlains,Neutral,Fall,Dam_Present,2,5,0.4
8126380,WestPlains,Neutral,Spring,Dam_Present,3,5,0.6
8126380,WestPlains,Neutral,Summer,Dam_Present,1,5,0.2
8126380,WestPlains,Neutral,Winter,Dam_Present,1,5,0.2
8127000,WestPlains,La_Nina,Spring,Dam_Absent,1,15,0.06666666666666667
8127000,WestPlains,Neutral,Spring,Dam_Absent,1,5,0.2
8136000,WestPlains,El_Nino,Fall,Dam_Present,9,24,0.375
8136000,WestPlains,El_Nino,Spring,Dam_Present,6,24,0.25
8136000,WestPlains,El_Nino,Summer,Dam_Present,9,24,0.375
8136000,WestPlains,El_Nino,Winter,Dam_Present,8,24,0.3333333333333333
8136000,WestPlains,La_Nina,Fall,Dam_Present,5,15,0.3333333333333333
8136000,WestPlains,La_Nina,Spring,Dam_Present,3,15,0.2
8136000,WestPlains,La_Nina,Summer,Dam_Present,5,15,0.3333333333333333
8136000,WestPlains,La_Nina,Winter,Dam_Present,1,15,0.06666666666666667
8136500,WestPlains,El_Nino,Fall,Dam_Absent,3,24,0.125
8136500,WestPlains,El_Nino,Spring,Dam_Absent,4,24,0.16666666666666666
8136500,WestPlains,El_Nino,Summer,Dam_Absent,3,24,0.125
8136500,WestPlains,El_Nino,Winter,Dam_Absent,3,24,0.125
8136500,WestPlains,La_Nina,Fall,Dam_Absent,5,15,0.3333333333333333
8136500,WestPlains,La_Nina,Spring,Dam_Absent,2,15,0.13333333333333333
8136500,WestPlains,La_Nina,Summer,Dam_Absent,6,15,0.4
8136500,WestPlains,La_Nina,Winter,Dam_Absent,3,15,0.2
8136500,WestPlains,Neutral,Fall,Dam_Absent,1,5,0.2
8136500,WestPlains,Neutral,Spring,Dam_Absent,1,5,0.2
8136500,WestPlains,Neutral,Summer,Dam_Absent,1,5,0.2
8143600,WestPlains,El_Nino,Fall,Dam_Present,4,24,0.16666666666666666
8143600,WestPlains,El_Nino,Spring,Dam_Present,4,24,0.16666666666666666
8143600,WestPlains,El_Nino,Summer,Dam_Present,3,24,0.125
8143600,WestPlains,El_Nino,Winter,Dam_Present,4,24,0.16666666666666666
8143600,WestPlains,La_Nina,Fall,Dam_Present,5,15,0.3333333333333333
8143600,WestPlains,La_Nina,Spring,Dam_Present,4,15,0.26666666666666666
8143600,WestPlains,La_Nina,Summer,Dam_Present,4,15,0.26666666666666666
8143600,WestPlains,La_Nina,Winter,Dam_Present,6,15,0.4
8143600,WestPlains,Neutral,Fall,Dam_Present,3,5,0.6
8143600,WestPlains,Neutral,Spring,Dam_Present,4,5,0.8
8143600,WestPlains,Neutral,Winter,Dam_Present,2,5,0.4
8146000,WestPlains,El_Nino,Fall,Dam_Absent,2,24,0.08333333333333333
8146000,WestPlains,El_Nino,Spring,Dam_Absent,4,24,0.16666666666666666
8146000,WestPlains,El_Nino,Summer,Dam_Absent,2,24,0.08333333333333333
8146000,WestPlains,La_Nina,Fall,Dam_Absent,3,15,0.2
8146000,WestPlains,La_Nina,Spring,Dam_Absent,1,15,0.06666666666666667
8146000,WestPlains,La_Nina,Summer,Dam_Absent,1,15,0.06666666666666667
8146000,WestPlains,La_Nina,Winter,Dam_Absent,2,15,0.13333333333333333
8146000,WestPlains,Neutral,Fall,Dam_Absent,1,5,0.2
8146000,WestPlains,Neutral,Summer,Dam_Absent,2,5,0.4
8146000,WestPlains,Neutral,Winter,Dam_Absent,1,5,0.2
8153500,WestPlains,El_Nino,Fall,Dam_Absent,1,24,0.041666666666666664
8153500,WestPlains,El_Nino,Spring,Dam_Absent,1,24,0.041666666666666664
8153500,WestPlains,El_Nino,Winter,Dam_Absent,1,24,0.041666666666666664
8153500,WestPlains,La_Nina,Fall,Dam_Absent,1,15,0.06666666666666667
8153500,WestPlains,La_Nina,Spring,Dam_Absent,1,15,0.06666666666666667
8153500,WestPlains,La_Nina,Winter,Dam_Absent,3,15,0.2
8153500,WestPlains,Neutral,Winter,Dam_Absent,1,5,0.2
8167000,WestPlains,El_Nino,Fall,Dam_Present,3,24,0.125
8167000,WestPlains,El_Nino,Spring,Dam_Present,3,24,0.125
8167000,WestPlains,El_Nino,Summer,Dam_Present,2,24,0.08333333333333333
8167000,WestPlains,La_Nina,Fall,Dam_Present,3,15,0.2
8167000,WestPlains,La_Nina,Spring,Dam_Present,1,15,0.06666666666666667
8167000,WestPlains,La_Nina,Summer,Dam_Present,2,15,0.13333333333333333
8167000,WestPlains,Neutral,Fall,Dam_Present,2,5,0.4
8167000,WestPlains,Neutral,Spring,Dam_Present,1,5,0.2
8167000,WestPlains,Neutral,Winter,Dam_Present,1,5,0.2
8167500,WestPlains,El_Nino,Fall,Dam_Absent,1,24,0.041666666666666664
8167500,WestPlains,El_Nino,Spring,Dam_Absent,5,24,0.20833333333333334
8167500,WestPlains,La_Nina,Fall,Dam_Absent,4,15,0.26666666666666666
8167500,WestPlains,La_Nina,Summer,Dam_Absent,1,15,0.06666666666666667
8167500,WestPlains,La_Nina,Winter,Dam_Absent,1,15,0.06666666666666667
8167500,WestPlains,Neutral,Fall,Dam_Absent,3,5,0.6
8167500,WestPlains,Neutral,Winter,Dam_Absent,1,5,0.2
8177500,SEPlains,El_Nino,Fall,Dam_Present,9,24,0.375
8177500,SEPlains,El_Nino,Spring,Dam_Present,8,24,0.3333333333333333
8177500,SEPlains,El_Nino,Summer,Dam_Present,4,24,0.16666666666666666
8177500,SEPlains,El_Nino,Winter,Dam_Present,6,24,0.25
8177500,SEPlains,La_Nina,Fall,Dam_Present,7,15,0.4666666666666667
8177500,SEPlains,La_Nina,Spring,Dam_Present,5,15,0.3333333333333333
8177500,SEPlains,La_Nina,Summer,Dam_Present,4,15,0.26666666666666666
8177500,SEPlains,La_Nina,Winter,Dam_Present,6,15,0.4
8177500,SEPlains,Neutral,Fall,Dam_Present,1,5,0.2
8177500,SEPlains,Neutral,Spring,Dam_Present,3,5,0.6
8177500,SEPlains,Neutral,Winter,Dam_Present,3,5,0.6
8180500,WestPlains,La_Nina,Spring,Dam_Present,1,15,0.06666666666666667
8180700,WestPlains,El_Nino,Spring,Dam_Absent,5,24,0.20833333333333334
8180700,WestPlains,El_Nino,Summer,Dam_Absent,1,24,0.041666666666666664
8180700,WestPlains,La_Nina,Fall,Dam_Absent,1,15,0.06666666666666667
8180700,WestPlains,La_Nina,Summer,Dam_Absent,4,15,0.26666666666666666
8180700,WestPlains,La_Nina,Winter,Dam_Absent,2,15,0.13333333333333333
8180700,WestPlains,Neutral,Fall,Dam_Absent,1,5,0.2
8180700,WestPlains,Neutral,Spring,Dam_Absent,2,5,0.4
8180800,WestPlains,El_Nino,Summer,Dam_Absent,1,24,0.041666666666666664
8180800,WestPlains,La_Nina,Spring,Dam_Absent,1,15,0.06666666666666667
8180800,WestPlains,La_Nina,Summer,Dam_Absent,1,15,0.06666666666666667
8180800,WestPlains,La_Nina,Winter,Dam_Absent,1,15,0.06666666666666667
8181500,WestPlains,El_Nino,Fall,Dam_Present,3,24,0.125
8181500,WestPlains,El_Nino,Spring,Dam_Present,7,24,0.2916666666666667
8181500,WestPlains,El_Nino,Summer,Dam_Present,4,24,0.16666666666666666
8181500,WestPlains,El_Nino,Winter,Dam_Present,2,24,0.08333333333333333
8181500,WestPlains,La_Nina,Fall,Dam_Present,5,15,0.3333333333333333
8181500,WestPlains,La_Nina,Spring,Dam_Present,4,15,0.26666666666666666
8181500,WestPlains,La_Nina,Summer,Dam_Present,4,15,0.26666666666666666
8181500,WestPlains,La_Nina,Winter,Dam_Present,5,15,0.3333333333333333
8181500,WestPlains,Neutral,Fall,Dam_Present,1,5,0.2
8181500,WestPlains,Neutral,Summer,Dam_Present,3,5,0.6
8181500,WestPlains,Neutral,Winter,Dam_Present,1,5,0.2
8181800,WestPlains,El_Nino,Fall,Dam_Present,7,24,0.2916666666666667
8181800,WestPlains,El_Nino,Spring,Dam_Present,7,24,0.2916666666666667
8181800,WestPlains,El_Nino,Summer,Dam_Present,7,24,0.2916666666666667
8181800,WestPlains,El_Nino,Winter,Dam_Present,6,24,0.25
8181800,WestPlains,La_Nina,Fall,Dam_Present,10,15,0.6666666666666666
8181800,WestPlains,La_Nina,Spring,Dam_Present,7,15,0.4666666666666667
8181800,WestPlains,La_Nina,Summer,Dam_Present,5,15,0.3333333333333333
8181800,WestPlains,La_Nina,Winter,Dam_Present,7,15,0.4666666666666667
8181800,WestPlains,Neutral,Fall,Dam_Present,3,5,0.6
8181800,WestPlains,Neutral,Spring,Dam_Present,3,5,0.6
8181800,WestPlains,Neutral,Summer,Dam_Present,2,5,0.4
8181800,WestPlains,Neutral,Winter,Dam_Present,4,5,0.8
8183200,WestPlains,El_Nino,Fall,Dam_Absent,4,24,0.16666666666666666
8183200,WestPlains,El_Nino,Spring,Dam_Absent,6,24,0.25
8183200,WestPlains,El_Nino,Summer,Dam_Absent,4,24,0.16666666666666666
8183200,WestPlains,El_Nino,Winter,Dam_Absent,7,24,0.2916666666666667
8183200,WestPlains,La_Nina,Fall,Dam_Absent,7,15,0.4666666666666667
8183200,WestPlains,La_Nina,Spring,Dam_Absent,5,15,0.3333333333333333
8183200,WestPlains,La_Nina,Summer,Dam_Absent,2,15,0.13333333333333333
8183200,WestPlains,La_Nina,Winter,Dam_Absent,3,15,0.2
8183200,WestPlains,Neutral,Fall,Dam_Absent,1,5,0.2
8183200,WestPlains,Neutral,Spring,Dam_Absent,1,5,0.2
8183200,WestPlains,Neutral,Summer,Dam_Absent,2,5,0.4
8183200,WestPlains,Neutral,Winter,Dam_Absent,2,5,0.4
8183500,WestPlains,El_Nino,Fall,Dam_Absent,6,24,0.25
8183500,WestPlains,El_Nino,Spring,Dam_Absent,9,24,0.375
8183500,WestPlains,El_Nino,Summer,Dam_Absent,7,24,0.2916666666666667
8183500,WestPlains,El_Nino,Winter,Dam_Absent,5,24,0.20833333333333334
8183500,WestPlains,La_Nina,Fall,Dam_Absent,8,15,0.5333333333333333
8183500,WestPlains,La_Nina,Spring,Dam_Absent,7,15,0.4666666666666667
8183500,WestPlains,La_Nina,Summer,Dam_Absent,7,15,0.4666666666666667
8183500,WestPlains,La_Nina,Winter,Dam_Absent,10,15,0.6666666666666666
8183500,WestPlains,Neutral,Fall,Dam_Absent,2,5,0.4
8183500,WestPlains,Neutral,Spring,Dam_Absent,4,5,0.8
8183500,WestPlains,Neutral,Summer,Dam_Absent,2,5,0.4
8183500,WestPlains,Neutral,Winter,Dam_Absent,3,5,0.6
8183890,WestPlains,El_Nino,Fall,Dam_Present,1,24,0.041666666666666664
8183890,WestPlains,El_Nino,Spring,Dam_Present,2,24,0.08333333333333333
8183890,WestPlains,El_Nino,Summer,Dam_Present,2,24,0.08333333333333333
8183890,WestPlains,El_Nino,Winter,Dam_Present,2,24,0.08333333333333333
8183890,WestPlains,La_Nina,Fall,Dam_Present,1,15,0.06666666666666667
8183890,WestPlains,Neutral,Summer,Dam_Present,2,5,0.4
8183900,WestPlains,El_Nino,Spring,Dam_Present,1,24,0.041666666666666664
8183900,WestPlains,El_Nino,Summer,Dam_Present,2,24,0.08333333333333333
8183900,WestPlains,El_Nino,Winter,Dam_Present,3,24,0.125
8183900,WestPlains,La_Nina,Fall,Dam_Present,5,15,0.3333333333333333
8183900,WestPlains,La_Nina,Spring,Dam_Present,3,15,0.2
8183900,WestPlains,La_Nina,Summer,Dam_Present,1,15,0.06666666666666667
8183900,WestPlains,La_Nina,Winter,Dam_Present,3,15,0.2
8183900,WestPlains,Neutral,Fall,Dam_Present,1,5,0.2
8183900,WestPlains,Neutral,Spring,Dam_Present,1,5,0.2
8183900,WestPlains,Neutral,Summer,Dam_Present,5,5,1.0
8183900,WestPlains,Neutral,Winter,Dam_Present,3,5,0.6
8185065,WestPlains,El_Nino,Fall,Dam_Absent,4,24,0.16666666666666666
8185065,WestPlains,El_Nino,Spring,Dam_Absent,6,24,0.25
8185065,WestPlains,El_Nino,Summer,Dam_Absent,4,24,0.16666666666666666
8185065,WestPlains,El_Nino,Winter,Dam_Absent,3,24,0.125
8185065,WestPlains,La_Nina,Fall,Dam_Absent,6,15,0.4
8185065,WestPlains,La_Nina,Spring,Dam_Absent,5,15,0.3333333333333333
8185065,WestPlains,La_Nina,Summer,Dam_Absent,2,15,0.13333333333333333
8185065,WestPlains,La_Nina,Winter,Dam_Absent,5,15,0.3333333333333333
8185065,WestPlains,Neutral,Spring,Dam_Absent,3,5,0.6
8185065,WestPlains,Neutral,Winter,Dam_Absent,1,5,0.2
8185100,WestPlains,El_Nino,Fall,Dam_Present,6,24,0.25
8185100,WestPlains,El_Nino,Spring,Dam_Present,4,24,0.16666666666666666
8185100,WestPlains,El_Nino,Summer,Dam_Present,4,24,0.16666666666666666
8185100,WestPlains,El_Nino,Winter,Dam_Present,4,24,0.16666666666666666
8185100,WestPlains,La_Nina,Fall,Dam_Present,6,15,0.4
8185100,WestPlains,La_Nina,Spring,Dam_Present,3,15,0.2
8185100,WestPlains,La_Nina,Summer,Dam_Present,3,15,0.2
8185100,WestPlains,Neutral,Spring,Dam_Present,1,5,0.2
8185100,WestPlains,Neutral,Summer,Dam_Present,1,5,0.2
8185100,WestPlains,Neutral,Winter,Dam_Present,2,5,0.4
8185500,WestPlains,El_Nino,Fall,Dam_Absent,3,24,0.125
8185500,WestPlains,El_Nino,Spring,Dam_Absent,5,24,0.20833333333333334
8185500,WestPlains,El_Nino,Summer,Dam_Absent,5,24,0.20833333333333334
8185500,WestPlains,El_Nino,Winter,Dam_Absent,3,24,0.125
8185500,WestPlains,La_Nina,Fall,Dam_Absent,4,15,0.26666666666666666
8185500,WestPlains,La_Nina,Spring,Dam_Absent,3,15,0.2
8185500,WestPlains,La_Nina,Winter,Dam_Absent,2,15,0.13333333333333333
8185500,WestPlains,Neutral,Spring,Dam_Absent,3,5,0.6
8185500,WestPlains,Neutral,Summer,Dam_Absent,1,5,0.2
8185500,WestPlains,Neutral,Winter,Dam_Absent,3,5,0.6
8186000,SEPlains,El_Nino,Fall,Dam_Absent,6,24,0.25
8186000,SEPlains,El_Nino,Spring,Dam_Absent,7,24,0.2916666666666667
8186000,SEPlains,El_Nino,Summer,Dam_Absent,5,24,0.20833333333333334
8186000,SEPlains,El_Nino,Winter,Dam_Absent,4,24,0.16666666666666666
8186000,SEPlains,La_Nina,Fall,Dam_Absent,6,15,0.4
8186000,SEPlains,La_Nina,Spring,Dam_Absent,5,15,0.3333333333333333
8186000,SEPlains,La_Nina,Summer,Dam_Absent,5,15,0.3333333333333333
8186000,SEPlains,La_Nina,Winter,Dam_Absent,4,15,0.26666666666666666
8186000,SEPlains,Neutral,Spring,Dam_Absent,2,5,0.4
8186000,SEPlains,Neutral,Summer,Dam_Absent,2,5,0.4
8186000,SEPlains,Neutral,Winter,Dam_Absent,2,5,0.4
8188500,SEPlains,El_Nino,Fall,Dam_Absent,5,24,0.20833333333333334
8188500,SEPlains,El_Nino,Spring,Dam_Absent,8,24,0.3333333333333333
8188500,SEPlains,El_Nino,Summer,Dam_Absent,5,24,0.20833333333333334
8188500,SEPlains,El_Nino,Winter,Dam_Absent,7,24,0.2916666666666667
8188500,SEPlains,La_Nina,Fall,Dam_Absent,7,15,0.4666666666666667
8188500,SEPlains,La_Nina,Spring,Dam_Absent,6,15,0.4
8188500,SEPlains,La_Nina,Summer,Dam_Absent,6,15,0.4
8188500,SEPlains,La_Nina,Winter,Dam_Absent,5,15,0.3333333333333333
8188500,SEPlains,Neutral,Fall,Dam_Absent,2,5,0.4
8188500,SEPlains,Neutral,Spring,Dam_Absent,1,5,0.2
8188500,SEPlains,Neutral,Summer,Dam_Absent,1,5,0.2
8188500,SEPlains,Neutral,Winter,Dam_Absent,3,5,0.6
8188570,SEPlains,El_Nino,Fall,Dam_Absent,2,24,0.08333333333333333
8188570,SEPlains,El_Nino,Spring,Dam_Absent,4,24,0.16666666666666666
8188570,SEPlains,El_Nino,Summer,Dam_Absent,4,24,0.16666666666666666
8188570,SEPlains,El_Nino,Winter,Dam_Absent,4,24,0.16666666666666666
8188570,SEPlains,La_Nina,Fall,Dam_Absent,5,15,0.3333333333333333
8188570,SEPlains,La_Nina,Spring,Dam_Absent,5,15,0.3333333333333333
8188570,SEPlains,La_Nina,Summer,Dam_Absent,2,15,0.13333333333333333
8188570,SEPlains,La_Nina,Winter,Dam_Absent,2,15,0.13333333333333333
8188570,SEPlains,Neutral,Fall,Dam_Absent,2,5,0.4
8188570,SEPlains,Neutral,Summer,Dam_Absent,2,5,0.4
8188570,SEPlains,Neutral,Winter,Dam_Absent,1,5,0.2
8188800,SEPlains,El_Nino,Fall,Dam_Absent,1,24,0.041666666666666664
8188800,SEPlains,El_Nino,Spring,Dam_Absent,3,24,0.125
8188800,SEPlains,El_Nino,Summer,Dam_Absent,2,24,0.08333333333333333
8188800,SEPlains,El_Nino,Winter,Dam_Absent,3,24,0.125
8188800,SEPlains,La_Nina,Fall,Dam_Absent,3,15,0.2
8188800,SEPlains,La_Nina,Spring,Dam_Absent,3,15,0.2
8188800,SEPlains,La_Nina,Summer,Dam_Absent,1,15,0.06666666666666667
8188800,SEPlains,La_Nina,Winter,Dam_Absent,1,15,0.06666666666666667
8188800,SEPlains,Neutral,Spring,Dam_Absent,2,5,0.4
8188800,SEPlains,Neutral,Summer,Dam_Absent,1,5,0.2
8188800,SEPlains,Neutral,Winter,Dam_Absent,2,5,0.4
8194500,WestPlains,La_Nina,Spring,Dam_Absent,1,15,0.06666666666666667
8194500,WestPlains,Neutral,Spring,Dam_Absent,1,5,0.2
8206600,WestPlains,El_Nino,Fall,Dam_Absent,4,24,0.16666666666666666
8206600,WestPlains,El_Nino,Spring,Dam_Absent,3,24,0.125
8206600,WestPlains,El_Nino,Summer,Dam_Absent,1,24,0.041666666666666664
8206600,WestPlains,El_Nino,Winter,Dam_Absent,2,24,0.08333333333333333
8206600,WestPlains,La_Nina,Fall,Dam_Absent,4,15,0.26666666666666666
8206600,WestPlains,La_Nina,Spring,Dam_Absent,4,15,0.26666666666666666
8206600,WestPlains,La_Nina,Summer,Dam_Absent,4,15,0.26666666666666666
8206600,WestPlains,La_Nina,Winter,Dam_Absent,3,15,0.2
8206600,WestPlains,Neutral,Spring,Dam_Absent,1,5,0.2
8206600,WestPlains,Neutral,Summer,Dam_Absent,1,5,0.2
8206600,WestPlains,Neutral,Winter,Dam_Absent,3,5,0.6
8206910,WestPlains,El_Nino,Fall,Dam_Present,5,24,0.20833333333333334
8206910,WestPlains,El_Nino,Spring,Dam_Present,3,24,0.125
8206910,WestPlains,El_Nino,Summer,Dam_Present,4,24,0.16666666666666666
8206910,WestPlains,El_Nino,Winter,Dam_Present,1,24,0.041666666666666664
8206910,WestPlains,La_Nina,Fall,Dam_Present,1,15,0.06666666666666667
8206910,WestPlains,La_Nina,Spring,Dam_Present,5,15,0.3333333333333333
8206910,WestPlains,La_Nina,Summer,Dam_Present,6,15,0.4
8206910,WestPlains,La_Nina,Winter,Dam_Present,2,15,0.13333333333333333
8206910,WestPlains,Neutral,Fall,Dam_Present,1,5,0.2
8210000,WestPlains,El_Nino,Fall,Dam_Present,8,24,0.3333333333333333
8210000,WestPlains,El_Nino,Spring,Dam_Present,6,24,0.25
8210000,WestPlains,El_Nino,Summer,Dam_Present,4,24,0.16666666666666666
8210000,WestPlains,El_Nino,Winter,Dam_Present,3,24,0.125
8210000,WestPlains,La_Nina,Fall,Dam_Present,9,15,0.6
8210000,WestPlains,La_Nina,Spring,Dam_Present,5,15,0.3333333333333333
8210000,WestPlains,La_Nina,Summer,Dam_Present,5,15,0.3333333333333333
8210000,WestPlains,La_Nina,Winter,Dam_Present,4,15,0.26666666666666666
8210000,WestPlains,Neutral,Spring,Dam_Present,1,5,0.2
8210000,WestPlains,Neutral,Summer,Dam_Present,4,5,0.8
8210000,WestPlains,Neutral,Winter,Dam_Present,1,5,0.2
8211000,WestPlains,El_Nino,Fall,Dam_Present,8,24,0.3333333333333333
8211000,WestPlains,El_Nino,Spring,Dam_Present,9,24,0.375
8211000,WestPlains,El_Nino,Summer,Dam_Present,11,24,0.4583333333333333
8211000,WestPlains,El_Nino,Winter,Dam_Present,8,24,0.3333333333333333
8211000,WestPlains,La_Nina,Fall,Dam_Present,2,15,0.13333333333333333
8211000,WestPlains,La_Nina,Spring,Dam_Present,9,15,0.6
8211000,WestPlains,La_Nina,Summer,Dam_Present,9,15,0.6
8211000,WestPlains,La_Nina,Winter,Dam_Present,3,15,0.2
8211000,WestPlains,Neutral,Fall,Dam_Present,2,5,0.4
8211000,WestPlains,Neutral,Spring,Dam_Present,2,5,0.4
8211000,WestPlains,Neutral,Summer,Dam_Present,3,5,0.6
8211000,WestPlains,Neutral,Winter,Dam_Present,1,5,0.2
8211900,WestPlains,El_Nino,Fall,Dam_Present,2,24,0.08333333333333333
8211900,WestPlains,El_Nino,Spring,Dam_Present,3,24,0.125
8211900,WestPlains,El_Nino,Summer,Dam_Present,2,24,0.08333333333333333
8211900,WestPlains,El_Nino,Winter,Dam_Present,4,24,0.16666666666666666
8211900,WestPlains,La_Nina,Fall,Dam_Present,2,15,0.13333333333333333
8211900,WestPlains,La_Nina,Spring,Dam_Present,3,15,0.2
8211900,WestPlains,La_Nina,Summer,Dam_Present,2,15,0.13333333333333333
8211900,WestPlains,La_Nina,Winter,Dam_Present,1,15,0.06666666666666667
8211900,WestPlains,Neutral,Fall,Dam_Present,1,5,0.2
8211900,WestPlains,Neutral,Summer,Dam_Present,1,5,0.2
8220000,WestMnts,El_Nino,Fall,Dam_Absent,1,24,0.041666666666666664
8254000,WestMnts,El_Nino,Fall,Dam_Present,6,24,0.25
8254000,WestMnts,El_Nino,Spring,Dam_Present,4,24,0.16666666666666666
8254000,WestMnts,El_Nino,Summer,Dam_Present,4,24,0.16666666666666666
8254000,WestMnts,La_Nina,Fall,Dam_Present,3,15,0.2
8254000,WestMnts,La_Nina,Spring,Dam_Present,2,15,0.13333333333333333
8254000,WestMnts,La_Nina,Summer,Dam_Present,3,15,0.2
8254000,WestMnts,Neutral,Spring,Dam_Present,1,5,0.2
8254000,WestMnts,Neutral,Summer,Dam_Present,2,5,0.4
8255500,WestMnts,El_Nino,Fall,Dam_Absent,5,24,0.20833333333333334
8255500,WestMnts,El_Nino,Spring,Dam_Absent,6,24,0.25
8255500,WestMnts,El_Nino,Summer,Dam_Absent,5,24,0.20833333333333334
8255500,WestMnts,El_Nino,Winter,Dam_Absent,1,24,0.041666666666666664
8255500,WestMnts,La_Nina,Fall,Dam_Absent,3,15,0.2
8255500,WestMnts,La_Nina,Spring,Dam_Absent,7,15,0.4666666666666667
8255500,WestMnts,La_Nina,Summer,Dam_Absent,3,15,0.2
8255500,WestMnts,La_Nina,Winter,Dam_Absent,2,15,0.13333333333333333
8255500,WestMnts,Neutral,Spring,Dam_Absent,2,5,0.4
8255500,WestMnts,Neutral,Summer,Dam_Absent,1,5,0.2
8261000,WestMnts,La_Nina,Fall,Dam_Absent,1,15,0.06666666666666667
8261000,WestMnts,La_Nina,Spring,Dam_Absent,2,15,0.13333333333333333
8263500,WestMnts,El_Nino,Fall,Dam_Absent,5,24,0.20833333333333334
8263500,WestMnts,El_Nino,Spring,Dam_Absent,4,24,0.16666666666666666
8263500,WestMnts,El_Nino,Winter,Dam_Absent,3,24,0.125
8263500,WestMnts,La_Nina,Fall,Dam_Absent,2,15,0.13333333333333333
8263500,WestMnts,La_Nina,Spring,Dam_Absent,6,15,0.4
8263500,WestMnts,La_Nina,Summer,Dam_Absent,1,15,0.06666666666666667
8263500,WestMnts,La_Nina,Winter,Dam_Absent,3,15,0.2
8263500,WestMnts,Neutral,Fall,Dam_Absent,1,5,0.2
8263500,WestMnts,Neutral,Spring,Dam_Absent,2,5,0.4
8266820,WestMnts,El_Nino,Fall,Dam_Present,3,24,0.125
8266820,WestMnts,El_Nino,Spring,Dam_Present,4,24,0.16666666666666666
8266820,WestMnts,El_Nino,Summer,Dam_Present,2,24,0.08333333333333333
8266820,WestMnts,El_Nino,Winter,Dam_Present,4,24,0.16666666666666666
8266820,WestMnts,La_Nina,Fall,Dam_Present,5,15,0.3333333333333333
8266820,WestMnts,La_Nina,Spring,Dam_Present,4,15,0.26666666666666666
8266820,WestMnts,La_Nina,Summer,Dam_Present,2,15,0.13333333333333333
8266820,WestMnts,La_Nina,Winter,Dam_Present,1,15,0.06666666666666667
8266820,WestMnts,Neutral,Fall,Dam_Present,3,5,0.6
8266820,WestMnts,Neutral,Spring,Dam_Present,2,5,0.4
8266820,WestMnts,Neutral,Summer,Dam_Present,1,5,0.2
8266820,WestMnts,Neutral,Winter,Dam_Present,2,5,0.4
8276300,WestMnts,El_Nino,Fall,Dam_Present,4,24,0.16666666666666666
8276300,WestMnts,El_Nino,Spring,Dam_Present,4,24,0.16666666666666666
8276300,WestMnts,El_Nino,Summer,Dam_Present,4,24,0.16666666666666666
8276300,WestMnts,El_Nino,Winter,Dam_Present,6,24,0.25
8276300,WestMnts,La_Nina,Fall,Dam_Present,2,15,0.13333333333333333
8276300,WestMnts,La_Nina,Spring,Dam_Present,3,15,0.2
8276300,WestMnts,La_Nina,Summer,Dam_Present,3,15,0.2
8276300,WestMnts,Neutral,Summer,Dam_Present,1,5,0.2
8276300,WestMnts,Neutral,Winter,Dam_Present,4,5,0.8
8276500,WestMnts,El_Nino,Fall,Dam_Absent,3,24,0.125
8276500,WestMnts,El_Nino,Spring,Dam_Absent,4,24,0.16666666666666666
8276500,WestMnts,El_Nino,Summer,Dam_Absent,1,24,0.041666666666666664
8276500,WestMnts,El_Nino,Winter,Dam_Absent,3,24,0.125
8276500,WestMnts,La_Nina,Fall,Dam_Absent,3,15,0.2
8276500,WestMnts,La_Nina,Spring,Dam_Absent,5,15,0.3333333333333333
8276500,WestMnts,La_Nina,Winter,Dam_Absent,3,15,0.2
8276500,WestMnts,Neutral,Fall,Dam_Absent,1,5,0.2
8276500,WestMnts,Neutral,Spring,Dam_Absent,1,5,0.2
8276500,WestMnts,Neutral,Winter,Dam_Absent,1,5,0.2
8279500,WestMnts,El_Nino,Fall,Dam_Absent,1,24,0.041666666666666664
8279500,WestMnts,El_Nino,Spring,Dam_Absent,4,24,0.16666666666666666
8279500,WestMnts,El_Nino,Winter,Dam_Absent,2,24,0.08333333333333333
8279500,WestMnts,La_Nina,Fall,Dam_Absent,2,15,0.13333333333333333
8279500,WestMnts,La_Nina,Spring,Dam_Absent,7,15,0.4666666666666667
8279500,WestMnts,La_Nina,Winter,Dam_Absent,3,15,0.2
8279500,WestMnts,Neutral,Spring,Dam_Absent,1,5,0.2
8285500,WestMnts,El_Nino,Fall,Dam_Present,11,24,0.4583333333333333
8285500,WestMnts,El_Nino,Spring,Dam_Present,7,24,0.2916666666666667
8285500,WestMnts,El_Nino,Summer,Dam_Present,5,24,0.20833333333333334
8285500,WestMnts,El_Nino,Winter,Dam_Present,7,24,0.2916666666666667
8285500,WestMnts,La_Nina,Fall,Dam_Present,5,15,0.3333333333333333
8285500,WestMnts,La_Nina,Spring,Dam_Present,5,15,0.3333333333333333
8285500,WestMnts,La_Nina,Summer,Dam_Present,4,15,0.26666666666666666
8285500,WestMnts,La_Nina,Winter,Dam_Present,2,15,0.13333333333333333
8285500,WestMnts,Neutral,Fall,Dam_Present,3,5,0.6
8285500,WestMnts,Neutral,Spring,Dam_Present,1,5,0.2
8286500,WestMnts,El_Nino,Fall,Dam_Absent,11,24,0.4583333333333333
8286500,WestMnts,El_Nino,Spring,Dam_Absent,9,24,0.375
8286500,WestMnts,El_Nino,Summer,Dam_Absent,6,24,0.25
8286500,WestMnts,El_Nino,Winter,Dam_Absent,6,24,0.25
8286500,WestMnts,La_Nina,Fall,Dam_Absent,6,15,0.4
8286500,WestMnts,La_Nina,Spring,Dam_Absent,5,15,0.3333333333333333
8286500,WestMnts,La_Nina,Summer,Dam_Absent,3,15,0.2
8286500,WestMnts,La_Nina,Winter,Dam_Absent,2,15,0.13333333333333333
8286500,WestMnts,Neutral,Fall,Dam_Absent,2,5,0.4
8286500,WestMnts,Neutral,Spring,Dam_Absent,1,5,0.2
8287000,WestMnts,El_Nino,Fall,Dam_Present,8,24,0.3333333333333333
8287000,WestMnts,El_Nino,Spring,Dam_Present,7,24,0.2916666666666667
8287000,WestMnts,El_Nino,Summer,Dam_Present,6,24,0.25
8287000,WestMnts,El_Nino,Winter,Dam_Present,7,24,0.2916666666666667
8287000,WestMnts,La_Nina,Fall,Dam_Present,5,15,0.3333333333333333
8287000,WestMnts,La_Nina,Spring,Dam_Present,7,15,0.4666666666666667
8287000,WestMnts,La_Nina,Summer,Dam_Present,7,15,0.4666666666666667
8287000,WestMnts,La_Nina,Winter,Dam_Present,4,15,0.26666666666666666
8287000,WestMnts,Neutral,Spring,Dam_Present,1,5,0.2
8287000,WestMnts,Neutral,Summer,Dam_Present,3,5,0.6
8290000,WestMnts,El_Nino,Fall,Dam_Absent,11,24,0.4583333333333333
8290000,WestMnts,El_Nino,Spring,Dam_Absent,8,24,0.3333333333333333
8290000,WestMnts,El_Nino,Summer,Dam_Absent,4,24,0.16666666666666666
8290000,WestMnts,El_Nino,Winter,Dam_Absent,6,24,0.25
8290000,WestMnts,La_Nina,Fall,Dam_Absent,5,15,0.3333333333333333
8290000,WestMnts,La_Nina,Spring,Dam_Absent,4,15,0.26666666666666666
8290000,WestMnts,La_Nina,Summer,Dam_Absent,8,15,0.5333333333333333
8290000,WestMnts,La_Nina,Winter,Dam_Absent,3,15,0.2
8290000,WestMnts,Neutral,Summer,Dam_Absent,2,5,0.4
8290000,WestMnts,Neutral,Winter,Dam_Absent,1,5,0.2
8294210,WestMnts,El_Nino,Fall,Dam_Present,7,24,0.2916666666666667
8294210,WestMnts,El_Nino,Spring,Dam_Present,8,24,0.3333333333333333
8294210,WestMnts,El_Nino,Summer,Dam_Present,6,24,0.25
8294210,WestMnts,El_Nino,Winter,Dam_Present,2,24,0.08333333333333333
8294210,WestMnts,La_Nina,Fall,Dam_Present,6,15,0.4
8294210,WestMnts,La_Nina,Spring,Dam_Present,6,15,0.4
8294210,WestMnts,La_Nina,Summer,Dam_Present,3,15,0.2
8294210,WestMnts,La_Nina,Winter,Dam_Present,1,15,0.06666666666666667
8294210,WestMnts,Neutral,Fall,Dam_Present,2,5,0.4
8294210,WestMnts,Neutral,Summer,Dam_Present,2,5,0.4
8313000,WestMnts,El_Nino,Fall,Dam_Absent,4,24,0.16666666666666666
8313000,WestMnts,El_Nino,Spring,Dam_Absent,6,24,0.25
8313000,WestMnts,El_Nino,Summer,Dam_Absent,4,24,0.16666666666666666
8313000,WestMnts,El_Nino,Winter,Dam_Absent,1,24,0.041666666666666664
8313000,WestMnts,La_Nina,Fall,Dam_Absent,6,15,0.4
8313000,WestMnts,La_Nina,Spring,Dam_Absent,5,15,0.3333333333333333
8313000,WestMnts,La_Nina,Summer,Dam_Absent,4,15,0.26666666666666666
8313000,WestMnts,La_Nina,Winter,Dam_Absent,4,15,0.26666666666666666
8313000,WestMnts,Neutral,Fall,Dam_Absent,1,5,0.2
8313000,WestMnts,Neutral,Spring,Dam_Absent,2,5,0.4
8313000,WestMnts,Neutral,Summer,Dam_Absent,1,5,0.2
8313000,WestMnts,Neutral,Winter,Dam_Absent,1,5,0.2
8316000,WestMnts,El_Nino,Fall,Dam_Present,8,24,0.3333333333333333
8316000,WestMnts,El_Nino,Spring,Dam_Present,4,24,0.16666666666666666
8316000,WestMnts,El_Nino,Summer,Dam_Present,4,24,0.16666666666666666
8316000,WestMnts,El_Nino,Winter,Dam_Present,1,24,0.041666666666666664
8316000,WestMnts,La_Nina,Fall,Dam_Present,6,15,0.4
8316000,WestMnts,La_Nina,Spring,Dam_Present,4,15,0.26666666666666666
8316000,WestMnts,La_Nina,Summer,Dam_Present,6,15,0.4
8316000,WestMnts,La_Nina,Winter,Dam_Present,2,15,0.13333333333333333
8316000,WestMnts,Neutral,Fall,Dam_Present,1,5,0.2
8317200,WestXeric,El_Nino,Fall,Dam_Absent,4,24,0.16666666666666666
8317200,WestXeric,El_Nino,Spring,Dam_Absent,4,24,0.16666666666666666
8317200,WestXeric,El_Nino,Summer,Dam_Absent,7,24,0.2916666666666667
8317200,WestXeric,El_Nino,Winter,Dam_Absent,4,24,0.16666666666666666
8317200,WestXeric,La_Nina,Fall,Dam_Absent,5,15,0.3333333333333333
8317200,WestXeric,La_Nina,Spring,Dam_Absent,1,15,0.06666666666666667
8317200,WestXeric,La_Nina,Summer,Dam_Absent,3,15,0.2
8317200,WestXeric,La_Nina,Winter,Dam_Absent,1,15,0.06666666666666667
8317200,WestXeric,Neutral,Fall,Dam_Absent,1,5,0.2
8317200,WestXeric,Neutral,Spring,Dam_Absent,4,5,0.8
8317200,WestXeric,Neutral,Summer,Dam_Absent,1,5,0.2
8317200,WestXeric,Neutral,Winter,Dam_Absent,1,5,0.2
8317400,WestMnts,El_Nino,Fall,Dam_Present,2,24,0.08333333333333333
8317400,WestMnts,El_Nino,Spring,Dam_Present,4,24,0.16666666666666666
8317400,WestMnts,El_Nino,Summer,Dam_Present,6,24,0.25
8317400,WestMnts,El_Nino,Winter,Dam_Present,6,24,0.25
8317400,WestMnts,La_Nina,Fall,Dam_Present,6,15,0.4
8317400,WestMnts,La_Nina,Spring,Dam_Present,4,15,0.26666666666666666
8317400,WestMnts,La_Nina,Summer,Dam_Present,2,15,0.13333333333333333
8317400,WestMnts,La_Nina,Winter,Dam_Present,4,15,0.26666666666666666
8317400,WestMnts,Neutral,Fall,Dam_Present,1,5,0.2
8317400,WestMnts,Neutral,Summer,Dam_Present,1,5,0.2
8317400,WestMnts,Neutral,Winter,Dam_Present,2,5,0.4
8319000,WestMnts,El_Nino,Fall,Dam_Absent,4,24,0.16666666666666666
8319000,WestMnts,El_Nino,Spring,Dam_Absent,4,24,0.16666666666666666
8319000,WestMnts,El_Nino,Summer,Dam_Absent,5,24,0.20833333333333334
8319000,WestMnts,El_Nino,Winter,Dam_Absent,4,24,0.16666666666666666
8319000,WestMnts,La_Nina,Fall,Dam_Absent,5,15,0.3333333333333333
8319000,WestMnts,La_Nina,Spring,Dam_Absent,3,15,0.2
8319000,WestMnts,La_Nina,Summer,Dam_Absent,1,15,0.06666666666666667
8319000,WestMnts,La_Nina,Winter,Dam_Absent,1,15,0.06666666666666667
8319000,WestMnts,Neutral,Fall,Dam_Absent,1,5,0.2
8319000,WestMnts,Neutral,Spring,Dam_Absent,1,5,0.2
8319000,WestMnts,Neutral,Summer,Dam_Absent,2,5,0.4
8319000,WestMnts,Neutral,Winter,Dam_Absent,2,5,0.4
8329000,WestMnts,El_Nino,Fall,Dam_Present,2,24,0.08333333333333333
8329000,WestMnts,El_Nino,Spring,Dam_Present,1,24,0.041666666666666664
8329000,WestMnts,El_Nino,Summer,Dam_Present,6,24,0.25
8329000,WestMnts,El_Nino,Winter,Dam_Present,2,24,0.08333333333333333
8329000,WestMnts,La_Nina,Fall,Dam_Present,2,15,0.13333333333333333
8329000,WestMnts,La_Nina,Spring,Dam_Present,1,15,0.06666666666666667
8329918,WestMnts,El_Nino,Fall,Dam_Absent,2,24,0.08333333333333333
8329918,WestMnts,El_Nino,Spring,Dam_Absent,2,24,0.08333333333333333
8329918,WestMnts,El_Nino,Summer,Dam_Absent,2,24,0.08333333333333333
8329918,WestMnts,El_Nino,Winter,Dam_Absent,1,24,0.041666666666666664
8329918,WestMnts,La_Nina,Fall,Dam_Absent,2,15,0.13333333333333333
8329918,WestMnts,La_Nina,Spring,Dam_Absent,2,15,0.13333333333333333
8329918,WestMnts,La_Nina,Summer,Dam_Absent,3,15,0.2
8329918,WestMnts,La_Nina,Winter,Dam_Absent,2,15,0.13333333333333333
8329918,WestMnts,Neutral,Fall,Dam_Absent,1,5,0.2
8329918,WestMnts,Neutral,Summer,Dam_Absent,2,5,0.4
8329918,WestMnts,Neutral,Winter,Dam_Absent,2,5,0.4
8329928,WestMnts,El_Nino,Fall,Dam_Absent,4,24,0.16666666666666666
8329928,WestMnts,El_Nino,Spring,Dam_Absent,2,24,0.08333333333333333
8329928,WestMnts,El_Nino,Summer,Dam_Absent,2,24,0.08333333333333333
8329928,WestMnts,El_Nino,Winter,Dam_Absent,4,24,0.16666666666666666
8329928,WestMnts,La_Nina,Fall,Dam_Absent,2,15,0.13333333333333333
8329928,WestMnts,La_Nina,Spring,Dam_Absent,2,15,0.13333333333333333
8329928,WestMnts,La_Nina,Summer,Dam_Absent,4,15,0.26666666666666666
8329928,WestMnts,Neutral,Fall,Dam_Absent,1,5,0.2
8329928,WestMnts,Neutral,Summer,Dam_Absent,3,5,0.6
8332010,WestXeric,El_Nino,Fall,Dam_Absent,6,24,0.25
8332010,WestXeric,El_Nino,Spring,Dam_Absent,3,24,0.125
8332010,WestXeric,El_Nino,Summer,Dam_Absent,5,24,0.20833333333333334
8332010,WestXeric,El_Nino,Winter,Dam_Absent,5,24,0.20833333333333334
8332010,WestXeric,La_Nina,Fall,Dam_Absent,5,15,0.3333333333333333
8332010,WestXeric,La_Nina,Spring,Dam_Absent,1,15,0.06666666666666667
8332010,WestXeric,La_Nina,Summer,Dam_Absent,4,15,0.26666666666666666
8332010,WestXeric,La_Nina,Winter,Dam_Absent,2,15,0.13333333333333333
8332010,WestXeric,Neutral,Fall,Dam_Absent,1,5,0.2
8332010,WestXeric,Neutral,Spring,Dam_Absent,1,5,0.2
8332010,WestXeric,Neutral,Winter,Dam_Absent,1,5,0.2
8340500,WestXeric,El_Nino,Summer,Dam_Absent,1,24,0.041666666666666664
8340500,WestXeric,El_Nino,Winter,Dam_Absent,1,24,0.041666666666666664
8340500,WestXeric,La_Nina,Fall,Dam_Absent,1,15,0.06666666666666667
8340500,WestXeric,La_Nina,Summer,Dam_Absent,1,15,0.06666666666666667
8340500,WestXeric,La_Nina,Winter,Dam_Absent,2,15,0.13333333333333333
8353000,WestXeric,El_Nino,Summer,Dam_Absent,1,24,0.041666666666666664
8382650,WestXeric,El_Nino,Fall,Dam_Absent,6,24,0.25
8382650,WestXeric,El_Nino,Spring,Dam_Absent,1,24,0.041666666666666664
8382650,WestXeric,El_Nino,Summer,Dam_Absent,4,24,0.16666666666666666
8382650,WestXeric,La_Nina,Fall,Dam_Absent,2,15,0.13333333333333333
8382650,WestXeric,La_Nina,Spring,Dam_Absent,1,15,0.06666666666666667
8382650,WestXeric,La_Nina,Summer,Dam_Absent,4,15,0.26666666666666666
8382650,WestXeric,Neutral,Fall,Dam_Absent,2,5,0.4
8382650,WestXeric,Neutral,Spring,Dam_Absent,1,5,0.2
8382650,WestXeric,Neutral,Summer,Dam_Absent,3,5,0.6
8382830,WestXeric,El_Nino,Fall,Dam_Absent,5,24,0.20833333333333334
8382830,WestXeric,El_Nino,Spring,Dam_Absent,4,24,0.16666666666666666
8382830,WestXeric,El_Nino,Summer,Dam_Absent,6,24,0.25
8382830,WestXeric,El_Nino,Winter,Dam_Absent,3,24,0.125
8382830,WestXeric,La_Nina,Spring,Dam_Absent,1,15,0.06666666666666667
8382830,WestXeric,La_Nina,Summer,Dam_Absent,5,15,0.3333333333333333
8383500,WestXeric,El_Nino,Fall,Dam_Absent,10,24,0.4166666666666667
8383500,WestXeric,El_Nino,Spring,Dam_Absent,10,24,0.4166666666666667
8383500,WestXeric,El_Nino,Summer,Dam_Absent,5,24,0.20833333333333334
8383500,WestXeric,El_Nino,Winter,Dam_Absent,11,24,0.4583333333333333
8383500,WestXeric,La_Nina,Fall,Dam_Absent,6,15,0.4
8383500,WestXeric,La_Nina,Spring,Dam_Absent,3,15,0.2
8383500,WestXeric,La_Nina,Summer,Dam_Absent,3,15,0.2
8383500,WestXeric,La_Nina,Winter,Dam_Absent,3,15,0.2
8383500,WestXeric,Neutral,Fall,Dam_Absent,1,5,0.2
8383500,WestXeric,Neutral,Spring,Dam_Absent,2,5,0.4
8383500,WestXeric,Neutral,Summer,Dam_Absent,3,5,0.6
8384500,WestXeric,El_Nino,Fall,Dam_Present,9,24,0.375
8384500,WestXeric,El_Nino,Spring,Dam_Present,8,24,0.3333333333333333
8384500,WestXeric,El_Nino,Summer,Dam_Present,7,24,0.2916666666666667
8384500,WestXeric,El_Nino,Winter,Dam_Present,1,24,0.041666666666666664
8384500,WestXeric,La_Nina,Fall,Dam_Present,3,15,0.2
8384500,WestXeric,La_Nina,Spring,Dam_Present,7,15,0.4666666666666667
8384500,WestXeric,La_Nina,Summer,Dam_Present,6,15,0.4
8384500,WestXeric,La_Nina,Winter,Dam_Present,2,15,0.13333333333333333
8384500,WestXeric,Neutral,Fall,Dam_Present,1,5,0.2
8384500,WestXeric,Neutral,Spring,Dam_Present,1,5,0.2
8384500,WestXeric,Neutral,Summer,Dam_Present,2,5,0.4
8385522,WestXeric,El_Nino,Fall,Dam_Absent,10,24,0.4166666666666667
8385522,WestXeric,El_Nino,Spring,Dam_Absent,10,24,0.4166666666666667
8385522,WestXeric,El_Nino,Summer,Dam_Absent,9,24,0.375
8385522,WestXeric,El_Nino,Winter,Dam_Absent,4,24,0.16666666666666666
8385522,WestXeric,La_Nina,Fall,Dam_Absent,6,15,0.4
8385522,WestXeric,La_Nina,Spring,Dam_Absent,4,15,0.26666666666666666
8385522,WestXeric,La_Nina,Summer,Dam_Absent,3,15,0.2
8385522,WestXeric,La_Nina,Winter,Dam_Absent,3,15,0.2
8385522,WestXeric,Neutral,Fall,Dam_Absent,1,5,0.2
8385522,WestXeric,Neutral,Spring,Dam_Absent,2,5,0.4
8385522,WestXeric,Neutral,Summer,Dam_Absent,3,5,0.6
8385630,WestXeric,El_Nino,Fall,Dam_Absent,8,24,0.3333333333333333
8385630,WestXeric,El_Nino,Spring,Dam_Absent,9,24,0.375
8385630,WestXeric,El_Nino,Summer,Dam_Absent,7,24,0.2916666666666667
8385630,WestXeric,El_Nino,Winter,Dam_Absent,2,24,0.08333333333333333
8385630,WestXeric,La_Nina,Fall,Dam_Absent,7,15,0.4666666666666667
8385630,WestXeric,La_Nina,Spring,Dam_Absent,5,15,0.3333333333333333
8385630,WestXeric,La_Nina,Summer,Dam_Absent,1,15,0.06666666666666667
8385630,WestXeric,La_Nina,Winter,Dam_Absent,5,15,0.3333333333333333
8385630,WestXeric,Neutral,Fall,Dam_Absent,1,5,0.2
8385630,WestXeric,Neutral,Spring,Dam_Absent,1,5,0.2
8385630,WestXeric,Neutral,Summer,Dam_Absent,3,5,0.6
8385630,WestXeric,Neutral,Winter,Dam_Absent,1,5,0.2
8386000,WestXeric,El_Nino,Fall,Dam_Absent,8,24,0.3333333333333333
8386000,WestXeric,El_Nino,Spring,Dam_Absent,7,24,0.2916666666666667
8386000,WestXeric,El_Nino,Summer,Dam_Absent,4,24,0.16666666666666666
8386000,WestXeric,El_Nino,Winter,Dam_Absent,2,24,0.08333333333333333
8386000,WestXeric,La_Nina,Fall,Dam_Absent,5,15,0.3333333333333333
8386000,WestXeric,La_Nina,Spring,Dam_Absent,10,15,0.6666666666666666
8386000,WestXeric,La_Nina,Summer,Dam_Absent,5,15,0.3333333333333333
8386000,WestXeric,La_Nina,Winter,Dam_Absent,3,15,0.2
8386000,WestXeric,Neutral,Spring,Dam_Absent,3,5,0.6
8386000,WestXeric,Neutral,Summer,Dam_Absent,4,5,0.8
8386000,WestXeric,Neutral,Winter,Dam_Absent,2,5,0.4
8387000,WestMnts,El_Nino,Fall,Dam_Present,7,24,0.2916666666666667
8387000,WestMnts,El_Nino,Spring,Dam_Present,1,24,0.041666666666666664
8387000,WestMnts,El_Nino,Summer,Dam_Present,6,24,0.25
8387000,WestMnts,El_Nino,Winter,Dam_Present,2,24,0.08333333333333333
8387000,WestMnts,La_Nina,Fall,Dam_Present,5,15,0.3333333333333333
8387000,WestMnts,La_Nina,Spring,Dam_Present,1,15,0.06666666666666667
8387000,WestMnts,La_Nina,Summer,Dam_Present,2,15,0.13333333333333333
8387000,WestMnts,La_Nina,Winter,Dam_Present,2,15,0.13333333333333333
8387000,WestMnts,Neutral,Fall,Dam_Present,1,5,0.2
8387000,WestMnts,Neutral,Summer,Dam_Present,3,5,0.6
8393610,WestMnts,El_Nino,Fall,Dam_Absent,7,24,0.2916666666666667
8393610,WestMnts,El_Nino,Spring,Dam_Absent,3,24,0.125
8393610,WestMnts,El_Nino,Summer,Dam_Absent,7,24,0.2916666666666667
8393610,WestMnts,El_Nino,Winter,Dam_Absent,4,24,0.16666666666666666
8393610,WestMnts,La_Nina,Fall,Dam_Absent,5,15,0.3333333333333333
8393610,WestMnts,La_Nina,Spring,Dam_Absent,6,15,0.4
8393610,WestMnts,La_Nina,Summer,Dam_Absent,3,15,0.2
8393610,WestMnts,La_Nina,Winter,Dam_Absent,5,15,0.3333333333333333
8393610,WestMnts,Neutral,Fall,Dam_Absent,1,5,0.2
8393610,WestMnts,Neutral,Spring,Dam_Absent,1,5,0.2
8393610,WestMnts,Neutral,Summer,Dam_Absent,2,5,0.4
8393610,WestMnts,Neutral,Winter,Dam_Absent,1,5,0.2
8394024,WestXeric,El_Nino,Spring,Dam_Absent,4,24,0.16666666666666666
8394024,WestXeric,El_Nino,Summer,Dam_Absent,2,24,0.08333333333333333
8394024,WestXeric,El_Nino,Winter,Dam_Absent,2,24,0.08333333333333333
8394024,WestXeric,La_Nina,Summer,Dam_Absent,3,15,0.2
8394024,WestXeric,Neutral,Spring,Dam_Absent,3,5,0.6
8394024,WestXeric,Neutral,Summer,Dam_Absent,3,5,0.6
8394033,WestXeric,El_Nino,Spring,Dam_Absent,2,24,0.08333333333333333
8394033,WestXeric,El_Nino,Summer,Dam_Absent,1,24,0.041666666666666664
8394033,WestXeric,El_Nino,Winter,Dam_Absent,2,24,0.08333333333333333
8394033,WestXeric,La_Nina,Spring,Dam_Absent,1,15,0.06666666666666667
8394033,WestXeric,La_Nina,Summer,Dam_Absent,1,15,0.06666666666666667
8394033,WestXeric,La_Nina,Winter,Dam_Absent,1,15,0.06666666666666667
8394033,WestXeric,Neutral,Spring,Dam_Absent,3,5,0.6
8394033,WestXeric,Neutral,Summer,Dam_Absent,3,5,0.6
8394033,WestXeric,Neutral,Winter,Dam_Absent,2,5,0.4
8395500,WestXeric,El_Nino,Fall,Dam_Absent,3,24,0.125
8395500,WestXeric,El_Nino,Spring,Dam_Absent,6,24,0.25
8395500,WestXeric,El_Nino,Summer,Dam_Absent,6,24,0.25
8395500,WestXeric,El_Nino,Winter,Dam_Absent,1,24,0.041666666666666664
8395500,WestXeric,La_Nina,Fall,Dam_Absent,2,15,0.13333333333333333
8395500,WestXeric,La_Nina,Spring,Dam_Absent,2,15,0.13333333333333333
8395500,WestXeric,La_Nina,Summer,Dam_Absent,5,15,0.3333333333333333
8395500,WestXeric,Neutral,Spring,Dam_Absent,3,5,0.6
8395500,WestXeric,Neutral,Summer,Dam_Absent,3,5,0.6
8396500,WestXeric,El_Nino,Fall,Dam_Absent,4,24,0.16666666666666666
8396500,WestXeric,El_Nino,Spring,Dam_Absent,6,24,0.25
8396500,WestXeric,El_Nino,Summer,Dam_Absent,6,24,0.25
8396500,WestXeric,El_Nino,Winter,Dam_Absent,3,24,0.125
8396500,WestXeric,La_Nina,Fall,Dam_Absent,3,15,0.2
8396500,WestXeric,La_Nina,Spring,Dam_Absent,3,15,0.2
8396500,WestXeric,La_Nina,Summer,Dam_Absent,5,15,0.3333333333333333
8396500,WestXeric,La_Nina,Winter,Dam_Absent,1,15,0.06666666666666667
8396500,WestXeric,Neutral,Spring,Dam_Absent,1,5,0.2
8396500,WestXeric,Neutral,Summer,Dam_Absent,2,5,0.4
8396500,WestXeric,Neutral,Winter,Dam_Absent,1,5,0.2
8397600,WestMnts,El_Nino,Fall,Dam_Absent,5,24,0.20833333333333334
8397600,WestMnts,El_Nino,Spring,Dam_Absent,1,24,0.041666666666666664
8397600,WestMnts,El_Nino,Summer,Dam_Absent,5,24,0.20833333333333334
8397600,WestMnts,El_Nino,Winter,Dam_Absent,1,24,0.041666666666666664
8397600,WestMnts,La_Nina,Fall,Dam_Absent,1,15,0.06666666666666667
8397600,WestMnts,La_Nina,Spring,Dam_Absent,1,15,0.06666666666666667
8397600,WestMnts,La_Nina,Summer,Dam_Absent,1,15,0.06666666666666667
8477110,WestMnts,El_Nino,Fall,Dam_Present,5,24,0.20833333333333334
8477110,WestMnts,El_Nino,Spring,Dam_Present,1,24,0.041666666666666664
8477110,WestMnts,El_Nino,Summer,Dam_Present,8,24,0.3333333333333333
8477110,WestMnts,El_Nino,Winter,Dam_Present,1,24,0.041666666666666664
8477110,WestMnts,La_Nina,Fall,Dam_Present,1,15,0.06666666666666667
8477110,WestMnts,La_Nina,Spring,Dam_Present,2,15,0.13333333333333333
8477110,WestMnts,La_Nina,Summer,Dam_Present,5,15,0.3333333333333333
8477110,WestMnts,La_Nina,Winter,Dam_Present,1,15,0.06666666666666667
9019000,WestMnts,El_Nino,Fall,Dam_Present,1,24,0.041666666666666664
9019000,WestMnts,El_Nino,Summer,Dam_Present,1,24,0.041666666666666664
9019000,WestMnts,El_Nino,Winter,Dam_Present,1,24,0.041666666666666664
9019000,WestMnts,La_Nina,Spring,Dam_Present,1,15,0.06666666666666667
9019000,WestMnts,La_Nina,Summer,Dam_Present,1,15,0.06666666666666667
9019500,WestMnts,El_Nino,Fall,Dam_Present,1,24,0.041666666666666664
9019500,WestMnts,El_Nino,Spring,Dam_Present,3,24,0.125
9019500,WestMnts,El_Nino,Summer,Dam_Present,5,24,0.20833333333333334
9019500,WestMnts,La_Nina,Fall,Dam_Present,2,15,0.13333333333333333
9019500,WestMnts,La_Nina,Spring,Dam_Present,1,15,0.06666666666666667
9019500,WestMnts,La_Nina,Summer,Dam_Present,2,15,0.13333333333333333
9019500,WestMnts,Neutral,Spring,Dam_Present,1,5,0.2
9019500,WestMnts,Neutral,Summer,Dam_Present,2,5,0.4
9021000,WestMnts,El_Nino,Fall,Dam_Present,1,24,0.041666666666666664
9021000,WestMnts,El_Nino,Spring,Dam_Present,1,24,0.041666666666666664
9021000,WestMnts,El_Nino,Summer,Dam_Present,1,24,0.041666666666666664
9021000,WestMnts,La_Nina,Fall,Dam_Present,3,15,0.2
9021000,WestMnts,La_Nina,Spring,Dam_Present,2,15,0.13333333333333333
9021000,WestMnts,La_Nina,Summer,Dam_Present,1,15,0.06666666666666667
9041000,WestMnts,El_Nino,Spring,Dam_Present,1,24,0.041666666666666664
9041090,WestMnts,El_Nino,Fall,Dam_Absent,3,24,0.125
9041090,WestMnts,El_Nino,Spring,Dam_Absent,7,24,0.2916666666666667
9041090,WestMnts,El_Nino,Summer,Dam_Absent,3,24,0.125
9041090,WestMnts,La_Nina,Fall,Dam_Absent,4,15,0.26666666666666666
9041090,WestMnts,La_Nina,Spring,Dam_Absent,1,15,0.06666666666666667
9041090,WestMnts,La_Nina,Summer,Dam_Absent,3,15,0.2
9041090,WestMnts,Neutral,Spring,Dam_Absent,2,5,0.4
9041090,WestMnts,Neutral,Summer,Dam_Absent,2,5,0.4
9041400,WestMnts,El_Nino,Fall,Dam_Present,5,24,0.20833333333333334
9041400,WestMnts,El_Nino,Spring,Dam_Present,7,24,0.2916666666666667
9041400,WestMnts,El_Nino,Summer,Dam_Present,7,24,0.2916666666666667
9041400,WestMnts,El_Nino,Winter,Dam_Present,5,24,0.20833333333333334
9041400,WestMnts,La_Nina,Fall,Dam_Present,5,15,0.3333333333333333
9041400,WestMnts,La_Nina,Spring,Dam_Present,2,15,0.13333333333333333
9041400,WestMnts,La_Nina,Summer,Dam_Present,5,15,0.3333333333333333
9041400,WestMnts,La_Nina,Winter,Dam_Present,1,15,0.06666666666666667
9041400,WestMnts,Neutral,Fall,Dam_Present,3,5,0.6
9041400,WestMnts,Neutral,Spring,Dam_Present,2,5,0.4
9064500,WestMnts,El_Nino,Fall,Dam_Present,2,24,0.08333333333333333
9064500,WestMnts,El_Nino,Spring,Dam_Present,5,24,0.20833333333333334
9064500,WestMnts,El_Nino,Summer,Dam_Present,5,24,0.20833333333333334
9064500,WestMnts,La_Nina,Fall,Dam_Present,2,15,0.13333333333333333
9064500,WestMnts,La_Nina,Spring,Dam_Present,1,15,0.06666666666666667
9064500,WestMnts,La_Nina,Summer,Dam_Present,2,15,0.13333333333333333
9064500,WestMnts,Neutral,Fall,Dam_Present,1,5,0.2
9064500,WestMnts,Neutral,Spring,Dam_Present,1,5,0.2
9064500,WestMnts,Neutral,Summer,Dam_Present,1,5,0.2
9066000,WestMnts,El_Nino,Fall,Dam_Present,4,24,0.16666666666666666
9066000,WestMnts,El_Nino,Spring,Dam_Present,4,24,0.16666666666666666
9066000,WestMnts,El_Nino,Summer,Dam_Present,4,24,0.16666666666666666
9066000,WestMnts,El_Nino,Winter,Dam_Present,1,24,0.041666666666666664
9066000,WestMnts,La_Nina,Fall,Dam_Present,5,15,0.3333333333333333
9066000,WestMnts,La_Nina,Spring,Dam_Present,5,15,0.3333333333333333
9066000,WestMnts,La_Nina,Summer,Dam_Present,4,15,0.26666666666666666
9066000,WestMnts,La_Nina,Winter,Dam_Present,2,15,0.13333333333333333
9066000,WestMnts,Neutral,Fall,Dam_Present,3,5,0.6
9066000,WestMnts,Neutral,Spring,Dam_Present,1,5,0.2
9066000,WestMnts,Neutral,Summer,Dam_Present,2,5,0.4
9073005,WestMnts,El_Nino,Fall,Dam_Present,3,24,0.125
9073005,WestMnts,El_Nino,Spring,Dam_Present,1,24,0.041666666666666664
9073005,WestMnts,El_Nino,Summer,Dam_Present,1,24,0.041666666666666664
9073005,WestMnts,La_Nina,Fall,Dam_Present,1,15,0.06666666666666667
9073005,WestMnts,La_Nina,Summer,Dam_Present,1,15,0.06666666666666667
9073005,WestMnts,Neutral,Summer,Dam_Present,1,5,0.2
9073300,WestMnts,El_Nino,Fall,Dam_Absent,7,24,0.2916666666666667
9073300,WestMnts,El_Nino,Spring,Dam_Absent,5,24,0.20833333333333334
9073300,WestMnts,El_Nino,Summer,Dam_Absent,8,24,0.3333333333333333
9073300,WestMnts,La_Nina,Fall,Dam_Absent,6,15,0.4
9073300,WestMnts,La_Nina,Spring,Dam_Absent,3,15,0.2
9073300,WestMnts,La_Nina,Summer,Dam_Absent,4,15,0.26666666666666666
9073300,WestMnts,Neutral,Fall,Dam_Absent,1,5,0.2
9073300,WestMnts,Neutral,Spring,Dam_Absent,1,5,0.2
9073300,WestMnts,Neutral,Summer,Dam_Absent,1,5,0.2
9073400,WestMnts,El_Nino,Fall,Dam_Absent,5,24,0.20833333333333334
9073400,WestMnts,El_Nino,Spring,Dam_Absent,7,24,0.2916666666666667
9073400,WestMnts,El_Nino,Summer,Dam_Absent,7,24,0.2916666666666667
9073400,WestMnts,La_Nina,Fall,Dam_Absent,7,15,0.4666666666666667
9073400,WestMnts,La_Nina,Spring,Dam_Absent,3,15,0.2
9073400,WestMnts,La_Nina,Summer,Dam_Absent,6,15,0.4
9073400,WestMnts,Neutral,Fall,Dam_Absent,1,5,0.2
9073400,WestMnts,Neutral,Spring,Dam_Absent,1,5,0.2
9073400,WestMnts,Neutral,Summer,Dam_Absent,1,5,0.2
9080400,WestMnts,El_Nino,Fall,Dam_Present,8,24,0.3333333333333333
9080400,WestMnts,El_Nino,Spring,Dam_Present,4,24,0.16666666666666666
9080400,WestMnts,El_Nino,Summer,Dam_Present,8,24,0.3333333333333333
9080400,WestMnts,La_Nina,Fall,Dam_Present,4,15,0.26666666666666666
9080400,WestMnts,La_Nina,Spring,Dam_Present,1,15,0.06666666666666667
9080400,WestMnts,La_Nina,Summer,Dam_Present,4,15,0.26666666666666666
9080400,WestMnts,Neutral,Fall,Dam_Present,1,5,0.2
9080400,WestMnts,Neutral,Spring,Dam_Present,2,5,0.4
9080400,WestMnts,Neutral,Summer,Dam_Present,1,5,0.2
9081000,WestMnts,El_Nino,Fall,Dam_Absent,4,24,0.16666666666666666
9081000,WestMnts,El_Nino,Spring,Dam_Absent,4,24,0.16666666666666666
9081000,WestMnts,El_Nino,Summer,Dam_Absent,2,24,0.08333333333333333
9081000,WestMnts,El_Nino,Winter,Dam_Absent,3,24,0.125
9081000,WestMnts,La_Nina,Fall,Dam_Absent,3,15,0.2
9081000,WestMnts,La_Nina,Spring,Dam_Absent,1,15,0.06666666666666667
9081000,WestMnts,La_Nina,Summer,Dam_Absent,1,15,0.06666666666666667
9081000,WestMnts,La_Nina,Winter,Dam_Absent,3,15,0.2
9081000,WestMnts,Neutral,Spring,Dam_Absent,1,5,0.2
9081000,WestMnts,Neutral,Summer,Dam_Absent,1,5,0.2
9097900,WestMnts,El_Nino,Fall,Dam_Present,1,24,0.041666666666666664
9097900,WestMnts,El_Nino,Spring,Dam_Present,1,24,0.041666666666666664
9097900,WestMnts,El_Nino,Summer,Dam_Present,1,24,0.041666666666666664
9126000,WestMnts,El_Nino,Fall,Dam_Present,7,24,0.2916666666666667
9126000,WestMnts,El_Nino,Spring,Dam_Present,6,24,0.25
9126000,WestMnts,El_Nino,Summer,Dam_Present,6,24,0.25
9126000,WestMnts,El_Nino,Winter,Dam_Present,1,24,0.041666666666666664
9126000,WestMnts,La_Nina,Fall,Dam_Present,5,15,0.3333333333333333
9126000,WestMnts,La_Nina,Spring,Dam_Present,6,15,0.4
9126000,WestMnts,La_Nina,Summer,Dam_Present,8,15,0.5333333333333333
9126000,WestMnts,La_Nina,Winter,Dam_Present,2,15,0.13333333333333333
9126000,WestMnts,Neutral,Fall,Dam_Present,4,5,0.8
9126000,WestMnts,Neutral,Spring,Dam_Present,2,5,0.4
9126000,WestMnts,Neutral,Summer,Dam_Present,2,5,0.4
9126000,WestMnts,Neutral,Winter,Dam_Present,1,5,0.2
9132985,WestMnts,El_Nino,Fall,Dam_Present,3,24,0.125
9132985,WestMnts,El_Nino,Summer,Dam_Present,1,24,0.041666666666666664
9132985,WestMnts,Neutral,Fall,Dam_Present,1,5,0.2
9132985,WestMnts,Neutral,Spring,Dam_Present,1,5,0.2
9132995,WestMnts,El_Nino,Fall,Dam_Present,3,24,0.125
9132995,WestMnts,El_Nino,Spring,Dam_Present,1,24,0.041666666666666664
9132995,WestMnts,La_Nina,Fall,Dam_Present,2,15,0.13333333333333333
9132995,WestMnts,La_Nina,Summer,Dam_Present,1,15,0.06666666666666667
9132995,WestMnts,Neutral,Fall,Dam_Present,1,5,0.2
9132995,WestMnts,Neutral,Spring,Dam_Present,3,5,0.6
9132995,WestMnts,Neutral,Summer,Dam_Present,2,5,0.4
9135900,WestMnts,El_Nino,Fall,Dam_Absent,1,24,0.041666666666666664
9135900,WestMnts,El_Nino,Spring,Dam_Absent,2,24,0.08333333333333333
9135900,WestMnts,El_Nino,Summer,Dam_Absent,2,24,0.08333333333333333
9135900,WestMnts,La_Nina,Fall,Dam_Absent,1,15,0.06666666666666667
9135900,WestMnts,La_Nina,Spring,Dam_Absent,1,15,0.06666666666666667
9135900,WestMnts,La_Nina,Summer,Dam_Absent,2,15,0.13333333333333333
9135900,WestMnts,La_Nina,Winter,Dam_Absent,1,15,0.06666666666666667
9135900,WestMnts,Neutral,Fall,Dam_Absent,1,5,0.2
9135900,WestMnts,Neutral,Spring,Dam_Absent,1,5,0.2
9135950,WestMnts,El_Nino,Fall,Dam_Absent,2,24,0.08333333333333333
9135950,WestMnts,El_Nino,Summer,Dam_Absent,1,24,0.041666666666666664
9135950,WestMnts,La_Nina,Fall,Dam_Absent,2,15,0.13333333333333333
9135950,WestMnts,La_Nina,Summer,Dam_Absent,1,15,0.06666666666666667
9168730,WestMnts,El_Nino,Fall,Dam_Absent,2,24,0.08333333333333333
9168730,WestMnts,El_Nino,Spring,Dam_Absent,4,24,0.16666666666666666
9168730,WestMnts,La_Nina,Fall,Dam_Absent,2,15,0.13333333333333333
9168730,WestMnts,La_Nina,Spring,Dam_Absent,1,15,0.06666666666666667
9168730,WestMnts,La_Nina,Summer,Dam_Absent,3,15,0.2
9168730,WestMnts,Neutral,Fall,Dam_Absent,3,5,0.6
9168730,WestMnts,Neutral,Spring,Dam_Absent,1,5,0.2
9168730,WestMnts,Neutral,Summer,Dam_Absent,1,5,0.2
9169500,WestMnts,El_Nino,Fall,Dam_Absent,6,24,0.25
9169500,WestMnts,El_Nino,Spring,Dam_Absent,3,24,0.125
9169500,WestMnts,El_Nino,Summer,Dam_Absent,2,24,0.08333333333333333
9169500,WestMnts,El_Nino,Winter,Dam_Absent,1,24,0.041666666666666664
9169500,WestMnts,La_Nina,Fall,Dam_Absent,4,15,0.26666666666666666
9169500,WestMnts,La_Nina,Spring,Dam_Absent,2,15,0.13333333333333333
9169500,WestMnts,La_Nina,Summer,Dam_Absent,4,15,0.26666666666666666
9169500,WestMnts,La_Nina,Winter,Dam_Absent,1,15,0.06666666666666667
9169500,WestMnts,Neutral,Fall,Dam_Absent,1,5,0.2
9169500,WestMnts,Neutral,Spring,Dam_Absent,1,5,0.2
9174600,WestMnts,El_Nino,Fall,Dam_Absent,6,24,0.25
9174600,WestMnts,El_Nino,Spring,Dam_Absent,6,24,0.25
9174600,WestMnts,El_Nino,Summer,Dam_Absent,2,24,0.08333333333333333
9174600,WestMnts,El_Nino,Winter,Dam_Absent,4,24,0.16666666666666666
9174600,WestMnts,La_Nina,Fall,Dam_Absent,8,15,0.5333333333333333
9174600,WestMnts,La_Nina,Spring,Dam_Absent,4,15,0.26666666666666666
9174600,WestMnts,La_Nina,Summer,Dam_Absent,7,15,0.4666666666666667
9174600,WestMnts,La_Nina,Winter,Dam_Absent,4,15,0.26666666666666666
9174600,WestMnts,Neutral,Fall,Dam_Absent,1,5,0.2
9174600,WestMnts,Neutral,Spring,Dam_Absent,2,5,0.4
9174600,WestMnts,Neutral,Winter,Dam_Absent,1,5,0.2
9177000,WestMnts,El_Nino,Fall,Dam_Absent,4,24,0.16666666666666666
9177000,WestMnts,El_Nino,Spring,Dam_Absent,4,24,0.16666666666666666
9177000,WestMnts,El_Nino,Summer,Dam_Absent,2,24,0.08333333333333333
9177000,WestMnts,El_Nino,Winter,Dam_Absent,4,24,0.16666666666666666
9177000,WestMnts,La_Nina,Fall,Dam_Absent,7,15,0.4666666666666667
9177000,WestMnts,La_Nina,Spring,Dam_Absent,5,15,0.3333333333333333
9177000,WestMnts,La_Nina,Summer,Dam_Absent,5,15,0.3333333333333333
9177000,WestMnts,La_Nina,Winter,Dam_Absent,5,15,0.3333333333333333
9177000,WestMnts,Neutral,Fall,Dam_Absent,2,5,0.4
9177000,WestMnts,Neutral,Spring,Dam_Absent,1,5,0.2
9197000,WestMnts,El_Nino,Fall,Dam_Present,1,24,0.041666666666666664
9197000,WestMnts,El_Nino,Spring,Dam_Present,4,24,0.16666666666666666
9197000,WestMnts,El_Nino,Summer,Dam_Present,5,24,0.20833333333333334
9197000,WestMnts,La_Nina,Fall,Dam_Present,1,15,0.06666666666666667
9197000,WestMnts,La_Nina,Summer,Dam_Present,3,15,0.2
9216050,WestXeric,El_Nino,Fall,Dam_Absent,1,24,0.041666666666666664
9216050,WestXeric,El_Nino,Spring,Dam_Absent,3,24,0.125
9216050,WestXeric,La_Nina,Spring,Dam_Absent,1,15,0.06666666666666667
9217000,WestXeric,El_Nino,Fall,Dam_Absent,2,24,0.08333333333333333
9217000,WestXeric,El_Nino,Spring,Dam_Absent,2,24,0.08333333333333333
9217000,WestXeric,El_Nino,Summer,Dam_Absent,3,24,0.125
9217000,WestXeric,El_Nino,Winter,Dam_Absent,1,24,0.041666666666666664
9217000,WestXeric,La_Nina,Spring,Dam_Absent,2,15,0.13333333333333333
9217000,WestXeric,Neutral,Fall,Dam_Absent,1,5,0.2
9218500,WestMnts,El_Nino,Spring,Dam_Present,2,24,0.08333333333333333
9218500,WestMnts,El_Nino,Summer,Dam_Present,6,24,0.25
9218500,WestMnts,La_Nina,Fall,Dam_Present,2,15,0.13333333333333333
9218500,WestMnts,La_Nina,Spring,Dam_Present,1,15,0.06666666666666667
9218500,WestMnts,La_Nina,Summer,Dam_Present,1,15,0.06666666666666667
9218500,WestMnts,Neutral,Summer,Dam_Present,1,5,0.2
9220000,WestMnts,El_Nino,Fall,Dam_Present,6,24,0.25
9220000,WestMnts,El_Nino,Spring,Dam_Present,8,24,0.3333333333333333
9220000,WestMnts,El_Nino,Summer,Dam_Present,8,24,0.3333333333333333
9220000,WestMnts,El_Nino,Winter,Dam_Present,2,24,0.08333333333333333
9220000,WestMnts,La_Nina,Fall,Dam_Present,3,15,0.2
9220000,WestMnts,La_Nina,Spring,Dam_Present,1,15,0.06666666666666667
9220000,WestMnts,La_Nina,Summer,Dam_Present,2,15,0.13333333333333333
9220000,WestMnts,La_Nina,Winter,Dam_Present,2,15,0.13333333333333333
9220000,WestMnts,Neutral,Spring,Dam_Present,1,5,0.2
9220000,WestMnts,Neutral,Summer,Dam_Present,1,5,0.2
9224700,WestXeric,El_Nino,Fall,Dam_Present,9,24,0.375
9224700,WestXeric,El_Nino,Spring,Dam_Present,8,24,0.3333333333333333
9224700,WestXeric,El_Nino,Summer,Dam_Present,2,24,0.08333333333333333
9224700,WestXeric,La_Nina,Fall,Dam_Present,1,15,0.06666666666666667
9224700,WestXeric,La_Nina,Spring,Dam_Present,5,15,0.3333333333333333
9224700,WestXeric,La_Nina,Summer,Dam_Present,2,15,0.13333333333333333
9224700,WestXeric,La_Nina,Winter,Dam_Present,1,15,0.06666666666666667
9224700,WestXeric,Neutral,Spring,Dam_Present,1,5,0.2
9224700,WestXeric,Neutral,Summer,Dam_Present,1,5,0.2
9234500,WestXeric,El_Nino,Fall,Dam_Present,2,24,0.08333333333333333
9234500,WestXeric,El_Nino,Spring,Dam_Present,12,24,0.5
9234500,WestXeric,El_Nino,Summer,Dam_Present,6,24,0.25
9234500,WestXeric,El_Nino,Winter,Dam_Present,1,24,0.041666666666666664
9234500,WestXeric,La_Nina,Fall,Dam_Present,2,15,0.13333333333333333
9234500,WestXeric,La_Nina,Spring,Dam_Present,1,15,0.06666666666666667
9234500,WestXeric,La_Nina,Summer,Dam_Present,6,15,0.4
9234500,WestXeric,La_Nina,Winter,Dam_Present,2,15,0.13333333333333333
9234500,WestXeric,Neutral,Spring,Dam_Present,2,5,0.4
9240020,WestMnts,El_Nino,Spring,Dam_Present,1,24,0.041666666666666664
9240020,WestMnts,El_Nino,Summer,Dam_Present,2,24,0.08333333333333333
9240020,WestMnts,La_Nina,Summer,Dam_Present,3,15,0.2
9240020,WestMnts,Neutral,Spring,Dam_Present,1,5,0.2
9240020,WestMnts,Neutral,Summer,Dam_Present,1,5,0.2
9244490,WestMnts,El_Nino,Fall,Dam_Absent,2,24,0.08333333333333333
9244490,WestMnts,El_Nino,Spring,Dam_Absent,3,24,0.125
9244490,WestMnts,El_Nino,Summer,Dam_Absent,3,24,0.125
9244490,WestMnts,El_Nino,Winter,Dam_Absent,1,24,0.041666666666666664
9244490,WestMnts,La_Nina,Fall,Dam_Absent,2,15,0.13333333333333333
9244490,WestMnts,La_Nina,Spring,Dam_Absent,1,15,0.06666666666666667
9244490,WestMnts,La_Nina,Summer,Dam_Absent,2,15,0.13333333333333333
9244490,WestMnts,Neutral,Spring,Dam_Absent,2,5,0.4
9246500,WestMnts,El_Nino,Fall,Dam_Present,2,24,0.08333333333333333
9246500,WestMnts,El_Nino,Spring,Dam_Present,1,24,0.041666666666666664
9246500,WestMnts,El_Nino,Summer,Dam_Present,1,24,0.041666666666666664
9246500,WestMnts,La_Nina,Fall,Dam_Present,3,15,0.2
9246500,WestMnts,La_Nina,Spring,Dam_Present,1,15,0.06666666666666667
9246500,WestMnts,La_Nina,Summer,Dam_Present,5,15,0.3333333333333333
9246500,WestMnts,Neutral,Fall,Dam_Present,1,5,0.2
9246500,WestMnts,Neutral,Spring,Dam_Present,2,5,0.4
9257000,WestMnts,El_Nino,Fall,Dam_Absent,2,24,0.08333333333333333
9257000,WestMnts,El_Nino,Spring,Dam_Absent,6,24,0.25
9257000,WestMnts,El_Nino,Summer,Dam_Absent,1,24,0.041666666666666664
9257000,WestMnts,La_Nina,Fall,Dam_Absent,1,15,0.06666666666666667
9257000,WestMnts,La_Nina,Spring,Dam_Absent,1,15,0.06666666666666667
9257000,WestMnts,La_Nina,Summer,Dam_Absent,2,15,0.13333333333333333
9258980,WestXeric,El_Nino,Fall,Dam_Absent,4,24,0.16666666666666666
9258980,WestXeric,El_Nino,Spring,Dam_Absent,3,24,0.125
9258980,WestXeric,El_Nino,Summer,Dam_Absent,5,24,0.20833333333333334
9258980,WestXeric,El_Nino,Winter,Dam_Absent,5,24,0.20833333333333334
9258980,WestXeric,La_Nina,Fall,Dam_Absent,5,15,0.3333333333333333
9258980,WestXeric,La_Nina,Spring,Dam_Absent,2,15,0.13333333333333333
9258980,WestXeric,La_Nina,Summer,Dam_Absent,1,15,0.06666666666666667
9258980,WestXeric,La_Nina,Winter,Dam_Absent,2,15,0.13333333333333333
9258980,WestXeric,Neutral,Spring,Dam_Absent,2,5,0.4
9258980,WestXeric,Neutral,Summer,Dam_Absent,1,5,0.2
9258980,WestXeric,Neutral,Winter,Dam_Absent,1,5,0.2
9306224,WestXeric,El_Nino,Fall,Dam_Absent,3,24,0.125
9306224,WestXeric,El_Nino,Spring,Dam_Absent,1,24,0.041666666666666664
9306224,WestXeric,El_Nino,Summer,Dam_Absent,1,24,0.041666666666666664
9306224,WestXeric,La_Nina,Fall,Dam_Absent,1,15,0.06666666666666667
9306224,WestXeric,La_Nina,Spring,Dam_Absent,1,15,0.06666666666666667
9306224,WestXeric,La_Nina,Summer,Dam_Absent,1,15,0.06666666666666667
9313000,WestMnts,El_Nino,Spring,Dam_Absent,3,24,0.125
9313000,WestMnts,El_Nino,Summer,Dam_Absent,3,24,0.125
9313000,WestMnts,La_Nina,Summer,Dam_Absent,1,15,0.06666666666666667
9346400,WestMnts,El_Nino,Fall,Dam_Absent,6,24,0.25
9346400,WestMnts,El_Nino,Spring,Dam_Absent,7,24,0.2916666666666667
9346400,WestMnts,El_Nino,Summer,Dam_Absent,4,24,0.16666666666666666
9346400,WestMnts,El_Nino,Winter,Dam_Absent,4,24,0.16666666666666666
9346400,WestMnts,La_Nina,Fall,Dam_Absent,4,15,0.26666666666666666
9346400,WestMnts,La_Nina,Spring,Dam_Absent,6,15,0.4
9346400,WestMnts,La_Nina,Summer,Dam_Absent,1,15,0.06666666666666667
9346400,WestMnts,La_Nina,Winter,Dam_Absent,3,15,0.2
9346400,WestMnts,Neutral,Fall,Dam_Absent,1,5,0.2
9346400,WestMnts,Neutral,Spring,Dam_Absent,3,5,0.6
9346400,WestMnts,Neutral,Summer,Dam_Absent,1,5,0.2
9349800,WestMnts,El_Nino,Fall,Dam_Absent,4,24,0.16666666666666666
9349800,WestMnts,El_Nino,Spring,Dam_Absent,4,24,0.16666666666666666
9349800,WestMnts,El_Nino,Summer,Dam_Absent,2,24,0.08333333333333333
9349800,WestMnts,El_Nino,Winter,Dam_Absent,2,24,0.08333333333333333
9349800,WestMnts,La_Nina,Fall,Dam_Absent,2,15,0.13333333333333333
9349800,WestMnts,La_Nina,Spring,Dam_Absent,6,15,0.4
9349800,WestMnts,La_Nina,Summer,Dam_Absent,2,15,0.13333333333333333
9349800,WestMnts,La_Nina,Winter,Dam_Absent,1,15,0.06666666666666667
9349800,WestMnts,Neutral,Fall,Dam_Absent,1,5,0.2
9349800,WestMnts,Neutral,Spring,Dam_Absent,3,5,0.6
9349800,WestMnts,Neutral,Winter,Dam_Absent,1,5,0.2
9353800,WestMnts,El_Nino,Fall,Dam_Absent,6,24,0.25
9353800,WestMnts,El_Nino,Spring,Dam_Absent,2,24,0.08333333333333333
9353800,WestMnts,El_Nino,Summer,Dam_Absent,1,24,0.041666666666666664
9353800,WestMnts,La_Nina,Fall,Dam_Absent,4,15,0.26666666666666666
9353800,WestMnts,La_Nina,Spring,Dam_Absent,2,15,0.13333333333333333
9353800,WestMnts,La_Nina,Summer,Dam_Absent,6,15,0.4
9353800,WestMnts,La_Nina,Winter,Dam_Absent,1,15,0.06666666666666667
9353800,WestMnts,Neutral,Fall,Dam_Absent,2,5,0.4
9353800,WestMnts,Neutral,Spring,Dam_Absent,2,5,0.4
9353800,WestMnts,Neutral,Summer,Dam_Absent,1,5,0.2
9354500,WestMnts,El_Nino,Fall,Dam_Absent,4,24,0.16666666666666666
9354500,WestMnts,El_Nino,Spring,Dam_Absent,3,24,0.125
9354500,WestMnts,El_Nino,Summer,Dam_Absent,4,24,0.16666666666666666
9354500,WestMnts,El_Nino,Winter,Dam_Absent,1,24,0.041666666666666664
9354500,WestMnts,La_Nina,Fall,Dam_Absent,6,15,0.4
9354500,WestMnts,La_Nina,Spring,Dam_Absent,2,15,0.13333333333333333
9354500,WestMnts,La_Nina,Summer,Dam_Absent,1,15,0.06666666666666667
9354500,WestMnts,La_Nina,Winter,Dam_Absent,2,15,0.13333333333333333
9354500,WestMnts,Neutral,Fall,Dam_Absent,2,5,0.4
9354500,WestMnts,Neutral,Spring,Dam_Absent,3,5,0.6
9355500,WestMnts,El_Nino,Fall,Dam_Present,7,24,0.2916666666666667
9355500,WestMnts,El_Nino,Spring,Dam_Present,1,24,0.041666666666666664
9355500,WestMnts,El_Nino,Summer,Dam_Present,7,24,0.2916666666666667
9355500,WestMnts,El_Nino,Winter,Dam_Present,4,24,0.16666666666666666
9355500,WestMnts,La_Nina,Fall,Dam_Present,3,15,0.2
9355500,WestMnts,La_Nina,Spring,Dam_Present,5,15,0.3333333333333333
9355500,WestMnts,La_Nina,Summer,Dam_Present,7,15,0.4666666666666667
9355500,WestMnts,La_Nina,Winter,Dam_Present,1,15,0.06666666666666667
9355500,WestMnts,Neutral,Fall,Dam_Present,1,5,0.2
9355500,WestMnts,Neutral,Spring,Dam_Present,1,5,0.2
9359500,WestMnts,El_Nino,Fall,Dam_Present,2,24,0.08333333333333333
9359500,WestMnts,El_Nino,Spring,Dam_Present,3,24,0.125
9359500,WestMnts,El_Nino,Summer,Dam_Present,2,24,0.08333333333333333
9359500,WestMnts,El_Nino,Winter,Dam_Present,1,24,0.041666666666666664
9359500,WestMnts,La_Nina,Fall,Dam_Present,1,15,0.06666666666666667
9359500,WestMnts,La_Nina,Spring,Dam_Present,4,15,0.26666666666666666
9359500,WestMnts,La_Nina,Summer,Dam_Present,2,15,0.13333333333333333
9359500,WestMnts,Neutral,Spring,Dam_Present,3,5,0.6
9363500,WestMnts,El_Nino,Fall,Dam_Absent,8,24,0.3333333333333333
9363500,WestMnts,El_Nino,Spring,Dam_Absent,4,24,0.16666666666666666
9363500,WestMnts,El_Nino,Summer,Dam_Absent,5,24,0.20833333333333334
9363500,WestMnts,El_Nino,Winter,Dam_Absent,5,24,0.20833333333333334
9363500,WestMnts,La_Nina,Fall,Dam_Absent,4,15,0.26666666666666666
9363500,WestMnts,La_Nina,Spring,Dam_Absent,4,15,0.26666666666666666
9363500,WestMnts,La_Nina,Summer,Dam_Absent,2,15,0.13333333333333333
9363500,WestMnts,La_Nina,Winter,Dam_Absent,1,15,0.06666666666666667
9363500,WestMnts,Neutral,Spring,Dam_Absent,2,5,0.4
9364010,WestMnts,El_Nino,Fall,Dam_Absent,6,24,0.25
9364010,WestMnts,El_Nino,Spring,Dam_Absent,2,24,0.08333333333333333
9364010,WestMnts,El_Nino,Summer,Dam_Absent,4,24,0.16666666666666666
9364010,WestMnts,El_Nino,Winter,Dam_Absent,3,24,0.125
9364010,WestMnts,La_Nina,Fall,Dam_Absent,2,15,0.13333333333333333
9364010,WestMnts,La_Nina,Spring,Dam_Absent,4,15,0.26666666666666666
9364010,WestMnts,La_Nina,Summer,Dam_Absent,1,15,0.06666666666666667
9364010,WestMnts,La_Nina,Winter,Dam_Absent,2,15,0.13333333333333333
9364010,WestMnts,Neutral,Fall,Dam_Absent,1,5,0.2
9364010,WestMnts,Neutral,Spring,Dam_Absent,3,5,0.6
9364500,WestMnts,El_Nino,Fall,Dam_Present,4,24,0.16666666666666666
9364500,WestMnts,El_Nino,Spring,Dam_Present,2,24,0.08333333333333333
9364500,WestMnts,El_Nino,Summer,Dam_Present,7,24,0.2916666666666667
9364500,WestMnts,El_Nino,Winter,Dam_Present,5,24,0.20833333333333334
9364500,WestMnts,La_Nina,Fall,Dam_Present,6,15,0.4
9364500,WestMnts,La_Nina,Spring,Dam_Present,4,15,0.26666666666666666
9364500,WestMnts,La_Nina,Summer,Dam_Present,4,15,0.26666666666666666
9364500,WestMnts,La_Nina,Winter,Dam_Present,2,15,0.13333333333333333
9364500,WestMnts,Neutral,Spring,Dam_Present,2,5,0.4
9364500,WestMnts,Neutral,Winter,Dam_Present,1,5,0.2
9365000,WestMnts,El_Nino,Fall,Dam_Present,9,24,0.375
9365000,WestMnts,El_Nino,Spring,Dam_Present,4,24,0.16666666666666666
9365000,WestMnts,El_Nino,Summer,Dam_Present,6,24,0.25
9365000,WestMnts,El_Nino,Winter,Dam_Present,2,24,0.08333333333333333
9365000,WestMnts,La_Nina,Fall,Dam_Present,3,15,0.2
9365000,WestMnts,La_Nina,Spring,Dam_Present,5,15,0.3333333333333333
9365000,WestMnts,La_Nina,Summer,Dam_Present,3,15,0.2
9365000,WestMnts,La_Nina,Winter,Dam_Present,3,15,0.2
9365000,WestMnts,Neutral,Fall,Dam_Present,1,5,0.2
9365000,WestMnts,Neutral,Spring,Dam_Present,1,5,0.2
9365000,WestMnts,Neutral,Winter,Dam_Present,1,5,0.2
9367000,WestXeric,El_Nino,Fall,Dam_Absent,3,24,0.125
9367000,WestXeric,El_Nino,Spring,Dam_Absent,3,24,0.125
9367000,WestXeric,El_Nino,Summer,Dam_Absent,5,24,0.20833333333333334
9367000,WestXeric,El_Nino,Winter,Dam_Absent,1,24,0.041666666666666664
9367000,WestXeric,La_Nina,Fall,Dam_Absent,4,15,0.26666666666666666
9367000,WestXeric,La_Nina,Spring,Dam_Absent,1,15,0.06666666666666667
9367000,WestXeric,La_Nina,Summer,Dam_Absent,2,15,0.13333333333333333
9367000,WestXeric,Neutral,Fall,Dam_Absent,1,5,0.2
9367000,WestXeric,Neutral,Spring,Dam_Absent,1,5,0.2
9367000,WestXeric,Neutral,Summer,Dam_Absent,4,5,0.8
9367500,WestXeric,El_Nino,Fall,Dam_Absent,4,24,0.16666666666666666
9367500,WestXeric,El_Nino,Spring,Dam_Absent,4,24,0.16666666666666666
9367500,WestXeric,El_Nino,Summer,Dam_Absent,6,24,0.25
9367500,WestXeric,El_Nino,Winter,Dam_Absent,1,24,0.041666666666666664
9367500,WestXeric,La_Nina,Fall,Dam_Absent,6,15,0.4
9367500,WestXeric,La_Nina,Spring,Dam_Absent,3,15,0.2
9367500,WestXeric,La_Nina,Summer,Dam_Absent,5,15,0.3333333333333333
9367500,WestXeric,Neutral,Spring,Dam_Absent,2,5,0.4
9367500,WestXeric,Neutral,Summer,Dam_Absent,1,5,0.2
9368000,WestXeric,El_Nino,Fall,Dam_Absent,7,24,0.2916666666666667
9368000,WestXeric,El_Nino,Spring,Dam_Absent,4,24,0.16666666666666666
9368000,WestXeric,El_Nino,Summer,Dam_Absent,6,24,0.25
9368000,WestXeric,El_Nino,Winter,Dam_Absent,1,24,0.041666666666666664
9368000,WestXeric,La_Nina,Fall,Dam_Absent,5,15,0.3333333333333333
9368000,WestXeric,La_Nina,Spring,Dam_Absent,5,15,0.3333333333333333
9368000,WestXeric,La_Nina,Summer,Dam_Absent,4,15,0.26666666666666666
9368000,WestXeric,La_Nina,Winter,Dam_Absent,3,15,0.2
9368000,WestXeric,Neutral,Fall,Dam_Absent,1,5,0.2
9368000,WestXeric,Neutral,Spring,Dam_Absent,1,5,0.2
9368000,WestXeric,Neutral,Summer,Dam_Absent,1,5,0.2
9370600,WestMnts,El_Nino,Fall,Dam_Absent,2,24,0.08333333333333333
9370600,WestMnts,El_Nino,Spring,Dam_Absent,3,24,0.125
9370600,WestMnts,El_Nino,Winter,Dam_Absent,1,24,0.041666666666666664
9370600,WestMnts,Neutral,Spring,Dam_Absent,1,5,0.2
9370600,WestMnts,Neutral,Summer,Dam_Absent,3,5,0.6
9371000,WestXeric,El_Nino,Fall,Dam_Absent,4,24,0.16666666666666666
9371000,WestXeric,El_Nino,Spring,Dam_Absent,2,24,0.08333333333333333
9371000,WestXeric,El_Nino,Summer,Dam_Absent,1,24,0.041666666666666664
9371000,WestXeric,El_Nino,Winter,Dam_Absent,3,24,0.125
9371000,WestXeric,La_Nina,Fall,Dam_Absent,7,15,0.4666666666666667
9371000,WestXeric,La_Nina,Winter,Dam_Absent,2,15,0.13333333333333333
9371000,WestXeric,Neutral,Spring,Dam_Absent,1,5,0.2
9371000,WestXeric,Neutral,Winter,Dam_Absent,2,5,0.4
9371010,WestXeric,El_Nino,Fall,Dam_Absent,9,24,0.375
9371010,WestXeric,El_Nino,Spring,Dam_Absent,4,24,0.16666666666666666
9371010,WestXeric,El_Nino,Summer,Dam_Absent,3,24,0.125
9371010,WestXeric,El_Nino,Winter,Dam_Absent,1,24,0.041666666666666664
9371010,WestXeric,La_Nina,Fall,Dam_Absent,6,15,0.4
9371010,WestXeric,La_Nina,Spring,Dam_Absent,4,15,0.26666666666666666
9371010,WestXeric,La_Nina,Summer,Dam_Absent,3,15,0.2
9371010,WestXeric,La_Nina,Winter,Dam_Absent,2,15,0.13333333333333333
9371010,WestXeric,Neutral,Fall,Dam_Absent,1,5,0.2
9371010,WestXeric,Neutral,Spring,Dam_Absent,2,5,0.4
9371010,WestXeric,Neutral,Summer,Dam_Absent,1,5,0.2
9371010,WestXeric,Neutral,Winter,Dam_Absent,1,5,0.2
9371520,WestXeric,El_Nino,Fall,Dam_Absent,6,24,0.25
9371520,WestXeric,El_Nino,Spring,Dam_Absent,10,24,0.4166666666666667
9371520,WestXeric,El_Nino,Summer,Dam_Absent,5,24,0.20833333333333334
9371520,WestXeric,El_Nino,Winter,Dam_Absent,3,24,0.125
9371520,WestXeric,La_Nina,Fall,Dam_Absent,4,15,0.26666666666666666
9371520,WestXeric,La_Nina,Spring,Dam_Absent,2,15,0.13333333333333333
9371520,WestXeric,La_Nina,Summer,Dam_Absent,7,15,0.4666666666666667
9371520,WestXeric,La_Nina,Winter,Dam_Absent,4,15,0.26666666666666666
9371520,WestXeric,Neutral,Fall,Dam_Absent,1,5,0.2
9371520,WestXeric,Neutral,Spring,Dam_Absent,2,5,0.4
9372000,WestXeric,El_Nino,Fall,Dam_Absent,3,24,0.125
9372000,WestXeric,El_Nino,Spring,Dam_Absent,9,24,0.375
9372000,WestXeric,El_Nino,Summer,Dam_Absent,2,24,0.08333333333333333
9372000,WestXeric,El_Nino,Winter,Dam_Absent,1,24,0.041666666666666664
9372000,WestXeric,La_Nina,Fall,Dam_Absent,4,15,0.26666666666666666
9372000,WestXeric,La_Nina,Spring,Dam_Absent,4,15,0.26666666666666666
9372000,WestXeric,La_Nina,Summer,Dam_Absent,9,15,0.6
9372000,WestXeric,La_Nina,Winter,Dam_Absent,4,15,0.26666666666666666
9372000,WestXeric,Neutral,Fall,Dam_Absent,1,5,0.2
9372000,WestXeric,Neutral,Spring,Dam_Absent,1,5,0.2
9418500,WestXeric,El_Nino,Fall,Dam_Absent,5,24,0.20833333333333334
9418500,WestXeric,El_Nino,Spring,Dam_Absent,3,24,0.125
9418500,WestXeric,El_Nino,Summer,Dam_Absent,4,24,0.16666666666666666
9418500,WestXeric,El_Nino,Winter,Dam_Absent,5,24,0.20833333333333334
9418500,WestXeric,La_Nina,Fall,Dam_Absent,4,15,0.26666666666666666
9418500,WestXeric,La_Nina,Spring,Dam_Absent,5,15,0.3333333333333333
9418500,WestXeric,La_Nina,Summer,Dam_Absent,6,15,0.4
9418500,WestXeric,La_Nina,Winter,Dam_Absent,4,15,0.26666666666666666
9430500,WestMnts,El_Nino,Fall,Dam_Absent,6,24,0.25
9430500,WestMnts,El_Nino,Summer,Dam_Absent,14,24,0.5833333333333334
9430500,WestMnts,El_Nino,Winter,Dam_Absent,1,24,0.041666666666666664
9430500,WestMnts,La_Nina,Fall,Dam_Absent,4,15,0.26666666666666666
9430500,WestMnts,La_Nina,Summer,Dam_Absent,4,15,0.26666666666666666
9430500,WestMnts,La_Nina,Winter,Dam_Absent,5,15,0.3333333333333333
9430500,WestMnts,Neutral,Fall,Dam_Absent,1,5,0.2
