,accuracy,auc
rf,0.570965940815187,0.40692379323255645
gb,0.5725851479620324,0.40380485465979943
lr,0.5661641541038526,0.41046960093600326
svm,0.5672808486878839,0.408651951362994
ensemble,0.5764377442769403,0.3979274061229904
